rank,n,net,pf,dd,mar,win,evr,ryr,tpy,sh,so,avl,folds8,secs,params
1,833,257557,2.553,17583,14.65,9.8,1.4,77.4,55.3,0.68,6.27,221,7,40,"{'er_len': 30, 'er_th': 0.5, 'limit_atr': 0.35, 'tl_len': 198, 'vol_mult': 0.4, 'stop_mult': 0.4, 'act_R': 1.0, 'trail_frac': 4.0, 'buf_atr': 0.85, 'min_brk': 0.3, 'ema_len': 1300, 'atr_len': 136, 'regime_len': 85, 'breakeven_R': 1.0}"
2,1741,196556,1.685,31014,6.34,7.9,0.631,72.9,115.6,0.55,3.55,179,5,18,"{'er_len': 40, 'er_th': 0.25, 'limit_atr': 0.55, 'tl_len': 274, 'vol_mult': 2.2, 'stop_mult': 0.5, 'act_R': 0.5, 'trail_frac': 3.5, 'buf_atr': 0.75, 'min_brk': 2.2, 'ema_len': 540, 'atr_len': 92, 'regime_len': 70, 'breakeven_R': 0.5}"
3,3831,254992,1.359,32884,7.75,21.4,0.282,71.8,254.3,0.83,3.25,236,7,29,"{'er_len': 60, 'er_th': 0.15, 'limit_atr': 0.55, 'tl_len': 174, 'vol_mult': 1.0, 'stop_mult': 0.4, 'act_R': 1.0, 'trail_frac': 1.5, 'buf_atr': 0.8, 'min_brk': 1.8, 'ema_len': 940, 'atr_len': 124, 'regime_len': 15, 'breakeven_R': 1.5}"
4,1081,115972,2.054,23364,4.96,7.2,0.978,70.2,71.8,0.32,4.58,110,6,38,"{'er_len': 60, 'er_th': 0.2, 'limit_atr': 0.85, 'tl_len': 58, 'vol_mult': 1.1, 'stop_mult': 0.4, 'act_R': 3.0, 'trail_frac': 4.0, 'buf_atr': 0.15, 'min_brk': 0.2, 'ema_len': 700, 'atr_len': 156, 'regime_len': 50, 'breakeven_R': 2.5}"
5,2037,273400,1.503,48135,5.68,13.2,0.437,59.1,135.2,0.6,3.04,307,6,28,"{'er_len': 20, 'er_th': 0.0, 'limit_atr': 0.7, 'tl_len': 282, 'vol_mult': 0.9, 'stop_mult': 0.6, 'act_R': 1.5, 'trail_frac': 3.5, 'buf_atr': 0.05, 'min_brk': 2.4, 'ema_len': 380, 'atr_len': 80, 'regime_len': 65, 'breakeven_R': 1.0}"
6,1903,248128,1.513,35651,6.96,12.9,0.447,56.5,126.3,0.53,3.09,292,6,19,"{'er_len': 20, 'er_th': 0.25, 'limit_atr': 0.65, 'tl_len': 286, 'vol_mult': 1.0, 'stop_mult': 0.5, 'act_R': 0.0, 'trail_frac': 3.5, 'buf_atr': 0.8, 'min_brk': 1.2, 'ema_len': 1460, 'atr_len': 136, 'regime_len': 60, 'breakeven_R': 1.5}"
7,1862,231724,1.486,38152,6.07,9.6,0.439,54.3,123.6,0.47,3.3,283,5,17,"{'er_len': 90, 'er_th': 0.05, 'limit_atr': 0.05, 'tl_len': 266, 'vol_mult': 2.2, 'stop_mult': 0.4, 'act_R': 0.5, 'trail_frac': 4.0, 'buf_atr': 0.55, 'min_brk': 0.6, 'ema_len': 460, 'atr_len': 84, 'regime_len': 25, 'breakeven_R': 0.0}"
8,1763,294757,1.533,34214,8.62,19.1,0.431,50.5,117.0,0.78,2.89,388,7,31,"{'er_len': 60, 'er_th': 0.15, 'limit_atr': 0.9, 'tl_len': 134, 'vol_mult': 1.6, 'stop_mult': 0.9, 'act_R': 3.0, 'trail_frac': 3.5, 'buf_atr': 0.8, 'min_brk': 1.4, 'ema_len': 1460, 'atr_len': 52, 'regime_len': 10, 'breakeven_R': 1.5}"
9,1274,187118,1.681,26508,7.06,13.0,0.593,50.1,84.6,0.59,3.77,248,6,33,"{'er_len': 30, 'er_th': 0.2, 'limit_atr': 0.4, 'tl_len': 250, 'vol_mult': 3.5, 'stop_mult': 0.5, 'act_R': 1.0, 'trail_frac': 4.0, 'buf_atr': 0.7, 'min_brk': 0.9, 'ema_len': 1380, 'atr_len': 48, 'regime_len': 90, 'breakeven_R': 0.0}"
10,4256,111393,1.193,29585,3.77,16.6,0.161,45.5,282.5,0.48,1.94,163,5,17,"{'er_len': 50, 'er_th': 0.15, 'limit_atr': 0.55, 'tl_len': 178, 'vol_mult': 1.9, 'stop_mult': 0.3, 'act_R': 1.5, 'trail_frac': 1.5, 'buf_atr': 0.65, 'min_brk': 1.4, 'ema_len': 460, 'atr_len': 80, 'regime_len': 30, 'breakeven_R': 3.0}"
11,1083,76626,1.627,36491,2.1,5.1,0.595,42.8,71.9,0.33,2.86,119,6,18,"{'er_len': 80, 'er_th': 0.15, 'limit_atr': 0.35, 'tl_len': 206, 'vol_mult': 3.5, 'stop_mult': 0.3, 'act_R': 0.0, 'trail_frac': 4.0, 'buf_atr': 0.75, 'min_brk': 1.8, 'ema_len': 1220, 'atr_len': 20, 'regime_len': 35, 'breakeven_R': 0.5}"
12,3507,120139,1.195,51868,2.32,12.4,0.17,39.7,232.8,0.43,1.31,201,5,23,"{'er_len': 60, 'er_th': 0.15, 'limit_atr': 0.25, 'tl_len': 262, 'vol_mult': 0.1, 'stop_mult': 0.5, 'act_R': 1.0, 'trail_frac': 2.0, 'buf_atr': 1.0, 'min_brk': 0.3, 'ema_len': 1580, 'atr_len': 108, 'regime_len': 30, 'breakeven_R': 0.5}"
13,3973,65257,1.157,46583,1.4,6.0,0.148,39.0,263.7,0.23,1.4,111,4,16,"{'er_len': 30, 'er_th': 0.15, 'limit_atr': 0.55, 'tl_len': 198, 'vol_mult': 2.9, 'stop_mult': 0.3, 'act_R': 0.5, 'trail_frac': 3.5, 'buf_atr': 0.05, 'min_brk': 1.7, 'ema_len': 860, 'atr_len': 148, 'regime_len': 0, 'breakeven_R': 0.5}"
14,1733,185066,1.416,25564,7.24,19.8,0.333,38.3,115.0,0.47,2.61,320,4,18,"{'er_len': 120, 'er_th': 0.0, 'limit_atr': 0.1, 'tl_len': 282, 'vol_mult': 3.3, 'stop_mult': 0.6, 'act_R': 1.0, 'trail_frac': 2.5, 'buf_atr': 0.6, 'min_brk': 2.9, 'ema_len': 540, 'atr_len': 64, 'regime_len': 60, 'breakeven_R': 3.0}"
15,2655,311373,1.278,50630,6.15,24.9,0.209,36.8,176.3,0.6,1.67,561,8,28,"{'er_len': 60, 'er_th': 0.0, 'limit_atr': 0.0, 'tl_len': 170, 'vol_mult': 0.8, 'stop_mult': 1.0, 'act_R': 2.5, 'trail_frac': 2.5, 'buf_atr': 0.9, 'min_brk': 1.3, 'ema_len': 1380, 'atr_len': 106, 'regime_len': 0, 'breakeven_R': 1.5}"
16,2215,100169,1.28,22822,4.39,11.7,0.247,36.3,147.0,0.38,1.91,183,6,37,"{'er_len': 20, 'er_th': 0.15, 'limit_atr': 0.15, 'tl_len': 170, 'vol_mult': 3.8, 'stop_mult': 0.5, 'act_R': 0.5, 'trail_frac': 3.5, 'buf_atr': 0.5, 'min_brk': 0.9, 'ema_len': 180, 'atr_len': 52, 'regime_len': 15, 'breakeven_R': 1.5}"
17,1667,68633,1.35,32246,2.13,9.5,0.317,35.0,110.7,0.29,2.23,130,4,18,"{'er_len': 100, 'er_th': 0.05, 'limit_atr': 0.3, 'tl_len': 82, 'vol_mult': 4.0, 'stop_mult': 0.4, 'act_R': 0.5, 'trail_frac': 4.0, 'buf_atr': 0.8, 'min_brk': 1.3, 'ema_len': 620, 'atr_len': 52, 'regime_len': 15, 'breakeven_R': 0.0}"
18,2465,160380,1.273,33190,4.83,26.0,0.202,33.0,163.6,0.6,1.89,322,6,27,"{'er_len': 80, 'er_th': 0.0, 'limit_atr': 0.75, 'tl_len': 146, 'vol_mult': 2.8, 'stop_mult': 0.9, 'act_R': 0.0, 'trail_frac': 2.5, 'buf_atr': 0.4, 'min_brk': 2.3, 'ema_len': 1420, 'atr_len': 176, 'regime_len': 20, 'breakeven_R': 2.5}"
19,1505,222280,1.392,40669,5.47,19.5,0.315,31.5,99.9,0.66,1.8,468,8,17,"{'er_len': 30, 'er_th': 0.3, 'limit_atr': 0.95, 'tl_len': 118, 'vol_mult': 1.6, 'stop_mult': 1.4, 'act_R': 2.5, 'trail_frac': 4.0, 'buf_atr': 0.65, 'min_brk': 1.8, 'ema_len': 180, 'atr_len': 140, 'regime_len': 55, 'breakeven_R': 1.5}"
20,1334,310050,1.459,55676,5.57,30.6,0.318,28.2,88.6,0.68,2.28,730,7,29,"{'er_len': 30, 'er_th': 0.0, 'limit_atr': 0.85, 'tl_len': 242, 'vol_mult': 1.1, 'stop_mult': 1.0, 'act_R': 0.0, 'trail_frac': 2.5, 'buf_atr': 0.0, 'min_brk': 3.0, 'ema_len': 380, 'atr_len': 32, 'regime_len': 50, 'breakeven_R': 2.5}"
21,1530,131295,1.314,26204,5.01,18.8,0.255,25.9,101.6,0.53,1.71,337,6,22,"{'er_len': 90, 'er_th': 0.15, 'limit_atr': 0.75, 'tl_len': 162, 'vol_mult': 0.2, 'stop_mult': 0.6, 'act_R': 1.0, 'trail_frac': 2.5, 'buf_atr': 0.3, 'min_brk': 1.7, 'ema_len': 1300, 'atr_len': 140, 'regime_len': 65, 'breakeven_R': 1.5}"
22,4880,81247,1.101,50005,1.62,22.0,0.079,25.6,324.0,0.27,0.51,210,3,36,"{'er_len': 80, 'er_th': 0.0, 'limit_atr': 0.7, 'tl_len': 138, 'vol_mult': 0.0, 'stop_mult': 1.8, 'act_R': 1.0, 'trail_frac': 1.5, 'buf_atr': 0.95, 'min_brk': 3.0, 'ema_len': 940, 'atr_len': 176, 'regime_len': 100, 'breakeven_R': 0.5}"
23,1508,95320,1.301,47419,2.01,15.5,0.255,25.5,100.1,0.35,1.34,248,5,24,"{'er_len': 100, 'er_th': 0.0, 'limit_atr': 0.2, 'tl_len': 162, 'vol_mult': 4.6, 'stop_mult': 1.2, 'act_R': 1.0, 'trail_frac': 3.5, 'buf_atr': 0.65, 'min_brk': 0.0, 'ema_len': 300, 'atr_len': 156, 'regime_len': 45, 'breakeven_R': 1.0}"
24,166,78538,3.572,7411,10.6,13.9,2.216,24.4,11.0,0.38,3.47,214,6,27,"{'er_len': 100, 'er_th': 0.15, 'limit_atr': 0.9, 'tl_len': 102, 'vol_mult': 3.4, 'stop_mult': 0.7, 'act_R': 2.5, 'trail_frac': 4.0, 'buf_atr': 1.0, 'min_brk': 0.7, 'ema_len': 260, 'atr_len': 112, 'regime_len': 95, 'breakeven_R': 0.5}"
25,1973,178935,1.304,42698,4.19,39.0,0.186,24.3,131.0,0.59,1.38,489,6,26,"{'er_len': 30, 'er_th': 0.05, 'limit_atr': 0.65, 'tl_len': 294, 'vol_mult': 2.9, 'stop_mult': 1.7, 'act_R': 0.5, 'trail_frac': 1.5, 'buf_atr': 0.2, 'min_brk': 0.2, 'ema_len': 1500, 'atr_len': 164, 'regime_len': 35, 'breakeven_R': 0.0}"
26,1371,137432,1.3,45348,3.03,14.8,0.255,23.2,91.0,0.47,1.58,393,6,28,"{'er_len': 50, 'er_th': 0.05, 'limit_atr': 0.95, 'tl_len': 282, 'vol_mult': 2.4, 'stop_mult': 0.8, 'act_R': 0.5, 'trail_frac': 4.0, 'buf_atr': 0.4, 'min_brk': 0.7, 'ema_len': 860, 'atr_len': 136, 'regime_len': 95, 'breakeven_R': 2.0}"
27,2809,119463,1.167,63077,1.89,26.1,0.123,23.0,186.5,0.44,1.21,345,5,35,"{'er_len': 20, 'er_th': 0.35, 'limit_atr': 0.35, 'tl_len': 250, 'vol_mult': 1.6, 'stop_mult': 0.6, 'act_R': 0.0, 'trail_frac': 1.5, 'buf_atr': 0.35, 'min_brk': 0.9, 'ema_len': 1500, 'atr_len': 164, 'regime_len': 65, 'breakeven_R': 2.0}"
28,1579,175986,1.297,47063,3.74,26.9,0.217,22.8,104.8,0.49,1.6,513,8,18,"{'er_len': 50, 'er_th': 0.15, 'limit_atr': 0.05, 'tl_len': 130, 'vol_mult': 2.8, 'stop_mult': 1.1, 'act_R': 0.0, 'trail_frac': 3.0, 'buf_atr': 0.0, 'min_brk': 2.4, 'ema_len': 1020, 'atr_len': 28, 'regime_len': 10, 'breakeven_R': 3.0}"
29,4509,92838,1.091,51025,1.82,20.6,0.072,21.6,299.3,0.33,0.62,285,4,19,"{'er_len': 40, 'er_th': 0.1, 'limit_atr': 0.8, 'tl_len': 110, 'vol_mult': 0.7, 'stop_mult': 1.4, 'act_R': 3.0, 'trail_frac': 0.5, 'buf_atr': 0.7, 'min_brk': 1.6, 'ema_len': 820, 'atr_len': 120, 'regime_len': 95, 'breakeven_R': 1.0}"
30,1513,49243,1.253,12838,3.84,15.4,0.214,21.5,100.4,0.35,1.05,152,5,28,"{'er_len': 20, 'er_th': 0.45, 'limit_atr': 0.85, 'tl_len': 86, 'vol_mult': 2.7, 'stop_mult': 0.9, 'act_R': 1.0, 'trail_frac': 2.0, 'buf_atr': 0.95, 'min_brk': 0.7, 'ema_len': 620, 'atr_len': 176, 'regime_len': 25, 'breakeven_R': 0.5}"
31,941,106651,1.447,25006,4.27,25.9,0.331,20.7,62.5,0.29,1.82,342,3,17,"{'er_len': 90, 'er_th': 0.15, 'limit_atr': 0.85, 'tl_len': 54, 'vol_mult': 2.7, 'stop_mult': 1.3, 'act_R': 0.5, 'trail_frac': 3.0, 'buf_atr': 0.45, 'min_brk': 0.6, 'ema_len': 380, 'atr_len': 88, 'regime_len': 15, 'breakeven_R': 0.0}"
32,2624,122809,1.182,30530,4.02,38.4,0.112,19.5,174.2,0.48,1.01,418,4,15,"{'er_len': 60, 'er_th': 0.0, 'limit_atr': 0.75, 'tl_len': 210, 'vol_mult': 2.4, 'stop_mult': 1.9, 'act_R': 0.5, 'trail_frac': 1.5, 'buf_atr': 0.9, 'min_brk': 1.0, 'ema_len': 1020, 'atr_len': 80, 'regime_len': 85, 'breakeven_R': 0.0}"
33,1318,201442,1.271,47389,4.25,23.1,0.208,18.2,87.5,0.5,1.33,735,6,25,"{'er_len': 30, 'er_th': 0.15, 'limit_atr': 0.05, 'tl_len': 142, 'vol_mult': 0.8, 'stop_mult': 1.2, 'act_R': 0.0, 'trail_frac': 4.0, 'buf_atr': 0.75, 'min_brk': 1.5, 'ema_len': 260, 'atr_len': 28, 'regime_len': 25, 'breakeven_R': 3.0}"
34,702,102116,1.48,28217,3.62,20.7,0.381,17.7,46.6,0.51,1.4,382,7,21,"{'er_len': 50, 'er_th': 0.4, 'limit_atr': 0.1, 'tl_len': 230, 'vol_mult': 1.1, 'stop_mult': 0.7, 'act_R': 1.5, 'trail_frac': 1.5, 'buf_atr': 0.35, 'min_brk': 0.0, 'ema_len': 700, 'atr_len': 168, 'regime_len': 25, 'breakeven_R': 0.5}"
35,507,93199,1.619,19032,4.9,16.0,0.52,17.5,33.7,0.5,2.12,353,6,37,"{'er_len': 30, 'er_th': 0.35, 'limit_atr': 0.15, 'tl_len': 218, 'vol_mult': 4.7, 'stop_mult': 0.7, 'act_R': 1.0, 'trail_frac': 4.0, 'buf_atr': 0.5, 'min_brk': 2.2, 'ema_len': 1420, 'atr_len': 156, 'regime_len': 60, 'breakeven_R': 3.0}"
36,2245,113868,1.17,50178,2.27,33.0,0.114,17.0,149.0,0.47,1.07,445,4,24,"{'er_len': 80, 'er_th': 0.1, 'limit_atr': 0.85, 'tl_len': 190, 'vol_mult': 2.9, 'stop_mult': 0.9, 'act_R': 2.0, 'trail_frac': 1.0, 'buf_atr': 0.85, 'min_brk': 0.7, 'ema_len': 1380, 'atr_len': 28, 'regime_len': 5, 'breakeven_R': 0.0}"
37,1373,163174,1.259,42368,3.85,30.2,0.181,16.5,91.1,0.45,1.26,658,7,25,"{'er_len': 20, 'er_th': 0.05, 'limit_atr': 0.15, 'tl_len': 142, 'vol_mult': 2.9, 'stop_mult': 1.6, 'act_R': 2.0, 'trail_frac': 4.0, 'buf_atr': 0.6, 'min_brk': 0.7, 'ema_len': 1140, 'atr_len': 56, 'regime_len': 45, 'breakeven_R': 0.0}"
38,1183,346920,1.354,73792,4.7,40.9,0.209,16.4,78.5,0.77,1.6,1401,7,26,"{'er_len': 80, 'er_th': 0.1, 'limit_atr': 0.35, 'tl_len': 282, 'vol_mult': 1.5, 'stop_mult': 1.8, 'act_R': 3.0, 'trail_frac': 1.0, 'buf_atr': 1.0, 'min_brk': 1.8, 'ema_len': 300, 'atr_len': 176, 'regime_len': 65, 'breakeven_R': 3.0}"
39,2909,141273,1.147,56110,2.52,42.8,0.084,16.2,193.1,0.42,0.75,578,6,29,"{'er_len': 30, 'er_th': 0.25, 'limit_atr': 0.3, 'tl_len': 274, 'vol_mult': 1.3, 'stop_mult': 1.5, 'act_R': 0.5, 'trail_frac': 1.0, 'buf_atr': 0.75, 'min_brk': 0.1, 'ema_len': 660, 'atr_len': 32, 'regime_len': 50, 'breakeven_R': 1.5}"
40,1001,139811,1.32,63343,2.21,25.2,0.239,15.9,66.5,0.44,1.18,583,6,31,"{'er_len': 20, 'er_th': 0.5, 'limit_atr': 1.0, 'tl_len': 94, 'vol_mult': 1.6, 'stop_mult': 1.9, 'act_R': 2.5, 'trail_frac': 4.0, 'buf_atr': 0.0, 'min_brk': 0.9, 'ema_len': 1300, 'atr_len': 48, 'regime_len': 75, 'breakeven_R': 2.0}"
41,6,7988,58.527,123,64.84,33.3,38.351,15.3,0.4,0.39,21.48,35,0,21,"{'er_len': 80, 'er_th': 0.5, 'limit_atr': 0.4, 'tl_len': 174, 'vol_mult': 1.5, 'stop_mult': 1.6, 'act_R': 1.0, 'trail_frac': 4.0, 'buf_atr': 0.0, 'min_brk': 3.0, 'ema_len': 1620, 'atr_len': 84, 'regime_len': 20, 'breakeven_R': 1.5}"
42,403,159962,1.672,40276,3.97,18.6,0.547,14.6,26.8,0.48,1.73,725,6,35,"{'er_len': 50, 'er_th': 0.4, 'limit_atr': 0.8, 'tl_len': 182, 'vol_mult': 0.8, 'stop_mult': 1.0, 'act_R': 3.0, 'trail_frac': 4.0, 'buf_atr': 0.25, 'min_brk': 1.6, 'ema_len': 420, 'atr_len': 164, 'regime_len': 15, 'breakeven_R': 1.5}"
43,1487,46548,1.172,33789,1.38,14.1,0.147,14.6,98.7,0.32,1.11,212,5,18,"{'er_len': 40, 'er_th': 0.35, 'limit_atr': 1.0, 'tl_len': 234, 'vol_mult': 1.8, 'stop_mult': 0.3, 'act_R': 1.0, 'trail_frac': 2.0, 'buf_atr': 0.7, 'min_brk': 1.3, 'ema_len': 500, 'atr_len': 144, 'regime_len': 100, 'breakeven_R': 2.5}"
44,568,176493,1.554,36336,4.86,31.9,0.377,14.2,37.7,0.65,1.27,823,7,30,"{'er_len': 40, 'er_th': 0.45, 'limit_atr': 0.35, 'tl_len': 246, 'vol_mult': 1.7, 'stop_mult': 1.9, 'act_R': 2.5, 'trail_frac': 1.5, 'buf_atr': 0.3, 'min_brk': 1.0, 'ema_len': 300, 'atr_len': 44, 'regime_len': 10, 'breakeven_R': 1.0}"
45,8,67392,43.475,883,76.31,37.5,26.547,14.1,0.5,0.38,15.77,317,3,23,"{'er_len': 100, 'er_th': 0.35, 'limit_atr': 0.8, 'tl_len': 130, 'vol_mult': 1.0, 'stop_mult': 0.5, 'act_R': 0.5, 'trail_frac': 3.0, 'buf_atr': 0.65, 'min_brk': 2.3, 'ema_len': 900, 'atr_len': 64, 'regime_len': 55, 'breakeven_R': 0.5}"
46,246,117085,2.172,13826,8.47,26.4,0.863,14.1,16.3,0.59,1.91,552,7,18,"{'er_len': 40, 'er_th': 0.4, 'limit_atr': 0.9, 'tl_len': 106, 'vol_mult': 3.9, 'stop_mult': 1.9, 'act_R': 3.0, 'trail_frac': 2.5, 'buf_atr': 0.65, 'min_brk': 2.6, 'ema_len': 220, 'atr_len': 40, 'regime_len': 5, 'breakeven_R': 1.0}"
47,379,161880,1.77,23983,6.75,28.0,0.555,14.0,25.2,0.42,2.05,770,8,29,"{'er_len': 50, 'er_th': 0.3, 'limit_atr': 0.3, 'tl_len': 262, 'vol_mult': 4.7, 'stop_mult': 1.3, 'act_R': 3.0, 'trail_frac': 3.5, 'buf_atr': 0.1, 'min_brk': 1.1, 'ema_len': 180, 'atr_len': 64, 'regime_len': 10, 'breakeven_R': 3.0}"
48,1813,96010,1.145,50399,1.9,22.9,0.112,13.4,120.4,0.36,0.74,475,7,29,"{'er_len': 100, 'er_th': 0.1, 'limit_atr': 0.15, 'tl_len': 298, 'vol_mult': 2.5, 'stop_mult': 1.2, 'act_R': 2.5, 'trail_frac': 0.5, 'buf_atr': 0.8, 'min_brk': 0.2, 'ema_len': 500, 'atr_len': 136, 'regime_len': 20, 'breakeven_R': 1.0}"
49,2747,28692,1.087,20783,1.38,18.9,0.071,12.9,182.4,0.2,0.41,147,5,40,"{'er_len': 30, 'er_th': 0.2, 'limit_atr': 0.35, 'tl_len': 82, 'vol_mult': 2.9, 'stop_mult': 1.8, 'act_R': 0.0, 'trail_frac': 2.0, 'buf_atr': 0.95, 'min_brk': 1.1, 'ema_len': 780, 'atr_len': 24, 'regime_len': 75, 'breakeven_R': 0.5}"
50,85,65342,3.706,5146,12.7,15.3,2.292,12.9,5.6,0.48,4.47,335,5,42,"{'er_len': 80, 'er_th': 0.35, 'limit_atr': 0.4, 'tl_len': 154, 'vol_mult': 1.6, 'stop_mult': 0.3, 'act_R': 3.0, 'trail_frac': 1.5, 'buf_atr': 0.15, 'min_brk': 1.6, 'ema_len': 1260, 'atr_len': 156, 'regime_len': 5, 'breakeven_R': 3.0}"
51,2876,68781,1.098,35943,1.91,34.8,0.064,12.2,190.9,0.31,0.62,373,5,17,"{'er_len': 20, 'er_th': 0.25, 'limit_atr': 0.9, 'tl_len': 118, 'vol_mult': 2.9, 'stop_mult': 1.3, 'act_R': 1.5, 'trail_frac': 2.0, 'buf_atr': 0.25, 'min_brk': 0.9, 'ema_len': 100, 'atr_len': 148, 'regime_len': 90, 'breakeven_R': 1.5}"
52,947,88672,1.245,59177,1.5,22.6,0.19,11.9,62.9,0.29,1.02,494,4,17,"{'er_len': 30, 'er_th': 0.05, 'limit_atr': 0.25, 'tl_len': 178, 'vol_mult': 4.8, 'stop_mult': 1.4, 'act_R': 3.0, 'trail_frac': 4.0, 'buf_atr': 0.95, 'min_brk': 1.8, 'ema_len': 1620, 'atr_len': 40, 'regime_len': 80, 'breakeven_R': 3.0}"
53,1064,154783,1.253,52665,2.94,35.0,0.165,11.6,70.6,0.49,1.02,884,7,30,"{'er_len': 40, 'er_th': 0.35, 'limit_atr': 0.6, 'tl_len': 234, 'vol_mult': 1.2, 'stop_mult': 1.2, 'act_R': 2.0, 'trail_frac': 2.0, 'buf_atr': 0.45, 'min_brk': 2.8, 'ema_len': 860, 'atr_len': 84, 'regime_len': 15, 'breakeven_R': 1.5}"
54,487,350650,1.533,123947,2.83,33.5,0.354,11.5,32.3,0.5,1.57,2031,7,33,"{'er_len': 70, 'er_th': 0.05, 'limit_atr': 0.15, 'tl_len': 282, 'vol_mult': 0.4, 'stop_mult': 1.8, 'act_R': 0.5, 'trail_frac': 3.5, 'buf_atr': 0.0, 'min_brk': 2.9, 'ema_len': 1420, 'atr_len': 160, 'regime_len': 0, 'breakeven_R': 3.0}"
55,575,98146,1.458,18649,5.26,34.1,0.302,11.5,38.2,0.45,1.44,565,5,23,"{'er_len': 50, 'er_th': 0.3, 'limit_atr': 0.35, 'tl_len': 182, 'vol_mult': 4.7, 'stop_mult': 1.1, 'act_R': 0.0, 'trail_frac': 2.0, 'buf_atr': 0.95, 'min_brk': 2.7, 'ema_len': 380, 'atr_len': 128, 'regime_len': 0, 'breakeven_R': 2.5}"
56,2924,57733,1.083,39675,1.46,28.5,0.059,11.5,194.1,0.25,0.6,332,4,16,"{'er_len': 80, 'er_th': 0.05, 'limit_atr': 0.1, 'tl_len': 122, 'vol_mult': 2.3, 'stop_mult': 1.0, 'act_R': 0.0, 'trail_frac': 2.0, 'buf_atr': 0.5, 'min_brk': 0.1, 'ema_len': 900, 'atr_len': 140, 'regime_len': 80, 'breakeven_R': 3.0}"
57,2429,130914,1.158,38196,3.43,57.1,0.068,10.9,161.2,0.47,0.79,794,4,22,"{'er_len': 40, 'er_th': 0.3, 'limit_atr': 0.0, 'tl_len': 130, 'vol_mult': 0.5, 'stop_mult': 1.5, 'act_R': 1.0, 'trail_frac': 1.0, 'buf_atr': 0.65, 'min_brk': 2.7, 'ema_len': 420, 'atr_len': 108, 'regime_len': 70, 'breakeven_R': 3.0}"
58,264,48047,1.954,8165,5.88,35.6,0.614,10.8,17.5,0.48,1.33,296,5,17,"{'er_len': 100, 'er_th': 0.2, 'limit_atr': 0.75, 'tl_len': 142, 'vol_mult': 2.0, 'stop_mult': 1.4, 'act_R': 0.0, 'trail_frac': 1.0, 'buf_atr': 0.65, 'min_brk': 2.0, 'ema_len': 1100, 'atr_len': 168, 'regime_len': 0, 'breakeven_R': 0.5}"
59,1372,78355,1.17,34053,2.3,34.2,0.112,10.2,91.1,0.31,0.81,512,5,19,"{'er_len': 30, 'er_th': 0.35, 'limit_atr': 0.0, 'tl_len': 66, 'vol_mult': 2.1, 'stop_mult': 1.4, 'act_R': 1.0, 'trail_frac': 2.0, 'buf_atr': 0.5, 'min_brk': 2.2, 'ema_len': 700, 'atr_len': 108, 'regime_len': 5, 'breakeven_R': 0.0}"
60,604,182946,1.391,29579,6.18,37.4,0.245,9.8,40.1,0.53,1.26,1238,8,25,"{'er_len': 110, 'er_th': 0.2, 'limit_atr': 0.05, 'tl_len': 250, 'vol_mult': 1.0, 'stop_mult': 1.4, 'act_R': 0.5, 'trail_frac': 2.0, 'buf_atr': 0.45, 'min_brk': 0.2, 'ema_len': 660, 'atr_len': 48, 'regime_len': 10, 'breakeven_R': 0.0}"
61,258,31864,1.608,29329,1.09,9.3,0.552,9.5,17.1,0.16,1.5,224,5,27,"{'er_len': 110, 'er_th': 0.15, 'limit_atr': 0.2, 'tl_len': 86, 'vol_mult': 4.6, 'stop_mult': 0.4, 'act_R': 2.0, 'trail_frac': 3.5, 'buf_atr': 0.65, 'min_brk': 2.3, 'ema_len': 1500, 'atr_len': 128, 'regime_len': 30, 'breakeven_R': 2.5}"
62,1286,119209,1.23,33767,3.53,52.4,0.11,9.4,85.4,0.58,0.95,846,6,29,"{'er_len': 50, 'er_th': 0.1, 'limit_atr': 0.3, 'tl_len': 242, 'vol_mult': 4.7, 'stop_mult': 1.8, 'act_R': 2.0, 'trail_frac': 1.0, 'buf_atr': 0.5, 'min_brk': 1.0, 'ema_len': 220, 'atr_len': 120, 'regime_len': 50, 'breakeven_R': 2.5}"
63,1790,134842,1.13,69897,1.93,40.1,0.078,9.3,118.8,0.39,0.68,966,5,25,"{'er_len': 120, 'er_th': 0.05, 'limit_atr': 0.7, 'tl_len': 210, 'vol_mult': 1.5, 'stop_mult': 1.8, 'act_R': 3.0, 'trail_frac': 0.5, 'buf_atr': 0.65, 'min_brk': 0.6, 'ema_len': 1620, 'atr_len': 28, 'regime_len': 90, 'breakeven_R': 3.0}"
64,1287,21302,1.134,24138,0.88,24.6,0.101,8.7,85.4,0.21,0.73,163,3,30,"{'er_len': 20, 'er_th': 0.4, 'limit_atr': 0.45, 'tl_len': 174, 'vol_mult': 4.1, 'stop_mult': 0.4, 'act_R': 1.0, 'trail_frac': 1.0, 'buf_atr': 0.75, 'min_brk': 2.0, 'ema_len': 460, 'atr_len': 104, 'regime_len': 70, 'breakeven_R': 1.0}"
65,56,78513,3.975,16114,4.87,21.4,2.338,8.7,3.7,0.24,3.68,600,4,16,"{'er_len': 90, 'er_th': 0.25, 'limit_atr': 0.65, 'tl_len': 78, 'vol_mult': 4.4, 'stop_mult': 0.6, 'act_R': 1.5, 'trail_frac': 3.5, 'buf_atr': 0.9, 'min_brk': 0.0, 'ema_len': 420, 'atr_len': 124, 'regime_len': 0, 'breakeven_R': 3.0}"
66,85,48150,2.72,7259,6.63,11.8,1.518,8.6,5.6,0.24,1.39,373,3,30,"{'er_len': 60, 'er_th': 0.3, 'limit_atr': 0.6, 'tl_len': 86, 'vol_mult': 3.0, 'stop_mult': 1.4, 'act_R': 1.5, 'trail_frac': 3.5, 'buf_atr': 0.4, 'min_brk': 2.9, 'ema_len': 1100, 'atr_len': 180, 'regime_len': 60, 'breakeven_R': 0.5}"
67,3,20238,126.011,162,125.01,66.7,41.67,8.3,0.2,0.56,32.21,162,0,22,"{'er_len': 120, 'er_th': 0.45, 'limit_atr': 1.0, 'tl_len': 86, 'vol_mult': 1.3, 'stop_mult': 1.1, 'act_R': 1.5, 'trail_frac': 2.0, 'buf_atr': 0.85, 'min_brk': 1.9, 'ema_len': 860, 'atr_len': 148, 'regime_len': 95, 'breakeven_R': 3.0}"
68,4359,40784,1.038,50069,0.81,27.1,0.027,8.0,289.4,0.17,0.35,340,4,17,"{'er_len': 40, 'er_th': 0.0, 'limit_atr': 0.75, 'tl_len': 118, 'vol_mult': 2.1, 'stop_mult': 1.0, 'act_R': 3.0, 'trail_frac': 0.5, 'buf_atr': 1.0, 'min_brk': 0.8, 'ema_len': 420, 'atr_len': 76, 'regime_len': 95, 'breakeven_R': 3.0}"
69,856,113779,1.258,38295,2.97,46.1,0.139,7.9,56.8,0.44,0.87,957,6,25,"{'er_len': 30, 'er_th': 0.45, 'limit_atr': 0.4, 'tl_len': 106, 'vol_mult': 1.6, 'stop_mult': 1.7, 'act_R': 2.0, 'trail_frac': 2.0, 'buf_atr': 0.75, 'min_brk': 0.4, 'ema_len': 700, 'atr_len': 60, 'regime_len': 75, 'breakeven_R': 3.0}"
70,245,39251,1.604,18776,2.09,20.0,0.483,7.9,16.3,0.2,1.16,332,4,17,"{'er_len': 120, 'er_th': 0.15, 'limit_atr': 0.75, 'tl_len': 90, 'vol_mult': 4.5, 'stop_mult': 1.4, 'act_R': 3.0, 'trail_frac': 3.5, 'buf_atr': 0.1, 'min_brk': 0.0, 'ema_len': 1180, 'atr_len': 60, 'regime_len': 50, 'breakeven_R': 1.5}"
71,743,62834,1.218,28470,2.21,28.8,0.155,7.6,49.3,0.36,0.87,545,6,29,"{'er_len': 90, 'er_th': 0.15, 'limit_atr': 0.8, 'tl_len': 178, 'vol_mult': 2.8, 'stop_mult': 1.0, 'act_R': 2.5, 'trail_frac': 2.5, 'buf_atr': 0.35, 'min_brk': 3.0, 'ema_len': 1220, 'atr_len': 80, 'regime_len': 90, 'breakeven_R': 3.0}"
72,377,22135,1.408,15374,1.44,26.5,0.3,7.5,25.0,0.27,1.01,196,5,18,"{'er_len': 70, 'er_th': 0.2, 'limit_atr': 0.35, 'tl_len': 58, 'vol_mult': 3.6, 'stop_mult': 0.4, 'act_R': 0.5, 'trail_frac': 1.0, 'buf_atr': 0.4, 'min_brk': 1.8, 'ema_len': 380, 'atr_len': 100, 'regime_len': 5, 'breakeven_R': 3.0}"
73,23,34311,6.741,4227,8.12,17.4,4.742,7.2,1.5,0.39,3.77,315,2,36,"{'er_len': 110, 'er_th': 0.3, 'limit_atr': 0.0, 'tl_len': 166, 'vol_mult': 1.8, 'stop_mult': 0.9, 'act_R': 3.0, 'trail_frac': 2.0, 'buf_atr': 0.5, 'min_brk': 0.3, 'ema_len': 1500, 'atr_len': 144, 'regime_len': 15, 'breakeven_R': 1.0}"
74,1257,25016,1.137,27236,0.92,39.9,0.082,6.9,83.4,0.24,0.5,242,4,18,"{'er_len': 50, 'er_th': 0.1, 'limit_atr': 0.7, 'tl_len': 86, 'vol_mult': 4.6, 'stop_mult': 1.7, 'act_R': 0.5, 'trail_frac': 1.0, 'buf_atr': 0.8, 'min_brk': 0.5, 'ema_len': 1180, 'atr_len': 144, 'regime_len': 20, 'breakeven_R': 1.0}"
75,410,122669,1.355,80359,1.53,30.0,0.248,6.8,27.2,0.35,0.98,1205,5,63,"{'er_len': 60, 'er_th': 0.35, 'limit_atr': 0.7, 'tl_len': 138, 'vol_mult': 0.0, 'stop_mult': 1.4, 'act_R': 0.5, 'trail_frac': 2.5, 'buf_atr': 0.25, 'min_brk': 1.5, 'ema_len': 980, 'atr_len': 152, 'regime_len': 5, 'breakeven_R': 2.0}"
76,377,26917,1.331,12087,2.23,20.4,0.263,6.6,25.0,0.27,0.49,271,5,37,"{'er_len': 120, 'er_th': 0.15, 'limit_atr': 0.8, 'tl_len': 234, 'vol_mult': 3.9, 'stop_mult': 2.0, 'act_R': 0.5, 'trail_frac': 2.0, 'buf_atr': 0.55, 'min_brk': 0.3, 'ema_len': 860, 'atr_len': 92, 'regime_len': 100, 'breakeven_R': 0.5}"
77,383,51117,1.349,15864,3.22,31.3,0.24,6.1,25.4,0.36,0.97,557,5,16,"{'er_len': 60, 'er_th': 0.3, 'limit_atr': 0.35, 'tl_len': 266, 'vol_mult': 3.8, 'stop_mult': 0.8, 'act_R': 2.0, 'trail_frac': 1.0, 'buf_atr': 0.0, 'min_brk': 1.7, 'ema_len': 860, 'atr_len': 52, 'regime_len': 75, 'breakeven_R': 0.0}"
78,719,121966,1.178,50371,2.42,36.4,0.113,5.4,47.7,0.34,0.61,1497,5,28,"{'er_len': 60, 'er_th': 0.3, 'limit_atr': 0.1, 'tl_len': 234, 'vol_mult': 1.3, 'stop_mult': 1.8, 'act_R': 3.0, 'trail_frac': 1.0, 'buf_atr': 0.6, 'min_brk': 1.6, 'ema_len': 1180, 'atr_len': 100, 'regime_len': 15, 'breakeven_R': 2.5}"
79,264,27168,1.369,15360,1.77,17.0,0.306,5.4,17.5,0.26,0.97,336,5,17,"{'er_len': 40, 'er_th': 0.45, 'limit_atr': 0.6, 'tl_len': 218, 'vol_mult': 3.2, 'stop_mult': 0.5, 'act_R': 2.5, 'trail_frac': 2.0, 'buf_atr': 0.95, 'min_brk': 0.9, 'ema_len': 1420, 'atr_len': 60, 'regime_len': 60, 'breakeven_R': 2.0}"
80,19,69069,10.449,3983,17.34,57.9,3.979,5.0,1.3,0.37,4.75,914,4,19,"{'er_len': 90, 'er_th': 0.35, 'limit_atr': 0.1, 'tl_len': 62, 'vol_mult': 2.8, 'stop_mult': 1.3, 'act_R': 2.0, 'trail_frac': 3.5, 'buf_atr': 0.85, 'min_brk': 2.1, 'ema_len': 1620, 'atr_len': 48, 'regime_len': 70, 'breakeven_R': 2.0}"
81,37,23446,4.148,3438,6.82,35.1,2.042,5.0,2.5,0.51,2.35,310,5,30,"{'er_len': 100, 'er_th': 0.35, 'limit_atr': 1.0, 'tl_len': 54, 'vol_mult': 0.4, 'stop_mult': 1.3, 'act_R': 0.5, 'trail_frac': 2.5, 'buf_atr': 0.0, 'min_brk': 0.8, 'ema_len': 260, 'atr_len': 172, 'regime_len': 95, 'breakeven_R': 2.5}"
82,166,30150,1.574,15712,1.92,22.3,0.446,4.9,11.0,0.3,0.57,407,4,20,"{'er_len': 70, 'er_th': 0.35, 'limit_atr': 0.2, 'tl_len': 226, 'vol_mult': 2.9, 'stop_mult': 1.9, 'act_R': 1.5, 'trail_frac': 2.0, 'buf_atr': 0.35, 'min_brk': 1.4, 'ema_len': 1300, 'atr_len': 68, 'regime_len': 65, 'breakeven_R': 0.5}"
83,692,79655,1.167,48118,1.66,39.3,0.102,4.7,45.9,0.3,0.55,1134,7,18,"{'er_len': 100, 'er_th': 0.15, 'limit_atr': 0.15, 'tl_len': 250, 'vol_mult': 2.8, 'stop_mult': 2.0, 'act_R': 1.0, 'trail_frac': 2.5, 'buf_atr': 0.8, 'min_brk': 0.8, 'ema_len': 420, 'atr_len': 80, 'regime_len': 65, 'breakeven_R': 3.0}"
84,186,45765,1.524,43843,1.04,29.6,0.369,4.6,12.3,0.22,0.85,666,6,31,"{'er_len': 120, 'er_th': 0.2, 'limit_atr': 0.25, 'tl_len': 90, 'vol_mult': 1.7, 'stop_mult': 1.8, 'act_R': 2.0, 'trail_frac': 4.0, 'buf_atr': 0.75, 'min_brk': 2.1, 'ema_len': 1060, 'atr_len': 128, 'regime_len': 95, 'breakeven_R': 2.0}"
85,7,29690,14.18,1285,23.1,28.6,9.414,4.4,0.5,0.39,4.85,451,0,19,"{'er_len': 100, 'er_th': 0.35, 'limit_atr': 0.05, 'tl_len': 122, 'vol_mult': 5.0, 'stop_mult': 0.7, 'act_R': 2.5, 'trail_frac': 0.5, 'buf_atr': 0.1, 'min_brk': 2.8, 'ema_len': 1460, 'atr_len': 20, 'regime_len': 20, 'breakeven_R': 0.5}"
86,4,46505,22.11,2203,21.11,25.0,15.833,4.2,0.3,0.28,7.66,734,0,30,"{'er_len': 100, 'er_th': 0.4, 'limit_atr': 0.4, 'tl_len': 98, 'vol_mult': 3.9, 'stop_mult': 0.7, 'act_R': 0.5, 'trail_frac': 4.0, 'buf_atr': 0.3, 'min_brk': 0.0, 'ema_len': 1340, 'atr_len': 160, 'regime_len': 70, 'breakeven_R': 1.5}"
87,487,49906,1.21,22809,2.19,39.0,0.128,4.1,32.3,0.32,0.61,799,6,29,"{'er_len': 110, 'er_th': 0.15, 'limit_atr': 0.65, 'tl_len': 90, 'vol_mult': 2.3, 'stop_mult': 1.8, 'act_R': 3.0, 'trail_frac': 1.5, 'buf_atr': 0.0, 'min_brk': 0.0, 'ema_len': 140, 'atr_len': 160, 'regime_len': 45, 'breakeven_R': 0.0}"
88,30,90495,3.999,12038,7.52,33.3,1.999,4.0,2.0,0.41,2.64,1509,3,35,"{'er_len': 70, 'er_th': 0.45, 'limit_atr': 0.1, 'tl_len': 174, 'vol_mult': 2.2, 'stop_mult': 1.4, 'act_R': 2.5, 'trail_frac': 4.0, 'buf_atr': 0.45, 'min_brk': 2.5, 'ema_len': 1340, 'atr_len': 68, 'regime_len': 95, 'breakeven_R': 3.0}"
89,507,46002,1.181,36309,1.27,34.1,0.12,4.0,33.7,0.26,0.52,759,4,15,"{'er_len': 60, 'er_th': 0.3, 'limit_atr': 0.9, 'tl_len': 230, 'vol_mult': 4.0, 'stop_mult': 1.3, 'act_R': 1.0, 'trail_frac': 2.0, 'buf_atr': 0.8, 'min_brk': 1.5, 'ema_len': 300, 'atr_len': 52, 'regime_len': 0, 'breakeven_R': 2.0}"
90,40,26678,2.895,6087,4.38,22.5,1.468,3.9,2.7,0.3,2.23,454,4,33,"{'er_len': 90, 'er_th': 0.25, 'limit_atr': 0.1, 'tl_len': 110, 'vol_mult': 3.8, 'stop_mult': 0.5, 'act_R': 2.0, 'trail_frac': 0.5, 'buf_atr': 1.0, 'min_brk': 0.4, 'ema_len': 220, 'atr_len': 172, 'regime_len': 75, 'breakeven_R': 2.0}"
91,447,56177,1.246,25689,2.19,49.4,0.124,3.7,29.7,0.39,0.65,1011,5,18,"{'er_len': 40, 'er_th': 0.4, 'limit_atr': 0.3, 'tl_len': 142, 'vol_mult': 3.3, 'stop_mult': 1.8, 'act_R': 2.0, 'trail_frac': 0.5, 'buf_atr': 0.95, 'min_brk': 0.1, 'ema_len': 300, 'atr_len': 132, 'regime_len': 55, 'breakeven_R': 2.5}"
92,17,22811,4.857,3451,6.61,17.6,3.177,3.6,1.1,0.31,2.49,422,2,34,"{'er_len': 120, 'er_th': 0.3, 'limit_atr': 0.3, 'tl_len': 246, 'vol_mult': 4.7, 'stop_mult': 0.7, 'act_R': 1.0, 'trail_frac': 4.0, 'buf_atr': 0.8, 'min_brk': 2.3, 'ema_len': 1060, 'atr_len': 104, 'regime_len': 25, 'breakeven_R': 1.0}"
93,872,27545,1.093,57359,0.48,41.2,0.055,3.2,57.9,0.18,0.33,575,4,34,"{'er_len': 30, 'er_th': 0.25, 'limit_atr': 0.3, 'tl_len': 90, 'vol_mult': 4.8, 'stop_mult': 2.0, 'act_R': 2.5, 'trail_frac': 0.5, 'buf_atr': 0.25, 'min_brk': 3.0, 'ema_len': 1220, 'atr_len': 32, 'regime_len': 90, 'breakeven_R': 2.0}"
94,38,64538,2.852,14176,4.55,34.2,1.219,3.1,2.5,0.31,1.83,1394,4,36,"{'er_len': 80, 'er_th': 0.4, 'limit_atr': 0.6, 'tl_len': 194, 'vol_mult': 2.4, 'stop_mult': 1.3, 'act_R': 3.0, 'trail_frac': 3.0, 'buf_atr': 0.85, 'min_brk': 0.7, 'ema_len': 100, 'atr_len': 84, 'regime_len': 0, 'breakeven_R': 2.5}"
95,253,28983,1.219,28871,1.0,17.4,0.181,3.0,16.8,0.16,0.5,634,6,15,"{'er_len': 50, 'er_th': 0.4, 'limit_atr': 0.05, 'tl_len': 214, 'vol_mult': 3.6, 'stop_mult': 0.9, 'act_R': 2.0, 'trail_frac': 3.0, 'buf_atr': 0.35, 'min_brk': 1.6, 'ema_len': 1540, 'atr_len': 40, 'regime_len': 0, 'breakeven_R': 1.5}"
96,14,22047,5.589,3006,7.33,35.7,2.95,2.7,0.9,0.44,2.22,534,3,42,"{'er_len': 100, 'er_th': 0.35, 'limit_atr': 0.95, 'tl_len': 62, 'vol_mult': 1.4, 'stop_mult': 1.1, 'act_R': 2.0, 'trail_frac': 2.0, 'buf_atr': 0.15, 'min_brk': 1.7, 'ema_len': 1620, 'atr_len': 156, 'regime_len': 70, 'breakeven_R': 1.0}"
97,1999,3049,1.022,24637,0.12,6.9,0.021,2.7,132.7,0.03,0.14,74,2,30,"{'er_len': 20, 'er_th': 0.3, 'limit_atr': 1.0, 'tl_len': 70, 'vol_mult': 3.4, 'stop_mult': 0.3, 'act_R': 1.0, 'trail_frac': 2.5, 'buf_atr': 0.15, 'min_brk': 0.3, 'ema_len': 540, 'atr_len': 176, 'regime_len': 20, 'breakeven_R': 0.5}"
98,5,44421,11.145,4378,10.15,20.0,8.116,2.7,0.3,0.26,3.36,1095,0,26,"{'er_len': 90, 'er_th': 0.45, 'limit_atr': 0.8, 'tl_len': 202, 'vol_mult': 2.7, 'stop_mult': 0.8, 'act_R': 2.0, 'trail_frac': 3.5, 'buf_atr': 0.9, 'min_brk': 2.0, 'ema_len': 580, 'atr_len': 72, 'regime_len': 35, 'breakeven_R': 1.0}"
99,130,34260,1.505,21269,1.61,40.0,0.303,2.6,8.6,0.27,0.67,869,6,19,"{'er_len': 50, 'er_th': 0.4, 'limit_atr': 0.15, 'tl_len': 98, 'vol_mult': 2.4, 'stop_mult': 2.0, 'act_R': 0.5, 'trail_frac': 1.5, 'buf_atr': 0.0, 'min_brk': 1.5, 'ema_len': 1580, 'atr_len': 144, 'regime_len': 80, 'breakeven_R': 3.0}"
100,12,40855,5.141,9263,4.41,25.0,3.106,2.5,0.8,0.22,2.24,1096,2,18,"{'er_len': 60, 'er_th': 0.5, 'limit_atr': 0.6, 'tl_len': 122, 'vol_mult': 2.3, 'stop_mult': 1.6, 'act_R': 2.0, 'trail_frac': 4.0, 'buf_atr': 0.5, 'min_brk': 0.8, 'ema_len': 1100, 'atr_len': 20, 'regime_len': 45, 'breakeven_R': 1.5}"
101,120,18568,1.396,14677,1.27,20.0,0.317,2.5,8.0,0.21,0.71,489,3,19,"{'er_len': 80, 'er_th': 0.35, 'limit_atr': 0.55, 'tl_len': 182, 'vol_mult': 1.5, 'stop_mult': 0.5, 'act_R': 0.0, 'trail_frac': 1.5, 'buf_atr': 0.1, 'min_brk': 2.7, 'ema_len': 860, 'atr_len': 132, 'regime_len': 100, 'breakeven_R': 1.0}"
102,33,55182,2.559,19871,2.78,30.3,1.087,2.4,2.2,0.27,1.25,1539,6,22,"{'er_len': 100, 'er_th': 0.3, 'limit_atr': 0.1, 'tl_len': 154, 'vol_mult': 1.1, 'stop_mult': 1.4, 'act_R': 2.0, 'trail_frac': 4.0, 'buf_atr': 0.65, 'min_brk': 1.9, 'ema_len': 260, 'atr_len': 124, 'regime_len': 60, 'breakeven_R': 3.0}"
103,174,45602,1.264,63332,0.72,20.7,0.209,2.4,11.6,0.18,0.43,1253,5,28,"{'er_len': 120, 'er_th': 0.25, 'limit_atr': 0.5, 'tl_len': 246, 'vol_mult': 0.1, 'stop_mult': 1.6, 'act_R': 2.5, 'trail_frac': 4.0, 'buf_atr': 0.45, 'min_brk': 1.5, 'ema_len': 660, 'atr_len': 128, 'regime_len': 35, 'breakeven_R': 1.5}"
104,5,5593,36.736,157,35.74,80.0,7.147,2.4,0.3,0.52,9.21,157,0,18,"{'er_len': 100, 'er_th': 0.45, 'limit_atr': 0.55, 'tl_len': 282, 'vol_mult': 4.7, 'stop_mult': 1.5, 'act_R': 0.0, 'trail_frac': 0.5, 'buf_atr': 0.4, 'min_brk': 0.3, 'ema_len': 620, 'atr_len': 32, 'regime_len': 70, 'breakeven_R': 3.0}"
105,49,32797,1.966,9799,3.35,40.8,0.571,1.9,3.3,0.38,0.9,1171,5,36,"{'er_len': 60, 'er_th': 0.4, 'limit_atr': 0.7, 'tl_len': 102, 'vol_mult': 2.7, 'stop_mult': 1.2, 'act_R': 2.5, 'trail_frac': 2.0, 'buf_atr': 0.8, 'min_brk': 2.6, 'ema_len': 460, 'atr_len': 104, 'regime_len': 90, 'breakeven_R': 2.5}"
106,467,5754,1.073,14238,0.4,13.5,0.063,1.9,31.0,0.08,0.26,196,5,17,"{'er_len': 50, 'er_th': 0.3, 'limit_atr': 0.45, 'tl_len': 234, 'vol_mult': 4.4, 'stop_mult': 0.3, 'act_R': 2.0, 'trail_frac': 2.0, 'buf_atr': 0.5, 'min_brk': 0.2, 'ema_len': 780, 'atr_len': 168, 'regime_len': 60, 'breakeven_R': 2.5}"
107,11,70844,6.572,9189,7.71,54.5,2.533,1.8,0.7,0.37,2.5,2543,5,58,"{'er_len': 120, 'er_th': 0.35, 'limit_atr': 0.0, 'tl_len': 186, 'vol_mult': 0.2, 'stop_mult': 0.8, 'act_R': 1.5, 'trail_frac': 3.5, 'buf_atr': 0.85, 'min_brk': 2.8, 'ema_len': 1380, 'atr_len': 120, 'regime_len': 0, 'breakeven_R': 0.0}"
108,19,18751,3.0,8459,2.22,31.6,1.368,1.7,1.3,0.31,1.42,721,3,32,"{'er_len': 80, 'er_th': 0.4, 'limit_atr': 0.15, 'tl_len': 130, 'vol_mult': 0.3, 'stop_mult': 0.4, 'act_R': 2.5, 'trail_frac': 1.5, 'buf_atr': 0.55, 'min_brk': 1.9, 'ema_len': 1500, 'atr_len': 76, 'regime_len': 65, 'breakeven_R': 1.5}"
109,84,53657,1.485,31094,1.73,35.7,0.312,1.7,5.6,0.21,0.56,2047,5,26,"{'er_len': 70, 'er_th': 0.4, 'limit_atr': 0.05, 'tl_len': 150, 'vol_mult': 0.6, 'stop_mult': 2.0, 'act_R': 1.5, 'trail_frac': 3.0, 'buf_atr': 0.2, 'min_brk': 0.0, 'ema_len': 580, 'atr_len': 76, 'regime_len': 40, 'breakeven_R': 0.0}"
110,1109,16728,1.044,48805,0.34,57.2,0.019,1.4,73.6,0.11,0.16,804,4,17,"{'er_len': 30, 'er_th': 0.3, 'limit_atr': 0.25, 'tl_len': 154, 'vol_mult': 4.2, 'stop_mult': 1.9, 'act_R': 1.5, 'trail_frac': 0.5, 'buf_atr': 0.3, 'min_brk': 2.0, 'ema_len': 380, 'atr_len': 136, 'regime_len': 30, 'breakeven_R': 0.0}"
111,6,10056,4.928,1904,5.28,16.7,3.273,1.3,0.4,0.21,1.33,512,0,35,"{'er_len': 100, 'er_th': 0.45, 'limit_atr': 0.2, 'tl_len': 86, 'vol_mult': 0.2, 'stop_mult': 0.3, 'act_R': 1.5, 'trail_frac': 2.0, 'buf_atr': 0.1, 'min_brk': 2.0, 'ema_len': 260, 'atr_len': 156, 'regime_len': 15, 'breakeven_R': 3.0}"
112,43,15364,1.636,7820,1.96,34.9,0.414,1.2,2.9,0.19,0.69,863,5,18,"{'er_len': 50, 'er_th': 0.45, 'limit_atr': 0.65, 'tl_len': 126, 'vol_mult': 5.0, 'stop_mult': 1.4, 'act_R': 0.0, 'trail_frac': 2.0, 'buf_atr': 0.7, 'min_brk': 0.4, 'ema_len': 1500, 'atr_len': 108, 'regime_len': 40, 'breakeven_R': 3.0}"
113,2259,9269,1.014,53133,0.17,48.8,0.007,1.0,150.0,0.05,0.07,592,3,21,"{'er_len': 30, 'er_th': 0.05, 'limit_atr': 0.6, 'tl_len': 130, 'vol_mult': 3.6, 'stop_mult': 1.7, 'act_R': 2.0, 'trail_frac': 0.5, 'buf_atr': 0.35, 'min_brk': 2.1, 'ema_len': 300, 'atr_len': 104, 'regime_len': 55, 'breakeven_R': 2.0}"
114,6,7965,4.659,2145,3.71,33.3,2.439,1.0,0.4,0.22,0.96,544,0,18,"{'er_len': 100, 'er_th': 0.45, 'limit_atr': 0.75, 'tl_len': 222, 'vol_mult': 1.6, 'stop_mult': 1.5, 'act_R': 2.5, 'trail_frac': 1.0, 'buf_atr': 0.95, 'min_brk': 1.7, 'ema_len': 660, 'atr_len': 28, 'regime_len': 0, 'breakeven_R': 1.0}"
115,21,9700,1.932,6419,1.51,38.1,0.577,0.8,1.4,0.22,0.57,800,5,34,"{'er_len': 120, 'er_th': 0.35, 'limit_atr': 0.4, 'tl_len': 294, 'vol_mult': 1.8, 'stop_mult': 0.9, 'act_R': 0.0, 'trail_frac': 1.0, 'buf_atr': 0.4, 'min_brk': 2.6, 'ema_len': 1460, 'atr_len': 104, 'regime_len': 40, 'breakeven_R': 1.0}"
116,40,24227,1.559,20198,1.2,45.0,0.307,0.8,2.7,0.25,0.42,1971,4,47,"{'er_len': 80, 'er_th': 0.45, 'limit_atr': 0.05, 'tl_len': 262, 'vol_mult': 0.0, 'stop_mult': 1.7, 'act_R': 1.0, 'trail_frac': 2.0, 'buf_atr': 0.95, 'min_brk': 2.7, 'ema_len': 420, 'atr_len': 64, 'regime_len': 90, 'breakeven_R': 0.0}"
117,10,25601,5.988,4528,5.65,80.0,0.998,0.7,0.7,0.42,1.44,2566,6,19,"{'er_len': 120, 'er_th': 0.35, 'limit_atr': 0.6, 'tl_len': 90, 'vol_mult': 2.6, 'stop_mult': 1.8, 'act_R': 1.5, 'trail_frac': 1.0, 'buf_atr': 0.45, 'min_brk': 1.7, 'ema_len': 1260, 'atr_len': 84, 'regime_len': 15, 'breakeven_R': 2.0}"
118,6,5510,2.717,3194,1.73,33.3,1.144,0.5,0.4,0.21,0.65,802,0,16,"{'er_len': 120, 'er_th': 0.35, 'limit_atr': 0.25, 'tl_len': 226, 'vol_mult': 3.9, 'stop_mult': 1.5, 'act_R': 1.0, 'trail_frac': 3.0, 'buf_atr': 0.35, 'min_brk': 2.3, 'ema_len': 580, 'atr_len': 44, 'regime_len': 60, 'breakeven_R': 0.5}"
119,4,4933,5.217,1170,4.22,75.0,1.054,0.3,0.3,0.34,1.09,1170,0,32,"{'er_len': 70, 'er_th': 0.5, 'limit_atr': 0.8, 'tl_len': 102, 'vol_mult': 2.5, 'stop_mult': 0.9, 'act_R': 0.5, 'trail_frac': 0.5, 'buf_atr': 0.55, 'min_brk': 0.7, 'ema_len': 1420, 'atr_len': 68, 'regime_len': 50, 'breakeven_R': 1.5}"
120,13,13005,1.699,9976,1.3,46.2,0.376,0.3,0.9,0.17,0.44,2660,5,29,"{'er_len': 80, 'er_th': 0.4, 'limit_atr': 0.75, 'tl_len': 162, 'vol_mult': 4.2, 'stop_mult': 2.0, 'act_R': 2.5, 'trail_frac': 0.5, 'buf_atr': 0.8, 'min_brk': 1.2, 'ema_len': 380, 'atr_len': 92, 'regime_len': 100, 'breakeven_R': 3.0}"
121,61,5309,1.113,17652,0.3,26.2,0.083,0.3,4.0,0.06,0.11,1047,4,18,"{'er_len': 80, 'er_th': 0.35, 'limit_atr': 0.75, 'tl_len': 198, 'vol_mult': 3.2, 'stop_mult': 1.8, 'act_R': 2.5, 'trail_frac': 0.5, 'buf_atr': 0.15, 'min_brk': 0.6, 'ema_len': 1460, 'atr_len': 36, 'regime_len': 95, 'breakeven_R': 1.0}"
122,4,28931,4.516,8227,3.52,75.0,0.879,0.2,0.3,0.38,0.91,8227,0,21,"{'er_len': 90, 'er_th': 0.5, 'limit_atr': 0.45, 'tl_len': 214, 'vol_mult': 1.2, 'stop_mult': 2.0, 'act_R': 2.5, 'trail_frac': 3.0, 'buf_atr': 0.1, 'min_brk': 2.8, 'ema_len': 460, 'atr_len': 100, 'regime_len': 15, 'breakeven_R': 3.0}"
123,75,-2136,0.974,18978,-0.11,36.0,-0.017,-0.1,5.0,-0.02,-0.03,1685,3,50,"{'er_len': 80, 'er_th': 0.4, 'limit_atr': 0.5, 'tl_len': 226, 'vol_mult': 0.5, 'stop_mult': 1.9, 'act_R': 1.0, 'trail_frac': 2.5, 'buf_atr': 0.95, 'min_brk': 1.5, 'ema_len': 1020, 'atr_len': 80, 'regime_len': 65, 'breakeven_R': 2.5}"
124,2,-259,0.0,259,-1.0,0.0,-1.0,-0.1,0.1,0,0,129,0,30,"{'er_len': 90, 'er_th': 0.5, 'limit_atr': 0.25, 'tl_len': 238, 'vol_mult': 4.7, 'stop_mult': 0.5, 'act_R': 1.0, 'trail_frac': 3.0, 'buf_atr': 0.0, 'min_brk': 2.5, 'ema_len': 1220, 'atr_len': 88, 'regime_len': 10, 'breakeven_R': 2.0}"
125,1,-16,0.0,16,-1.0,0.0,-1.0,-0.1,0.1,0,0,16,0,19,"{'er_len': 110, 'er_th': 0.5, 'limit_atr': 0.1, 'tl_len': 194, 'vol_mult': 2.9, 'stop_mult': 0.7, 'act_R': 3.0, 'trail_frac': 4.0, 'buf_atr': 0.45, 'min_brk': 0.3, 'ema_len': 1220, 'atr_len': 112, 'regime_len': 50, 'breakeven_R': 0.5}"
126,16,-2122,0.903,17986,-0.12,31.2,-0.067,-0.1,1.1,-0.04,-0.05,1988,2,30,"{'er_len': 120, 'er_th': 0.3, 'limit_atr': 0.3, 'tl_len': 174, 'vol_mult': 0.5, 'stop_mult': 1.2, 'act_R': 0.0, 'trail_frac': 2.5, 'buf_atr': 0.9, 'min_brk': 2.2, 'ema_len': 900, 'atr_len': 20, 'regime_len': 100, 'breakeven_R': 1.5}"
127,1,-4909,0.0,4909,-1.0,0.0,-1.0,-0.1,0.1,0,0,4909,0,18,"{'er_len': 120, 'er_th': 0.45, 'limit_atr': 0.95, 'tl_len': 142, 'vol_mult': 3.5, 'stop_mult': 1.4, 'act_R': 2.0, 'trail_frac': 4.0, 'buf_atr': 1.0, 'min_brk': 0.2, 'ema_len': 1300, 'atr_len': 168, 'regime_len': 100, 'breakeven_R': 2.5}"
128,1,-1789,0.0,1789,-1.0,0.0,-1.0,-0.1,0.1,0,0,1789,0,20,"{'er_len': 90, 'er_th': 0.5, 'limit_atr': 0.0, 'tl_len': 158, 'vol_mult': 1.8, 'stop_mult': 0.9, 'act_R': 2.5, 'trail_frac': 0.5, 'buf_atr': 0.6, 'min_brk': 2.6, 'ema_len': 580, 'atr_len': 52, 'regime_len': 70, 'breakeven_R': 1.5}"
129,3,-4605,0.0,4605,-1.0,0.0,-1.0,-0.2,0.2,-0.36,-0.28,1535,0,31,"{'er_len': 110, 'er_th': 0.5, 'limit_atr': 0.7, 'tl_len': 54, 'vol_mult': 2.7, 'stop_mult': 0.8, 'act_R': 3.0, 'trail_frac': 3.5, 'buf_atr': 0.05, 'min_brk': 0.7, 'ema_len': 1460, 'atr_len': 124, 'regime_len': 85, 'breakeven_R': 0.0}"
130,11,-8347,0.398,11933,-0.7,18.2,-0.492,-0.4,0.7,-0.27,-0.3,1542,1,15,"{'er_len': 110, 'er_th': 0.35, 'limit_atr': 0.25, 'tl_len': 210, 'vol_mult': 3.7, 'stop_mult': 1.4, 'act_R': 2.5, 'trail_frac': 2.5, 'buf_atr': 0.1, 'min_brk': 0.2, 'ema_len': 580, 'atr_len': 84, 'regime_len': 0, 'breakeven_R': 1.0}"
131,1431,-2134,0.994,31101,-0.07,23.5,-0.005,-0.5,95.0,-0.01,-0.02,312,4,18,"{'er_len': 30, 'er_th': 0.35, 'limit_atr': 0.05, 'tl_len': 242, 'vol_mult': 2.8, 'stop_mult': 1.6, 'act_R': 0.5, 'trail_frac': 1.5, 'buf_atr': 0.5, 'min_brk': 0.4, 'ema_len': 1060, 'atr_len': 180, 'regime_len': 80, 'breakeven_R': 0.5}"
132,41,-9504,0.417,9806,-0.97,12.2,-0.511,-1.4,2.7,-0.41,-0.49,453,1,17,"{'er_len': 60, 'er_th': 0.45, 'limit_atr': 0.65, 'tl_len': 210, 'vol_mult': 4.3, 'stop_mult': 0.9, 'act_R': 2.0, 'trail_frac': 4.0, 'buf_atr': 0.35, 'min_brk': 3.0, 'ema_len': 180, 'atr_len': 24, 'regime_len': 100, 'breakeven_R': 0.5}"
133,1441,-8966,0.972,34946,-0.26,27.8,-0.02,-1.9,95.7,-0.06,-0.1,309,2,17,"{'er_len': 90, 'er_th': 0.1, 'limit_atr': 0.6, 'tl_len': 54, 'vol_mult': 3.4, 'stop_mult': 1.8, 'act_R': 3.0, 'trail_frac': 0.5, 'buf_atr': 1.0, 'min_brk': 0.8, 'ema_len': 820, 'atr_len': 148, 'regime_len': 40, 'breakeven_R': 1.5}"
134,599,-5389,0.937,14768,-0.36,9.5,-0.057,-2.3,39.8,-0.08,-0.19,158,5,34,"{'er_len': 120, 'er_th': 0.1, 'limit_atr': 0.15, 'tl_len': 234, 'vol_mult': 4.8, 'stop_mult': 0.3, 'act_R': 2.5, 'trail_frac': 2.0, 'buf_atr': 0.0, 'min_brk': 2.6, 'ema_len': 1460, 'atr_len': 84, 'regime_len': 75, 'breakeven_R': 1.0}"
135,890,-10423,0.923,31567,-0.33,14.7,-0.066,-3.9,59.1,-0.12,-0.3,179,2,17,"{'er_len': 80, 'er_th': 0.1, 'limit_atr': 0.1, 'tl_len': 86, 'vol_mult': 3.7, 'stop_mult': 0.6, 'act_R': 0.0, 'trail_frac': 2.5, 'buf_atr': 0.15, 'min_brk': 1.1, 'ema_len': 580, 'atr_len': 40, 'regime_len': 90, 'breakeven_R': 1.0}"
136,4143,-18375,0.956,45883,-0.4,11.9,-0.038,-10.6,275.0,-0.11,-0.29,116,3,26,"{'er_len': 50, 'er_th': 0.1, 'limit_atr': 0.5, 'tl_len': 50, 'vol_mult': 1.1, 'stop_mult': 1.0, 'act_R': 1.0, 'trail_frac': 2.5, 'buf_atr': 0.75, 'min_brk': 2.5, 'ema_len': 1540, 'atr_len': 60, 'regime_len': 100, 'breakeven_R': 0.5}"
137,2123,-28161,0.877,39704,-0.71,22.8,-0.095,-13.4,140.9,-0.37,-0.86,140,3,23,"{'er_len': 30, 'er_th': 0.25, 'limit_atr': 0.75, 'tl_len': 214, 'vol_mult': 3.4, 'stop_mult': 0.3, 'act_R': 1.0, 'trail_frac': 0.5, 'buf_atr': 0.9, 'min_brk': 0.7, 'ema_len': 1060, 'atr_len': 72, 'regime_len': 55, 'breakeven_R': 3.0}"
138,1937,-34631,0.86,42343,-0.82,14.9,-0.119,-15.3,128.6,-0.33,-0.87,150,2,29,"{'er_len': 100, 'er_th': 0.0, 'limit_atr': 0.25, 'tl_len': 298, 'vol_mult': 4.1, 'stop_mult': 0.3, 'act_R': 1.5, 'trail_frac': 1.5, 'buf_atr': 0.55, 'min_brk': 2.8, 'ema_len': 1540, 'atr_len': 164, 'regime_len': 65, 'breakeven_R': 0.0}"
139,1924,-32084,0.803,38834,-0.83,31.9,-0.134,-17.2,127.7,-0.6,-1.11,124,1,32,"{'er_len': 60, 'er_th': 0.15, 'limit_atr': 0.75, 'tl_len': 190, 'vol_mult': 3.4, 'stop_mult': 0.6, 'act_R': 0.0, 'trail_frac': 0.5, 'buf_atr': 0.55, 'min_brk': 2.5, 'ema_len': 580, 'atr_len': 92, 'regime_len': 95, 'breakeven_R': 3.0}"
140,3409,-42624,0.908,77455,-0.55,14.6,-0.079,-17.8,226.3,-0.27,-0.47,159,2,30,"{'er_len': 30, 'er_th': 0.0, 'limit_atr': 0.85, 'tl_len': 158, 'vol_mult': 2.6, 'stop_mult': 1.7, 'act_R': 2.5, 'trail_frac': 0.5, 'buf_atr': 0.25, 'min_brk': 2.8, 'ema_len': 980, 'atr_len': 20, 'regime_len': 95, 'breakeven_R': 0.5}"
141,1864,-38948,0.809,52786,-0.74,15.6,-0.161,-20.0,123.7,-0.42,-0.86,129,2,28,"{'er_len': 40, 'er_th': 0.05, 'limit_atr': 0.15, 'tl_len': 94, 'vol_mult': 4.7, 'stop_mult': 0.8, 'act_R': 2.0, 'trail_frac': 2.0, 'buf_atr': 0.45, 'min_brk': 1.8, 'ema_len': 220, 'atr_len': 104, 'regime_len': 10, 'breakeven_R': 0.5}"
142,26,146,1.009,10186,0.01,19.2,0.007,0.0,1.7,0.0,0.01,799,2,27,"{'er_len': 120, 'er_th': 0.3, 'limit_atr': 0.6, 'tl_len': 266, 'vol_mult': 4.0, 'stop_mult': 1.5, 'act_R': 1.0, 'trail_frac': 3.5, 'buf_atr': 0.65, 'min_brk': 2.7, 'ema_len': 500, 'atr_len': 36, 'regime_len': 15, 'breakeven_R': 0.5}"
143,0,,,,,,,,,,,,,,"{'er_len': 90, 'er_th': 0.5, 'limit_atr': 0.4, 'tl_len': 158, 'vol_mult': 3.1, 'stop_mult': 0.4, 'act_R': 3.0, 'trail_frac': 0.5, 'buf_atr': 0.85, 'min_brk': 2.4, 'ema_len': 1340, 'atr_len': 20, 'regime_len': 75, 'breakeven_R': 0.0}"
144,17,-235,0.957,3158,-0.07,17.6,-0.035,-0.0,1.1,-0.01,-0.02,393,2,28,"{'er_len': 70, 'er_th': 0.45, 'limit_atr': 0.95, 'tl_len': 298, 'vol_mult': 4.5, 'stop_mult': 0.9, 'act_R': 2.0, 'trail_frac': 4.0, 'buf_atr': 0.7, 'min_brk': 2.9, 'ema_len': 340, 'atr_len': 60, 'regime_len': 60, 'breakeven_R': 0.5}"
145,12,71,1.006,7512,0.01,25.0,0.005,0.0,0.8,0.0,0.0,1276,2,20,"{'er_len': 80, 'er_th': 0.45, 'limit_atr': 0.25, 'tl_len': 250, 'vol_mult': 4.7, 'stop_mult': 1.4, 'act_R': 2.0, 'trail_frac': 0.5, 'buf_atr': 0.75, 'min_brk': 2.5, 'ema_len': 1180, 'atr_len': 60, 'regime_len': 90, 'breakeven_R': 1.0}"
146,0,,,,,,,,,,,,,,"{'er_len': 120, 'er_th': 0.45, 'limit_atr': 0.5, 'tl_len': 154, 'vol_mult': 2.2, 'stop_mult': 1.1, 'act_R': 0.5, 'trail_frac': 3.5, 'buf_atr': 0.45, 'min_brk': 2.4, 'ema_len': 1340, 'atr_len': 36, 'regime_len': 70, 'breakeven_R': 1.0}"
147,10,427,1.098,4341,0.1,30.0,0.069,0.0,0.7,0.02,0.04,622,3,18,"{'er_len': 90, 'er_th': 0.4, 'limit_atr': 0.95, 'tl_len': 270, 'vol_mult': 4.7, 'stop_mult': 1.3, 'act_R': 1.5, 'trail_frac': 4.0, 'buf_atr': 0.65, 'min_brk': 1.0, 'ema_len': 900, 'atr_len': 100, 'regime_len': 60, 'breakeven_R': 0.5}"
148,11,-311,0.967,8679,-0.04,27.3,-0.024,-0.0,0.7,-0.01,-0.01,1163,3,29,"{'er_len': 110, 'er_th': 0.45, 'limit_atr': 0.15, 'tl_len': 298, 'vol_mult': 0.6, 'stop_mult': 0.7, 'act_R': 2.0, 'trail_frac': 4.0, 'buf_atr': 0.95, 'min_brk': 1.3, 'ema_len': 1340, 'atr_len': 88, 'regime_len': 10, 'breakeven_R': 0.5}"
149,1,5223,inf,0,99,100.0,nan,nan,0.1,0,0,0,0,24,"{'er_len': 110, 'er_th': 0.5, 'limit_atr': 0.35, 'tl_len': 178, 'vol_mult': 1.1, 'stop_mult': 1.7, 'act_R': 0.5, 'trail_frac': 1.5, 'buf_atr': 0.4, 'min_brk': 1.5, 'ema_len': 1220, 'atr_len': 24, 'regime_len': 10, 'breakeven_R': 1.0}"
150,1200,321552,1.792,44612,7.21,14.2,0.679,54.1,79.7,0.58,3.08,394,6,17,"{'er_len': 90, 'er_th': 0.1, 'limit_atr': 0.35, 'tl_len': 182, 'vol_mult': 1.8, 'stop_mult': 1.2, 'act_R': 1.5, 'trail_frac': 4.0, 'buf_atr': 0.35, 'min_brk': 2.5, 'ema_len': 300, 'atr_len': 160, 'regime_len': 50, 'breakeven_R': 1.0}"
151,2029,86077,1.354,21350,4.03,6.8,0.33,44.4,134.7,0.33,2.53,129,5,16,"{'er_len': 90, 'er_th': 0.0, 'limit_atr': 0.5, 'tl_len': 198, 'vol_mult': 4.1, 'stop_mult': 0.3, 'act_R': 0.0, 'trail_frac': 4.0, 'buf_atr': 0.95, 'min_brk': 1.8, 'ema_len': 300, 'atr_len': 180, 'regime_len': 35, 'breakeven_R': 3.0}"
152,1955,232170,1.411,56625,4.1,18.6,0.335,43.5,129.8,0.59,2.05,355,6,21,"{'er_len': 120, 'er_th': 0.05, 'limit_atr': 0.2, 'tl_len': 166, 'vol_mult': 0.9, 'stop_mult': 1.1, 'act_R': 2.0, 'trail_frac': 3.0, 'buf_atr': 0.0, 'min_brk': 1.1, 'ema_len': 820, 'atr_len': 108, 'regime_len': 100, 'breakeven_R': 1.0}"
153,2077,207028,1.369,40595,5.1,16.8,0.307,42.4,137.9,0.57,1.71,324,7,15,"{'er_len': 20, 'er_th': 0.2, 'limit_atr': 0.1, 'tl_len': 114, 'vol_mult': 2.1, 'stop_mult': 1.6, 'act_R': 0.0, 'trail_frac': 4.0, 'buf_atr': 0.95, 'min_brk': 1.4, 'ema_len': 700, 'atr_len': 136, 'regime_len': 35, 'breakeven_R': 1.0}"
154,1147,155889,1.645,20795,7.5,15.0,0.548,41.8,76.1,0.55,3.28,248,8,17,"{'er_len': 100, 'er_th': 0.1, 'limit_atr': 0.9, 'tl_len': 142, 'vol_mult': 2.2, 'stop_mult': 0.6, 'act_R': 1.0, 'trail_frac': 4.0, 'buf_atr': 0.75, 'min_brk': 1.1, 'ema_len': 580, 'atr_len': 56, 'regime_len': 85, 'breakeven_R': 3.0}"
155,5342,74446,1.125,28126,2.65,18.8,0.102,36.1,354.6,0.37,1.11,137,5,24,"{'er_len': 100, 'er_th': 0.1, 'limit_atr': 0.6, 'tl_len': 78, 'vol_mult': 0.1, 'stop_mult': 0.6, 'act_R': 0.5, 'trail_frac': 2.0, 'buf_atr': 0.95, 'min_brk': 0.5, 'ema_len': 620, 'atr_len': 120, 'regime_len': 15, 'breakeven_R': 1.0}"
156,1141,173200,1.558,26860,6.45,17.1,0.462,35.0,75.7,0.72,2.57,328,6,17,"{'er_len': 30, 'er_th': 0.45, 'limit_atr': 0.45, 'tl_len': 218, 'vol_mult': 1.5, 'stop_mult': 0.6, 'act_R': 0.0, 'trail_frac': 2.5, 'buf_atr': 0.4, 'min_brk': 0.9, 'ema_len': 980, 'atr_len': 140, 'regime_len': 75, 'breakeven_R': 1.0}"
157,644,442723,1.913,50173,8.82,25.3,0.682,29.1,42.8,0.69,2.63,1008,8,22,"{'er_len': 50, 'er_th': 0.25, 'limit_atr': 0.3, 'tl_len': 202, 'vol_mult': 0.0, 'stop_mult': 1.8, 'act_R': 1.5, 'trail_frac': 4.0, 'buf_atr': 0.5, 'min_brk': 1.5, 'ema_len': 980, 'atr_len': 112, 'regime_len': 10, 'breakeven_R': 1.5}"
158,2325,375031,1.258,84022,4.46,29.4,0.182,28.1,154.3,0.69,1.75,885,7,15,"{'er_len': 30, 'er_th': 0.2, 'limit_atr': 0.3, 'tl_len': 238, 'vol_mult': 1.7, 'stop_mult': 0.9, 'act_R': 2.5, 'trail_frac': 2.0, 'buf_atr': 0.3, 'min_brk': 0.1, 'ema_len': 420, 'atr_len': 100, 'regime_len': 0, 'breakeven_R': 2.5}"
159,2097,89414,1.251,27403,3.26,20.3,0.2,27.8,139.2,0.48,1.38,213,6,15,"{'er_len': 50, 'er_th': 0.0, 'limit_atr': 0.45, 'tl_len': 158, 'vol_mult': 3.7, 'stop_mult': 1.0, 'act_R': 0.5, 'trail_frac': 2.5, 'buf_atr': 0.1, 'min_brk': 1.6, 'ema_len': 1140, 'atr_len': 40, 'regime_len': 60, 'breakeven_R': 1.0}"
160,742,53459,1.581,12256,4.36,13.2,0.504,24.8,49.3,0.49,2.54,143,6,16,"{'er_len': 120, 'er_th': 0.1, 'limit_atr': 0.65, 'tl_len': 130, 'vol_mult': 2.8, 'stop_mult': 0.3, 'act_R': 0.5, 'trail_frac': 2.0, 'buf_atr': 0.75, 'min_brk': 2.0, 'ema_len': 100, 'atr_len': 20, 'regime_len': 25, 'breakeven_R': 1.5}"
161,978,240847,1.462,41752,5.77,28.1,0.332,21.6,64.9,0.6,1.57,741,8,17,"{'er_len': 60, 'er_th': 0.05, 'limit_atr': 0.35, 'tl_len': 234, 'vol_mult': 1.1, 'stop_mult': 1.6, 'act_R': 0.5, 'trail_frac': 3.0, 'buf_atr': 0.5, 'min_brk': 2.5, 'ema_len': 1460, 'atr_len': 80, 'regime_len': 85, 'breakeven_R': 1.5}"
162,685,223909,1.636,41848,5.35,30.2,0.444,20.2,45.5,0.51,2.15,737,7,16,"{'er_len': 50, 'er_th': 0.1, 'limit_atr': 0.85, 'tl_len': 278, 'vol_mult': 5.0, 'stop_mult': 1.7, 'act_R': 1.5, 'trail_frac': 3.5, 'buf_atr': 0.4, 'min_brk': 1.1, 'ema_len': 980, 'atr_len': 120, 'regime_len': 5, 'breakeven_R': 3.0}"
163,6048,63411,1.073,59543,1.06,33.4,0.049,19.6,401.5,0.3,0.74,215,2,20,"{'er_len': 40, 'er_th': 0.0, 'limit_atr': 0.1, 'tl_len': 162, 'vol_mult': 2.2, 'stop_mult': 0.6, 'act_R': 1.0, 'trail_frac': 1.0, 'buf_atr': 0.2, 'min_brk': 0.3, 'ema_len': 620, 'atr_len': 160, 'regime_len': 90, 'breakeven_R': 1.0}"
164,5429,87615,1.079,35738,2.45,32.4,0.053,19.1,360.4,0.31,0.77,304,5,16,"{'er_len': 110, 'er_th': 0.0, 'limit_atr': 0.4, 'tl_len': 66, 'vol_mult': 1.7, 'stop_mult': 1.0, 'act_R': 2.0, 'trail_frac': 2.0, 'buf_atr': 0.9, 'min_brk': 0.8, 'ema_len': 340, 'atr_len': 84, 'regime_len': 85, 'breakeven_R': 2.5}"
165,1512,111283,1.238,51179,2.17,26.1,0.176,17.6,100.4,0.49,0.99,419,7,19,"{'er_len': 50, 'er_th': 0.1, 'limit_atr': 0.4, 'tl_len': 258, 'vol_mult': 3.9, 'stop_mult': 1.7, 'act_R': 1.5, 'trail_frac': 2.5, 'buf_atr': 0.05, 'min_brk': 0.2, 'ema_len': 140, 'atr_len': 92, 'regime_len': 85, 'breakeven_R': 1.0}"
166,827,174500,1.394,37000,4.72,25.5,0.294,16.1,54.9,0.59,1.11,719,7,26,"{'er_len': 80, 'er_th': 0.25, 'limit_atr': 1.0, 'tl_len': 254, 'vol_mult': 0.6, 'stop_mult': 1.8, 'act_R': 3.0, 'trail_frac': 1.0, 'buf_atr': 0.5, 'min_brk': 1.7, 'ema_len': 860, 'atr_len': 116, 'regime_len': 85, 'breakeven_R': 1.0}"
167,1804,70318,1.204,19978,3.52,38.5,0.126,15.0,119.8,0.42,1.02,310,6,20,"{'er_len': 50, 'er_th': 0.05, 'limit_atr': 0.95, 'tl_len': 94, 'vol_mult': 3.9, 'stop_mult': 1.8, 'act_R': 0.5, 'trail_frac': 2.0, 'buf_atr': 0.95, 'min_brk': 0.3, 'ema_len': 540, 'atr_len': 60, 'regime_len': 85, 'breakeven_R': 2.5}"
168,3507,27668,1.069,26629,1.04,10.7,0.062,14.4,232.8,0.17,0.66,128,5,15,"{'er_len': 20, 'er_th': 0.1, 'limit_atr': 0.1, 'tl_len': 150, 'vol_mult': 3.3, 'stop_mult': 0.3, 'act_R': 2.5, 'trail_frac': 2.5, 'buf_atr': 0.8, 'min_brk': 1.5, 'ema_len': 260, 'atr_len': 152, 'regime_len': 10, 'breakeven_R': 2.0}"
169,1135,106653,1.285,34398,3.1,35.4,0.184,13.9,75.3,0.51,1.19,511,6,16,"{'er_len': 110, 'er_th': 0.0, 'limit_atr': 0.25, 'tl_len': 270, 'vol_mult': 4.3, 'stop_mult': 1.4, 'act_R': 1.0, 'trail_frac': 2.0, 'buf_atr': 0.75, 'min_brk': 2.7, 'ema_len': 1180, 'atr_len': 84, 'regime_len': 100, 'breakeven_R': 3.0}"
170,334,149737,1.862,54407,2.75,32.9,0.578,12.8,22.2,0.38,1.85,775,8,17,"{'er_len': 40, 'er_th': 0.4, 'limit_atr': 0.8, 'tl_len': 298, 'vol_mult': 3.7, 'stop_mult': 1.8, 'act_R': 1.5, 'trail_frac': 3.0, 'buf_atr': 0.1, 'min_brk': 2.5, 'ema_len': 140, 'atr_len': 148, 'regime_len': 30, 'breakeven_R': 1.5}"
171,346,48618,1.718,14791,3.29,22.3,0.558,12.8,23.0,0.44,1.57,252,4,36,"{'er_len': 110, 'er_th': 0.2, 'limit_atr': 0.15, 'tl_len': 134, 'vol_mult': 0.5, 'stop_mult': 0.7, 'act_R': 3.0, 'trail_frac': 0.5, 'buf_atr': 0.3, 'min_brk': 1.1, 'ema_len': 1140, 'atr_len': 148, 'regime_len': 40, 'breakeven_R': 3.0}"
172,1719,260103,1.212,83527,3.11,47.0,0.112,12.8,114.1,0.59,1.02,1347,7,20,"{'er_len': 90, 'er_th': 0.1, 'limit_atr': 0.35, 'tl_len': 226, 'vol_mult': 1.0, 'stop_mult': 1.7, 'act_R': 2.0, 'trail_frac': 1.0, 'buf_atr': 0.45, 'min_brk': 2.2, 'ema_len': 980, 'atr_len': 92, 'regime_len': 10, 'breakeven_R': 3.0}"
173,412,81890,1.631,24355,3.36,28.6,0.45,12.3,27.4,0.33,1.61,441,5,15,"{'er_len': 90, 'er_th': 0.15, 'limit_atr': 0.25, 'tl_len': 54, 'vol_mult': 4.4, 'stop_mult': 1.9, 'act_R': 3.0, 'trail_frac': 3.5, 'buf_atr': 0.75, 'min_brk': 2.7, 'ema_len': 420, 'atr_len': 80, 'regime_len': 85, 'breakeven_R': 2.0}"
174,457,46201,1.446,17067,2.71,9.8,0.402,12.2,30.3,0.21,1.08,251,6,23,"{'er_len': 40, 'er_th': 0.45, 'limit_atr': 0.4, 'tl_len': 102, 'vol_mult': 0.7, 'stop_mult': 0.6, 'act_R': 2.0, 'trail_frac': 3.0, 'buf_atr': 1.0, 'min_brk': 0.1, 'ema_len': 620, 'atr_len': 76, 'regime_len': 85, 'breakeven_R': 0.5}"
175,139,60643,2.434,10248,5.92,32.4,0.97,8.9,9.2,0.59,1.68,450,6,22,"{'er_len': 50, 'er_th': 0.5, 'limit_atr': 0.5, 'tl_len': 158, 'vol_mult': 1.0, 'stop_mult': 1.3, 'act_R': 1.5, 'trail_frac': 1.0, 'buf_atr': 0.25, 'min_brk': 2.3, 'ema_len': 980, 'atr_len': 72, 'regime_len': 85, 'breakeven_R': 0.5}"
176,148,75995,2.308,11788,6.45,36.5,0.831,8.2,9.8,0.57,1.94,618,3,19,"{'er_len': 120, 'er_th': 0.2, 'limit_atr': 0.25, 'tl_len': 206, 'vol_mult': 3.0, 'stop_mult': 1.5, 'act_R': 0.0, 'trail_frac': 2.0, 'buf_atr': 0.05, 'min_brk': 1.5, 'ema_len': 1500, 'atr_len': 64, 'regime_len': 75, 'breakeven_R': 0.0}"
177,753,20445,1.165,19523,1.05,14.1,0.142,7.1,50.0,0.2,0.59,191,6,17,"{'er_len': 90, 'er_th': 0.2, 'limit_atr': 0.85, 'tl_len': 234, 'vol_mult': 2.7, 'stop_mult': 0.4, 'act_R': 2.0, 'trail_frac': 1.5, 'buf_atr': 0.4, 'min_brk': 0.7, 'ema_len': 820, 'atr_len': 76, 'regime_len': 85, 'breakeven_R': 0.5}"
178,210,84087,1.673,14445,5.82,28.6,0.481,6.7,13.9,0.47,1.46,833,5,21,"{'er_len': 50, 'er_th': 0.45, 'limit_atr': 0.15, 'tl_len': 138, 'vol_mult': 1.0, 'stop_mult': 0.9, 'act_R': 0.0, 'trail_frac': 2.5, 'buf_atr': 0.95, 'min_brk': 0.0, 'ema_len': 1140, 'atr_len': 48, 'regime_len': 55, 'breakeven_R': 2.0}"
179,1687,15901,1.067,23350,0.68,15.4,0.057,6.4,112.0,0.13,0.39,166,4,17,"{'er_len': 50, 'er_th': 0.1, 'limit_atr': 0.25, 'tl_len': 178, 'vol_mult': 4.2, 'stop_mult': 0.5, 'act_R': 0.5, 'trail_frac': 2.0, 'buf_atr': 0.45, 'min_brk': 1.9, 'ema_len': 700, 'atr_len': 156, 'regime_len': 100, 'breakeven_R': 1.0}"
180,537,11415,1.196,6360,1.79,35.6,0.127,4.5,35.6,0.29,0.63,168,3,23,"{'er_len': 40, 'er_th': 0.4, 'limit_atr': 0.7, 'tl_len': 90, 'vol_mult': 1.6, 'stop_mult': 0.5, 'act_R': 0.0, 'trail_frac': 0.5, 'buf_atr': 0.5, 'min_brk': 2.2, 'ema_len': 1420, 'atr_len': 76, 'regime_len': 35, 'breakeven_R': 2.0}"
181,289,83761,1.348,38109,2.2,40.1,0.208,4.0,19.2,0.42,0.86,1391,5,22,"{'er_len': 90, 'er_th': 0.3, 'limit_atr': 0.6, 'tl_len': 274, 'vol_mult': 0.4, 'stop_mult': 1.3, 'act_R': 2.5, 'trail_frac': 2.0, 'buf_atr': 0.7, 'min_brk': 0.4, 'ema_len': 1300, 'atr_len': 160, 'regime_len': 95, 'breakeven_R': 0.0}"
182,229,13418,1.302,7531,1.78,17.9,0.248,3.8,15.2,0.21,0.7,236,5,17,"{'er_len': 40, 'er_th': 0.4, 'limit_atr': 0.7, 'tl_len': 134, 'vol_mult': 4.3, 'stop_mult': 0.4, 'act_R': 2.0, 'trail_frac': 2.0, 'buf_atr': 0.0, 'min_brk': 1.7, 'ema_len': 1580, 'atr_len': 20, 'regime_len': 80, 'breakeven_R': 1.5}"
183,125,48461,1.606,19537,2.48,33.6,0.402,3.3,8.3,0.23,0.82,964,4,17,"{'er_len': 110, 'er_th': 0.2, 'limit_atr': 0.75, 'tl_len': 162, 'vol_mult': 2.7, 'stop_mult': 1.6, 'act_R': 1.5, 'trail_frac': 3.0, 'buf_atr': 0.65, 'min_brk': 1.4, 'ema_len': 980, 'atr_len': 140, 'regime_len': 10, 'breakeven_R': 2.5}"
184,103,16450,1.44,10795,1.52,13.6,0.38,2.6,6.8,0.17,0.39,420,4,15,"{'er_len': 80, 'er_th': 0.3, 'limit_atr': 0.5, 'tl_len': 226, 'vol_mult': 4.7, 'stop_mult': 1.9, 'act_R': 0.5, 'trail_frac': 2.5, 'buf_atr': 0.7, 'min_brk': 0.9, 'ema_len': 420, 'atr_len': 108, 'regime_len': 10, 'breakeven_R': 0.5}"
185,3059,4589,1.014,34383,0.13,14.2,0.012,2.5,203.1,0.03,0.1,122,3,20,"{'er_len': 30, 'er_th': 0.05, 'limit_atr': 0.2, 'tl_len': 202, 'vol_mult': 3.4, 'stop_mult': 0.4, 'act_R': 0.5, 'trail_frac': 1.5, 'buf_atr': 0.05, 'min_brk': 2.6, 'ema_len': 1500, 'atr_len': 144, 'regime_len': 30, 'breakeven_R': 0.5}"
186,15,46087,3.932,13382,3.44,26.7,2.15,2.1,1.0,0.25,1.69,1429,3,20,"{'er_len': 80, 'er_th': 0.45, 'limit_atr': 0.65, 'tl_len': 170, 'vol_mult': 1.1, 'stop_mult': 1.0, 'act_R': 1.0, 'trail_frac': 4.0, 'buf_atr': 0.6, 'min_brk': 1.4, 'ema_len': 300, 'atr_len': 180, 'regime_len': 20, 'breakeven_R': 0.0}"
187,46,20065,1.921,11955,1.68,23.9,0.701,2.1,3.1,0.24,1.01,622,3,18,"{'er_len': 90, 'er_th': 0.4, 'limit_atr': 0.3, 'tl_len': 246, 'vol_mult': 1.7, 'stop_mult': 0.5, 'act_R': 1.5, 'trail_frac': 2.0, 'buf_atr': 0.15, 'min_brk': 0.1, 'ema_len': 540, 'atr_len': 112, 'regime_len': 0, 'breakeven_R': 0.0}"
188,120,37331,1.488,18021,2.07,50.0,0.244,1.9,8.0,0.33,0.67,1275,6,17,"{'er_len': 100, 'er_th': 0.2, 'limit_atr': 0.55, 'tl_len': 138, 'vol_mult': 3.2, 'stop_mult': 1.7, 'act_R': 2.0, 'trail_frac': 1.0, 'buf_atr': 0.6, 'min_brk': 0.2, 'ema_len': 820, 'atr_len': 180, 'regime_len': 25, 'breakeven_R': 0.0}"
189,53,14315,1.627,6582,2.17,20.8,0.497,1.7,3.5,0.19,0.66,544,2,21,"{'er_len': 80, 'er_th': 0.25, 'limit_atr': 0.5, 'tl_len': 94, 'vol_mult': 4.4, 'stop_mult': 1.2, 'act_R': 2.5, 'trail_frac': 0.5, 'buf_atr': 0.8, 'min_brk': 1.6, 'ema_len': 300, 'atr_len': 104, 'regime_len': 80, 'breakeven_R': 1.0}"
190,50,27034,1.734,8745,3.09,42.0,0.425,1.4,3.3,0.33,0.68,1271,6,24,"{'er_len': 110, 'er_th': 0.35, 'limit_atr': 0.45, 'tl_len': 278, 'vol_mult': 1.3, 'stop_mult': 1.1, 'act_R': 2.0, 'trail_frac': 1.0, 'buf_atr': 0.35, 'min_brk': 1.7, 'ema_len': 140, 'atr_len': 164, 'regime_len': 95, 'breakeven_R': 3.0}"
191,5,15464,8.231,2139,7.23,60.0,2.893,1.0,0.3,0.42,2.5,1069,0,17,"{'er_len': 70, 'er_th': 0.45, 'limit_atr': 0.85, 'tl_len': 66, 'vol_mult': 4.1, 'stop_mult': 1.1, 'act_R': 0.0, 'trail_frac': 2.0, 'buf_atr': 0.85, 'min_brk': 0.9, 'ema_len': 1540, 'atr_len': 152, 'regime_len': 70, 'breakeven_R': 0.0}"
192,321,14705,1.067,56117,0.26,33.3,0.045,1.0,21.3,0.08,0.14,1021,6,16,"{'er_len': 30, 'er_th': 0.5, 'limit_atr': 0.05, 'tl_len': 270, 'vol_mult': 3.8, 'stop_mult': 2.0, 'act_R': 3.0, 'trail_frac': 3.0, 'buf_atr': 0.0, 'min_brk': 3.0, 'ema_len': 260, 'atr_len': 116, 'regime_len': 100, 'breakeven_R': 2.0}"
193,14,17381,2.517,5730,3.03,42.9,0.867,0.8,0.9,0.25,0.99,1432,3,21,"{'er_len': 110, 'er_th': 0.3, 'limit_atr': 0.9, 'tl_len': 130, 'vol_mult': 3.0, 'stop_mult': 1.8, 'act_R': 2.0, 'trail_frac': 0.5, 'buf_atr': 0.8, 'min_brk': 0.3, 'ema_len': 1540, 'atr_len': 76, 'regime_len': 90, 'breakeven_R': 2.5}"
194,116,9444,1.123,26610,0.35,25.0,0.092,0.7,7.7,0.08,0.16,882,3,17,"{'er_len': 100, 'er_th': 0.25, 'limit_atr': 0.4, 'tl_len': 238, 'vol_mult': 4.3, 'stop_mult': 1.6, 'act_R': 0.5, 'trail_frac': 2.5, 'buf_atr': 0.0, 'min_brk': 1.1, 'ema_len': 1340, 'atr_len': 156, 'regime_len': 45, 'breakeven_R': 1.0}"
195,34,2329,1.183,7297,0.32,44.1,0.103,0.2,2.3,0.09,0.15,668,6,20,"{'er_len': 60, 'er_th': 0.35, 'limit_atr': 0.05, 'tl_len': 50, 'vol_mult': 4.5, 'stop_mult': 0.5, 'act_R': 1.0, 'trail_frac': 0.5, 'buf_atr': 0.5, 'min_brk': 2.3, 'ema_len': 580, 'atr_len': 48, 'regime_len': 65, 'breakeven_R': 2.5}"
196,1189,-2653,0.988,38447,-0.07,15.3,-0.011,-0.8,78.9,-0.02,-0.06,212,3,21,"{'er_len': 120, 'er_th': 0.1, 'limit_atr': 0.45, 'tl_len': 66, 'vol_mult': 3.1, 'stop_mult': 0.6, 'act_R': 1.0, 'trail_frac': 3.0, 'buf_atr': 1.0, 'min_brk': 2.3, 'ema_len': 580, 'atr_len': 156, 'regime_len': 100, 'breakeven_R': 0.0}"
197,10300,-11130,0.987,119901,-0.09,25.1,-0.009,-6.5,683.8,-0.06,-0.18,115,3,16,"{'er_len': 120, 'er_th': 0.0, 'limit_atr': 0.75, 'tl_len': 122, 'vol_mult': 1.8, 'stop_mult': 0.4, 'act_R': 1.0, 'trail_frac': 1.0, 'buf_atr': 0.85, 'min_brk': 0.9, 'ema_len': 1540, 'atr_len': 100, 'regime_len': 50, 'breakeven_R': 1.0}"
198,6750,-63674,0.922,92955,-0.68,12.4,-0.069,-30.8,448.1,-0.29,-0.53,137,2,17,"{'er_len': 20, 'er_th': 0.15, 'limit_atr': 0.15, 'tl_len': 54, 'vol_mult': 1.5, 'stop_mult': 1.8, 'act_R': 3.0, 'trail_frac': 2.0, 'buf_atr': 0.8, 'min_brk': 1.5, 'ema_len': 1420, 'atr_len': 72, 'regime_len': 100, 'breakeven_R': 0.5}"
199,3,-1708,0.805,8775,-0.19,33.3,-0.13,-0.0,0.2,-0.05,-0.07,4387,0,28,"{'er_len': 110, 'er_th': 0.45, 'limit_atr': 0.3, 'tl_len': 162, 'vol_mult': 0.0, 'stop_mult': 0.7, 'act_R': 1.0, 'trail_frac': 2.5, 'buf_atr': 0.1, 'min_brk': 1.9, 'ema_len': 140, 'atr_len': 108, 'regime_len': 10, 'breakeven_R': 1.5}"
200,4,62887,inf,0,99,100.0,nan,nan,0.3,0.42,0,0,0,18,"{'er_len': 80, 'er_th': 0.45, 'limit_atr': 0.65, 'tl_len': 82, 'vol_mult': 3.7, 'stop_mult': 1.7, 'act_R': 0.5, 'trail_frac': 3.5, 'buf_atr': 0.5, 'min_brk': 0.8, 'ema_len': 820, 'atr_len': 24, 'regime_len': 100, 'breakeven_R': 1.5}"
