cell,n,net,pf,dd,mar,win,evr,ryr,tpy,sh,so,avl,folds8
P0 NQDIP_1_0 defaults,629,333424,1.74,40479,8.24,69.5,0.226,9.4,41.8,1.32,1.86,2346,8
P0b NQDIP_1_1 new legs OFF (parity),629,333424,1.74,40479,8.24,69.5,0.226,9.4,41.8,1.32,1.86,2346,8
"P1 NQDIP_1_1 defaults, 7 legs",1362,464694,1.553,59956,7.75,66.9,0.183,16.6,90.5,1.5,2.07,1864,8
IBS thr0.15/exit0.6/hold3,287,70715,1.569,11899,5.94,66.9,0.188,3.6,19.1,0.72,1.01,1309,
IBS thr0.15/exit0.6/hold5,284,75709,1.655,9808,7.72,66.9,0.217,4.1,18.9,0.81,1.16,1229,
IBS thr0.15/exit0.6/hold7,284,77561,1.681,10097,7.68,67.3,0.223,4.2,18.9,0.83,1.19,1225,
IBS thr0.15/exit0.7/hold3,280,82551,1.653,12193,6.77,68.2,0.208,3.9,18.6,0.82,1.16,1420,
IBS thr0.15/exit0.7/hold5,274,88928,1.725,10235,8.69,68.2,0.23,4.2,18.2,0.88,1.31,1410,
IBS thr0.15/exit0.7/hold7,273,86690,1.705,9322,9.3,68.5,0.222,4.0,18.1,0.85,1.25,1430,
IBS thr0.15/exit0.8/hold3,274,106469,1.888,11946,8.91,69.0,0.276,5.0,18.2,1.02,1.54,1410,
IBS thr0.15/exit0.8/hold5,265,115810,1.975,10238,11.31,69.1,0.302,5.3,17.6,1.07,1.66,1448,
IBS thr0.15/exit0.8/hold7,261,103191,1.816,14422,7.15,69.7,0.247,4.3,17.3,0.87,1.24,1600,
IBS thr0.2/exit0.6/hold3,367,65898,1.388,14761,4.46,65.9,0.132,3.2,24.4,0.6,0.8,1359,
IBS thr0.2/exit0.6/hold5,362,74238,1.476,13438,5.52,65.7,0.163,3.9,24.0,0.71,0.99,1257,
IBS thr0.2/exit0.6/hold7,362,76090,1.493,13763,5.53,66.0,0.168,4.0,24.0,0.73,1.01,1254,
IBS thr0.2/exit0.7/hold3,354,72603,1.412,15005,4.84,65.8,0.141,3.3,23.5,0.63,0.86,1455,
IBS thr0.2/exit0.7/hold5,344,90824,1.568,13241,6.86,66.0,0.193,4.4,22.8,0.82,1.19,1367,
IBS thr0.2/exit0.7/hold7,343,92732,1.591,13566,6.84,66.5,0.198,4.5,22.8,0.84,1.22,1363,
IBS thr0.2/exit0.8/hold3,341,83462,1.479,14725,5.67,64.8,0.169,3.8,22.6,0.7,1.01,1452,
IBS thr0.2/exit0.8/hold5,323,110636,1.722,12585,8.79,65.6,0.248,5.3,21.5,0.96,1.49,1381,
IBS thr0.2/exit0.8/hold7,319,103982,1.646,14477,7.18,66.8,0.215,4.5,21.2,0.81,1.16,1519,
IBS thr0.25/exit0.6/hold3,433,55532,1.267,19004,2.92,67.0,0.088,2.5,28.8,0.44,0.56,1457,
IBS thr0.25/exit0.6/hold5,429,74911,1.396,14019,5.34,67.1,0.13,3.7,28.5,0.65,0.86,1342,
IBS thr0.25/exit0.6/hold7,427,70065,1.367,14167,4.95,67.2,0.12,3.4,28.4,0.6,0.78,1362,
IBS thr0.25/exit0.7/hold3,418,71645,1.338,18082,3.96,67.5,0.11,3.1,27.8,0.55,0.71,1556,
IBS thr0.25/exit0.7/hold5,409,105041,1.562,11921,8.81,68.0,0.18,4.9,27.2,0.86,1.22,1428,
IBS thr0.25/exit0.7/hold7,406,104695,1.573,12897,8.12,68.2,0.182,4.9,27.0,0.87,1.22,1417,
IBS thr0.25/exit0.8/hold3,401,84072,1.393,19221,4.37,66.8,0.13,3.5,26.6,0.62,0.83,1608,
IBS thr0.25/exit0.8/hold5,380,126936,1.698,12971,9.79,67.9,0.224,5.7,25.2,1.0,1.5,1490,
IBS thr0.25/exit0.8/hold7,374,118104,1.628,14755,8.0,68.7,0.197,4.9,24.8,0.86,1.19,1606,
STREAK n2/hold3,319,45662,1.345,14543,3.14,62.4,0.13,2.7,21.2,0.48,0.64,1103,
STREAK n2/hold5,319,51579,1.392,15080,3.42,63.0,0.145,3.1,21.2,0.54,0.74,1116,
STREAK n2/hold8,317,51440,1.401,15080,3.41,62.8,0.149,3.1,21.1,0.55,0.76,1087,
STREAK n3/hold3,135,20951,1.329,12768,1.64,62.2,0.124,1.1,9.0,0.3,0.4,1250,
STREAK n3/hold5,133,15010,1.227,12768,1.18,61.7,0.087,0.8,8.8,0.22,0.28,1296,
STREAK n3/hold8,133,18352,1.292,12768,1.44,61.7,0.112,1.0,8.8,0.27,0.36,1231,
STREAK n4/hold3,55,5019,1.2,13356,0.38,56.4,0.087,0.3,3.7,0.13,0.17,1047,
STREAK n4/hold5,53,4880,1.224,11996,0.41,54.7,0.102,0.4,3.5,0.15,0.2,907,
STREAK n4/hold8,53,4880,1.224,11996,0.41,54.7,0.102,0.4,3.5,0.15,0.2,907,
STREAK n5/hold3,18,3426,1.414,4476,0.77,66.7,0.138,0.2,1.2,0.14,0.18,1379,
STREAK n5/hold5,18,6768,2.372,2139,3.16,66.7,0.457,0.5,1.2,0.4,0.71,822,
STREAK n5/hold8,18,6768,2.372,2139,3.16,66.7,0.457,0.5,1.2,0.4,0.71,822,
GAPDN atr0.25/hold1,468,73509,1.333,34513,2.13,61.5,0.128,4.0,31.1,0.56,0.78,1228,
GAPDN atr0.25/hold2,441,69076,1.293,42491,1.63,61.5,0.113,3.3,29.3,0.5,0.72,1387,
GAPDN atr0.25/hold3,415,77227,1.321,27781,2.78,66.0,0.109,3.0,27.6,0.51,0.66,1705,
GAPDN atr0.25/hold5,386,111114,1.531,23697,4.69,68.9,0.165,4.2,25.6,0.77,1.02,1743,
GAPDN atr0.5/hold1,276,14866,1.097,48304,0.31,55.8,0.043,0.8,18.3,0.14,0.2,1255,
GAPDN atr0.5/hold2,263,11509,1.07,37296,0.31,60.1,0.028,0.5,17.5,0.1,0.13,1565,
GAPDN atr0.5/hold3,256,25436,1.155,30265,0.84,64.5,0.055,0.9,17.0,0.21,0.26,1808,
GAPDN atr0.5/hold5,242,68315,1.511,18194,3.75,67.8,0.165,2.6,16.1,0.59,0.79,1714,
GAPDN atr0.75/hold1,156,-2273,0.977,32535,-0.07,51.9,-0.011,-0.1,10.4,-0.03,-0.04,1344,
GAPDN atr0.75/hold2,152,-8316,0.925,29625,-0.28,57.9,-0.032,-0.3,10.1,-0.09,-0.11,1736,
GAPDN atr0.75/hold3,149,-17285,0.862,42681,-0.4,61.7,-0.053,-0.5,9.9,-0.16,-0.19,2198,
GAPDN atr0.75/hold5,141,21235,1.202,31730,0.67,65.2,0.07,0.7,9.4,0.2,0.27,2142,
GAPDN atr1.0/hold1,83,21399,1.428,17107,1.25,59.0,0.175,1.0,5.5,0.3,0.47,1470,
GAPDN atr1.0/hold2,82,36947,1.798,11264,3.28,67.1,0.263,1.4,5.4,0.48,0.72,1715,
GAPDN atr1.0/hold3,81,24773,1.412,24237,1.02,69.1,0.127,0.7,5.4,0.28,0.38,2405,
GAPDN atr1.0/hold5,79,51749,2.316,13356,3.87,72.2,0.366,1.9,5.2,0.69,1.09,1788,
"P2 7 legs, new legs at best single-leg settings (one look)",1714,623053,1.64,61090,10.2,67.8,0.206,23.5,113.8,1.88,2.64,1763,8
P3 best IBS alone (folds),380,126936,1.698,12971,9.79,67.9,0.224,5.7,25.2,1.0,1.5,1490,7
P3 best STREAK alone (folds),319,51579,1.392,15080,3.42,63.0,0.145,3.1,21.2,0.54,0.74,1116,6
P3 best GAPDN alone (folds),386,111114,1.531,23697,4.69,68.9,0.165,4.2,25.6,0.77,1.02,1743,6
