leg,date,pnl
QQQ/RSI,2012-06-28,-767.23
QQQ/RSI,2012-07-16,-1744.92
QQQ/RSI,2012-07-27,388.99
QQQ/RSI,2012-08-27,1264.87
QQQ/RSI,2012-09-07,1695.59
QQQ/RSI,2012-09-14,1625.34
QQQ/RSI,2012-10-03,-1535.97
QQQ/RSI,2012-10-16,-1340.19
QQQ/RSI,2012-11-02,772.11
QQQ/RSI,2012-11-20,-936.85
QQQ/RSI,2012-12-12,2483.88
QQQ/RSI,2012-12-18,1725.18
QQQ/RSI,2013-01-02,2594.23
QQQ/RSI,2013-01-18,429.62
QQQ/RSI,2013-01-29,279.11
QQQ/RSI,2013-02-04,-123.93
QQQ/RSI,2013-02-06,683.93
QQQ/RSI,2013-02-28,443.12
QQQ/RSI,2013-03-21,-734.6
QQQ/RSI,2013-03-25,859.61
QQQ/RSI,2013-04-10,1497.14
QQQ/RSI,2013-04-23,313.63
QQQ/RSI,2013-05-29,843.35
QQQ/RSI,2013-06-10,348.55
QQQ/RSI,2013-06-18,1833.66
QQQ/RSI,2013-06-27,629.88
QQQ/RSI,2013-07-26,-287.09
QQQ/RSI,2013-08-23,1542.51
QQQ/RSI,2013-08-30,1299.08
QQQ/RSI,2013-10-07,-45.41
QQQ/RSI,2013-10-14,1711.26
QQQ/RSI,2013-11-14,1912.94
QQQ/RSI,2013-11-22,738.59
QQQ/RSI,2013-12-19,907.15
QQQ/RSI,2014-01-09,1099.29
QQQ/RSI,2014-01-15,1984.66
QQQ/RSI,2014-02-07,-584.91
QQQ/RSI,2014-03-13,1193.69
QQQ/RSI,2014-03-19,1744.22
QQQ/RSI,2014-04-02,1006.14
QQQ/RSI,2014-04-10,2368.4
QQQ/RSI,2014-04-17,1770.33
QQQ/RSI,2014-05-13,2368.42
QQQ/RSI,2014-06-19,693.9
QQQ/RSI,2014-07-21,831.65
QQQ/RSI,2014-08-12,549.5
QQQ/RSI,2014-09-19,2577.03
QQQ/RSI,2014-09-25,627.25
QQQ/RSI,2014-10-09,245.14
QQQ/RSI,2014-10-21,1348.37
QQQ/RSI,2014-12-19,896.15
QQQ/RSI,2015-01-09,-154.93
QQQ/RSI,2015-01-21,-128.44
QQQ/RSI,2015-02-04,-534.21
QQQ/RSI,2015-03-17,-1153.5
QQQ/RSI,2015-04-07,1251.64
QQQ/RSI,2015-04-21,1556.87
QQQ/RSI,2015-05-11,637.11
QQQ/RSI,2015-05-28,1093.87
QQQ/RSI,2015-06-11,372.95
QQQ/RSI,2015-06-18,1275.12
QQQ/RSI,2015-07-13,461.27
QQQ/RSI,2015-07-31,1754.22
QQQ/RSI,2015-08-11,706.11
QQQ/RSI,2015-08-28,-484.15
QQQ/RSI,2015-11-19,1880.12
QQQ/RSI,2015-12-16,1899.96
QQQ/RSI,2016-01-13,-3718.64
QQQ/RSI,2016-05-10,-2219.74
QQQ/RSI,2016-06-22,78.86
QQQ/RSI,2016-09-15,1942.35
QQQ/RSI,2016-10-20,65.01
QQQ/RSI,2016-11-09,-2669.5
QQQ/RSI,2016-11-16,344.42
QQQ/RSI,2016-12-08,788.81
QQQ/RSI,2017-01-05,188.57
QQQ/RSI,2017-02-01,840.28
QQQ/RSI,2017-03-02,407.98
QQQ/RSI,2017-03-09,71.91
QQQ/RSI,2017-03-29,1427.87
QQQ/RSI,2017-04-07,-95.75
QQQ/RSI,2017-04-21,441.8
QQQ/RSI,2017-05-23,2472.29
QQQ/RSI,2017-06-20,1350.53
QQQ/RSI,2017-06-29,629.62
QQQ/RSI,2017-07-11,327.89
QQQ/RSI,2017-08-08,804.56
QQQ/RSI,2017-08-15,2153.94
QQQ/RSI,2017-08-23,736.61
QQQ/RSI,2017-08-30,464.62
QQQ/RSI,2017-09-12,626.76
QQQ/RSI,2017-10-02,269.15
QQQ/RSI,2017-10-23,53.9
QQQ/RSI,2017-10-30,2074.15
QQQ/RSI,2017-11-17,1244.37
QQQ/RSI,2017-12-11,148.24
QQQ/RSI,2018-01-03,1328.0
QQQ/RSI,2018-02-01,-933.64
QQQ/RSI,2018-02-15,-1908.83
QQQ/RSI,2018-03-06,3764.63
QQQ/RSI,2018-04-06,-6063.75
QQQ/RSI,2018-04-11,1385.25
QQQ/RSI,2018-05-02,-38.4
QQQ/RSI,2018-05-17,158.5
QQQ/RSI,2018-05-22,222.96
QQQ/RSI,2018-05-31,333.81
QQQ/RSI,2018-06-21,483.38
QQQ/RSI,2018-07-06,-1710.29
QQQ/RSI,2018-07-23,-638.1
QQQ/RSI,2018-08-03,1241.02
QQQ/RSI,2018-08-14,68.5
QQQ/RSI,2018-08-23,51.99
QQQ/RSI,2018-09-14,595.68
QQQ/RSI,2018-09-19,740.34
QQQ/RSI,2018-10-18,-3167.66
QQQ/RSI,2018-11-01,-2603.37
QQQ/RSI,2018-11-28,-1510.02
QQQ/RSI,2019-03-12,3330.82
QQQ/RSI,2019-06-07,-554.75
QQQ/RSI,2019-08-14,1032.18
QQQ/RSI,2019-10-07,240.97
QQQ/RSI,2020-03-05,-4750.13
QQQ/RSI,2020-09-28,321.02
QQQ/RSI,2020-11-05,4253.53
QQQ/RSI,2021-03-02,-1830.86
QQQ/RSI,2021-03-10,2370.07
QQQ/RSI,2021-03-23,2629.76
QQQ/RSI,2021-03-29,1747.91
QQQ/RSI,2021-04-22,1114.04
QQQ/RSI,2021-04-26,1117.41
QQQ/RSI,2021-05-17,-4323.86
QQQ/RSI,2021-06-07,944.27
QQQ/RSI,2021-07-22,82.38
QQQ/RSI,2021-08-04,113.78
QQQ/RSI,2021-08-16,-147.68
QQQ/RSI,2021-08-23,971.28
QQQ/RSI,2021-09-24,-2687.43
QQQ/RSI,2021-10-07,431.31
QQQ/RSI,2021-10-14,1038.66
QQQ/RSI,2021-11-17,1325.34
QQQ/RSI,2021-11-30,954.86
QQQ/RSI,2021-12-08,3186.34
QQQ/RSI,2021-12-16,2583.5
QQQ/RSI,2021-12-23,2975.75
QQQ/RSI,2022-01-04,779.41
QQQ/RSI,2022-02-01,-7698.46
QQQ/RSI,2022-02-07,1262.19
QQQ/RSI,2023-04-28,2108.01
QQQ/RSI,2023-08-15,-454.0
QQQ/RSI,2023-08-22,3157.94
QQQ/RSI,2023-09-29,185.09
QQQ/RSI,2023-10-25,953.8
QQQ/RSI,2024-01-09,1359.79
QQQ/RSI,2024-04-09,1394.88
QQQ/RSI,2024-04-24,380.95
QQQ/RSI,2024-07-24,-1132.37
QQQ/RSI,2024-08-01,1713.8
QQQ/RSI,2025-03-06,-4940.64
QQQ/DBL,2012-06-18,1226.64
QQQ/DBL,2012-07-02,2126.29
QQQ/DBL,2012-07-16,-1284.63
QQQ/DBL,2012-07-30,2276.69
QQQ/DBL,2012-08-06,2818.39
QQQ/DBL,2012-08-29,999.03
QQQ/DBL,2012-09-07,1695.59
QQQ/DBL,2012-09-14,1625.34
QQQ/DBL,2012-10-04,-1021.13
QQQ/DBL,2012-10-16,-1340.19
QQQ/DBL,2012-11-02,772.11
QQQ/DBL,2012-11-20,-936.85
QQQ/DBL,2012-12-12,1185.58
QQQ/DBL,2012-12-19,3053.37
QQQ/DBL,2013-01-02,2594.23
QQQ/DBL,2013-01-10,895.64
QQQ/DBL,2013-01-18,429.62
QQQ/DBL,2013-01-30,593.12
QQQ/DBL,2013-02-04,-123.93
QQQ/DBL,2013-02-11,1867.06
QQQ/DBL,2013-02-28,443.12
QQQ/DBL,2013-03-21,-938.28
QQQ/DBL,2013-03-27,23.93
QQQ/DBL,2013-04-03,343.23
QQQ/DBL,2013-04-10,769.77
QQQ/DBL,2013-04-23,313.63
QQQ/DBL,2013-05-29,843.35
QQQ/DBL,2013-06-10,348.55
QQQ/DBL,2013-06-18,1833.66
QQQ/DBL,2013-06-27,629.88
QQQ/DBL,2013-07-29,447.49
QQQ/DBL,2013-08-26,1582.22
QQQ/DBL,2013-09-05,2258.41
QQQ/DBL,2013-10-15,2990.34
QQQ/DBL,2013-11-14,1912.94
QQQ/DBL,2013-12-23,2652.25
QQQ/DBL,2014-01-15,850.84
QQQ/DBL,2014-02-10,591.03
QQQ/DBL,2014-04-02,884.42
QQQ/DBL,2014-04-22,1506.25
QQQ/DBL,2014-05-13,2368.42
QQQ/DBL,2014-07-21,831.65
QQQ/DBL,2014-08-12,549.5
QQQ/DBL,2014-09-09,532.54
QQQ/DBL,2014-09-19,1307.23
QQQ/DBL,2014-10-22,-927.6
QQQ/DBL,2014-12-19,896.15
QQQ/DBL,2015-01-22,-1195.79
QQQ/DBL,2015-02-06,3034.37
QQQ/DBL,2015-03-19,351.64
QQQ/DBL,2015-04-10,2542.4
QQQ/DBL,2015-04-22,1669.47
QQQ/DBL,2015-05-15,1655.14
QQQ/DBL,2015-05-28,1093.87
QQQ/DBL,2015-06-19,1180.86
QQQ/DBL,2015-07-14,1488.45
QQQ/DBL,2015-08-06,1681.82
QQQ/DBL,2015-09-14,-3850.09
QQQ/DBL,2015-10-05,363.2
QQQ/DBL,2015-11-19,68.04
QQQ/DBL,2015-12-30,1485.37
QQQ/DBL,2016-02-01,-5845.16
QQQ/DBL,2016-03-30,2383.88
QQQ/DBL,2016-04-14,2050.31
QQQ/DBL,2016-05-11,-1382.19
QQQ/DBL,2016-06-24,-2919.33
QQQ/DBL,2016-09-06,683.85
QQQ/DBL,2016-09-22,4817.89
QQQ/DBL,2016-10-24,1068.17
QQQ/DBL,2016-11-09,-1542.97
QQQ/DBL,2016-12-09,1299.61
QQQ/DBL,2017-01-06,939.52
QQQ/DBL,2017-03-30,1789.8
QQQ/DBL,2017-04-21,441.8
QQQ/DBL,2017-05-25,3133.95
QQQ/DBL,2017-06-20,1350.53
QQQ/DBL,2017-07-11,-77.73
QQQ/DBL,2017-08-08,804.56
QQQ/DBL,2017-08-31,2699.15
QQQ/DBL,2017-09-13,413.47
QQQ/DBL,2017-10-02,1139.74
QQQ/DBL,2017-10-30,2074.15
QQQ/DBL,2018-02-26,8419.81
QQQ/DBL,2018-04-18,2126.26
QQQ/DBL,2018-07-11,2264.9
QQQ/DBL,2018-08-27,4303.11
QQQ/DBL,2018-11-08,-2671.53
QQQ/DBL,2019-03-12,1905.78
QQQ/DBL,2019-06-11,-327.07
QQQ/DBL,2019-09-06,1770.98
QQQ/DBL,2019-10-14,1604.14
QQQ/DBL,2019-12-13,1936.12
QQQ/DBL,2020-04-07,-9179.56
QQQ/DBL,2020-08-04,4489.01
QQQ/DBL,2020-10-02,117.87
QQQ/DBL,2020-11-06,7566.07
QQQ/DBL,2021-03-12,-6010.54
QQQ/DBL,2021-04-01,3702.07
QQQ/DBL,2021-04-27,2021.25
QQQ/DBL,2021-05-21,-2614.12
QQQ/DBL,2021-06-07,944.27
QQQ/DBL,2021-07-23,3160.34
QQQ/DBL,2021-08-16,521.41
QQQ/DBL,2021-08-24,2351.42
QQQ/DBL,2021-10-08,-4412.73
QQQ/DBL,2021-10-15,2308.16
QQQ/DBL,2021-11-17,1299.52
QQQ/DBL,2021-12-08,555.91
QQQ/DBL,2021-12-27,2768.74
QQQ/DBL,2022-01-13,-1532.38
QQQ/DBL,2022-02-01,-2856.8
QQQ/DBL,2023-02-16,1616.21
QQQ/DBL,2023-04-14,-92.36
QQQ/DBL,2023-04-28,1309.49
QQQ/DBL,2023-05-08,1220.29
QQQ/DBL,2023-07-03,2597.65
QQQ/DBL,2023-07-31,1195.76
QQQ/DBL,2023-08-24,168.19
QQQ/DBL,2023-09-15,1519.67
QQQ/DBL,2023-10-03,-2873.89
QQQ/DBL,2023-11-02,-916.37
QQQ/DBL,2023-12-08,217.28
QQQ/DBL,2024-01-10,1515.29
QQQ/DBL,2024-02-05,2434.69
QQQ/DBL,2024-02-23,3536.71
QQQ/DBL,2024-03-21,2293.5
QQQ/DBL,2024-04-10,-466.51
QQQ/DBL,2024-04-25,-5182.2
QQQ/DBL,2024-05-06,2801.55
QQQ/DBL,2024-08-16,-1794.89
QQQ/DBL,2024-09-20,5173.27
QQQ/DBL,2024-11-07,4696.79
QQQ/DBL,2025-01-22,2949.1
QQQ/DBL,2025-04-25,-9304.37
QQQ/PB,2012-06-18,-771.11
QQQ/PB,2012-06-20,731.17
QQQ/PB,2012-07-03,2348.86
QQQ/PB,2012-07-20,1588.13
QQQ/PB,2012-07-30,2276.69
QQQ/PB,2012-08-06,2818.39
QQQ/PB,2012-08-14,623.35
QQQ/PB,2012-09-07,1994.78
QQQ/PB,2012-09-14,1818.13
QQQ/PB,2012-10-22,-6873.05
QQQ/PB,2012-12-05,516.97
QQQ/PB,2012-12-12,2483.88
QQQ/PB,2012-12-19,2862.71
QQQ/PB,2013-01-03,3555.8
QQQ/PB,2013-01-10,865.36
QQQ/PB,2013-01-24,-734.93
QQQ/PB,2013-02-04,578.18
QQQ/PB,2013-02-11,1867.06
QQQ/PB,2013-02-20,406.92
QQQ/PB,2013-03-06,2893.09
QQQ/PB,2013-04-01,575.75
QQQ/PB,2013-04-11,1461.89
QQQ/PB,2013-04-30,869.71
QQQ/PB,2013-05-06,369.08
QQQ/PB,2013-05-20,563.26
QQQ/PB,2013-06-21,-4533.25
QQQ/PB,2013-07-02,-117.58
QQQ/PB,2013-07-08,2050.46
QQQ/PB,2013-08-23,1542.51
QQQ/PB,2013-09-05,2258.41
QQQ/PB,2013-10-14,1711.26
QQQ/PB,2013-12-23,1709.07
QQQ/PB,2014-01-15,1984.66
QQQ/PB,2014-02-12,2562.44
QQQ/PB,2014-04-14,-4454.2
QQQ/PB,2014-04-25,-1289.96
QQQ/PB,2014-05-01,1053.87
QQQ/PB,2014-05-13,549.41
QQQ/PB,2014-05-20,1172.08
QQQ/PB,2014-08-14,1815.04
QQQ/PB,2014-09-19,2577.03
QQQ/PB,2014-10-24,-1517.16
QQQ/PB,2014-12-29,515.46
QQQ/PB,2015-02-03,-1378.91
QQQ/PB,2015-02-06,746.04
QQQ/PB,2015-03-19,2010.62
QQQ/PB,2015-04-23,3508.07
QQQ/PB,2015-05-05,674.12
QQQ/PB,2015-05-15,2042.41
QQQ/PB,2015-06-19,1180.86
QQQ/PB,2015-07-15,2210.27
QQQ/PB,2015-07-29,612.52
QQQ/PB,2015-09-08,-5520.07
QQQ/PB,2015-10-19,2593.34
QQQ/PB,2015-11-18,275.67
QQQ/PB,2015-12-17,3170.9
QQQ/PB,2015-12-24,1549.38
QQQ/PB,2015-12-30,863.41
QQQ/PB,2016-02-04,-7880.78
QQQ/PB,2016-05-25,1066.39
QQQ/PB,2016-06-24,-2396.61
QQQ/PB,2016-07-07,1373.7
QQQ/PB,2016-09-16,3388.76
QQQ/PB,2016-10-25,1688.73
QQQ/PB,2016-11-29,950.23
QQQ/PB,2016-12-08,2464.01
QQQ/PB,2017-01-05,675.88
QQQ/PB,2017-03-29,660.24
QQQ/PB,2017-04-21,953.96
QQQ/PB,2017-07-12,1292.74
QQQ/PB,2017-08-15,2153.94
QQQ/PB,2017-08-31,2561.07
QQQ/PB,2017-10-02,1139.74
QQQ/PB,2017-10-30,2552.29
QQQ/PB,2017-12-12,218.01
QQQ/PB,2018-02-26,8419.81
QQQ/PB,2018-03-07,2903.09
QQQ/PB,2018-04-19,-959.16
QQQ/PB,2018-05-07,1543.54
QQQ/PB,2018-07-09,2607.93
QQQ/PB,2018-08-08,2186.85
QQQ/PB,2018-08-23,51.99
QQQ/PB,2018-09-14,2284.67
QQQ/PB,2018-09-21,2035.21
QQQ/PB,2018-09-26,246.61
QQQ/PB,2018-11-05,-7017.16
QQQ/PB,2018-12-12,-3971.85
QQQ/PB,2019-03-12,1905.78
QQQ/PB,2019-06-07,-3828.64
QQQ/PB,2019-08-30,-1325.95
QQQ/PB,2019-09-06,3137.52
QQQ/PB,2019-10-16,2685.31
QQQ/PB,2019-12-05,330.72
QQQ/PB,2020-02-05,2005.36
QQQ/PB,2020-02-12,35.72
QQQ/PB,2020-02-20,119.72
QQQ/PB,2020-03-23,-26699.41
QQQ/PB,2020-04-07,5534.98
QQQ/PB,2020-04-27,3370.71
QQQ/PB,2020-04-30,1719.21
QQQ/PB,2020-05-06,3734.84
QQQ/PB,2020-05-21,3923.26
QQQ/PB,2020-05-28,-1841.21
QQQ/PB,2020-06-02,1768.36
QQQ/PB,2020-06-04,9.64
QQQ/PB,2020-06-08,1385.48
QQQ/PB,2020-06-10,1804.14
QQQ/PB,2020-06-18,1736.66
QQQ/PB,2020-06-23,1912.87
QQQ/PB,2020-07-02,3761.78
QQQ/PB,2020-07-13,1842.4
QQQ/PB,2020-08-05,5821.45
QQQ/PB,2020-08-18,1691.04
QQQ/PB,2020-08-24,1807.72
QQQ/PB,2020-10-06,-2159.65
QQQ/PB,2020-10-09,1858.43
QQQ/PB,2020-11-06,634.53
QQQ/PB,2020-11-12,1633.63
QQQ/PB,2020-11-17,1093.13
QQQ/PB,2020-11-25,2062.61
QQQ/PB,2020-12-02,72.73
QQQ/PB,2020-12-04,32.64
QQQ/PB,2020-12-17,811.01
QQQ/PB,2020-12-29,2456.67
QQQ/PB,2021-01-08,687.68
QQQ/PB,2021-01-21,3379.44
QQQ/PB,2021-02-08,1272.35
QQQ/PB,2021-02-16,859.38
QQQ/PB,2021-03-16,1658.35
QQQ/PB,2021-03-18,-4712.14
QQQ/PB,2021-04-05,3348.31
QQQ/PB,2021-04-16,769.47
QQQ/PB,2021-04-27,1082.9
QQQ/PB,2021-05-13,-5873.25
QQQ/PB,2021-05-21,1528.9
QQQ/PB,2021-05-27,-139.74
QQQ/PB,2021-06-08,1525.37
QQQ/PB,2021-06-11,627.63
QQQ/PB,2021-06-18,-171.13
QQQ/PB,2021-06-23,1463.53
QQQ/PB,2021-07-06,748.56
QQQ/PB,2021-07-08,-1871.31
QQQ/PB,2021-07-12,1174.96
QQQ/PB,2021-07-23,1061.92
QQQ/PB,2021-08-06,737.7
QQQ/PB,2021-08-24,1423.59
QQQ/PB,2021-08-30,993.21
QQQ/PB,2021-09-08,45.5
QQQ/PB,2021-09-24,-2631.22
QQQ/PB,2021-10-12,-2807.68
QQQ/PB,2021-10-26,1223.49
QQQ/PB,2021-11-02,42.1
QQQ/PB,2021-11-19,2772.57
QQQ/PB,2021-12-09,40.31
QQQ/PB,2021-12-28,2071.79
QQQ/PB,2022-01-04,779.41
QQQ/PB,2022-01-21,-8955.01
QQQ/PB,2022-02-02,1442.56
QQQ/PB,2022-02-10,1516.37
QQQ/PB,2022-03-01,-3557.63
QQQ/PB,2022-03-29,2569.06
QQQ/PB,2022-04-05,1358.13
QQQ/PB,2022-04-22,-6020.28
QQQ/PB,2023-03-22,1293.99
QQQ/PB,2023-03-30,1148.17
QQQ/PB,2023-04-14,1046.07
QQQ/PB,2023-05-01,1218.43
QQQ/PB,2023-05-08,815.03
QQQ/PB,2023-05-12,299.3
QQQ/PB,2023-05-18,1826.32
QQQ/PB,2023-05-26,2813.7
QQQ/PB,2023-06-05,158.08
QQQ/PB,2023-06-13,4038.77
QQQ/PB,2023-06-16,2204.32
QQQ/PB,2023-07-03,1163.92
QQQ/PB,2023-07-12,1371.49
QQQ/PB,2023-08-03,-3866.75
QQQ/PB,2023-08-30,2442.62
QQQ/PB,2023-09-21,-4249.68
QQQ/PB,2023-10-09,1028.7
QQQ/PB,2023-10-11,808.59
QQQ/PB,2023-10-30,-6156.5
QQQ/PB,2023-11-03,867.86
QQQ/PB,2023-11-15,2756.09
QQQ/PB,2023-11-24,-255.56
QQQ/PB,2023-12-11,837.33
QQQ/PB,2023-12-27,988.73
QQQ/PB,2024-01-18,1133.14
QQQ/PB,2024-02-05,441.26
QQQ/PB,2024-02-08,561.93
QQQ/PB,2024-02-15,596.81
QQQ/PB,2024-02-23,1074.51
QQQ/PB,2024-03-01,1006.58
QQQ/PB,2024-03-08,1226.82
QQQ/PB,2024-03-26,2123.98
QQQ/PB,2024-04-12,-1216.13
QQQ/PB,2024-04-30,-2487.99
QQQ/PB,2024-05-06,3323.97
QQQ/PB,2024-05-28,-317.47
QQQ/PB,2024-06-06,1894.39
QQQ/PB,2024-06-12,1802.93
QQQ/PB,2024-07-03,1185.92
QQQ/PB,2024-07-29,-5461.51
QQQ/PB,2024-08-19,5364.91
QQQ/PB,2024-09-10,-4819.27
QQQ/PB,2024-09-13,797.23
QQQ/PB,2024-09-20,1281.73
QQQ/PB,2024-09-27,1168.27
QQQ/PB,2024-10-09,246.55
QQQ/PB,2024-10-15,1402.04
QQQ/PB,2024-10-30,1651.5
QQQ/PB,2024-11-07,3233.58
QQQ/PB,2024-11-29,-1282.7
QQQ/PB,2024-12-12,755.38
QQQ/PB,2025-01-07,986.85
QQQ/PB,2025-01-23,2690.25
QQQ/PB,2025-01-29,1385.25
QQQ/PB,2025-02-14,4369.73
QQQ/PB,2025-03-07,-9592.51
QQQ/PB,2025-03-25,2631.76
QQQ/PB,2025-04-11,-7847.37
QQQ/PB,2025-05-09,1666.45
QQQ/PB,2025-06-03,767.33
QQQ/PB,2025-06-11,1040.38
QQQ/PB,2025-06-25,2160.18
QQQ/CAP,2012-06-20,3889.75
QQQ/CAP,2012-07-02,2126.29
QQQ/CAP,2012-07-19,2429.07
QQQ/CAP,2012-07-31,3043.97
QQQ/CAP,2012-08-10,3816.55
QQQ/CAP,2012-08-30,127.11
QQQ/CAP,2012-09-19,2474.58
QQQ/CAP,2012-10-04,780.92
QQQ/CAP,2012-10-16,-1930.14
QQQ/CAP,2012-10-31,-2906.5
QQQ/CAP,2012-11-13,-3471.97
QQQ/CAP,2012-11-26,3929.9
QQQ/CAP,2012-12-14,242.72
QQQ/CAP,2013-01-07,2923.02
QQQ/CAP,2013-02-08,950.31
QQQ/CAP,2013-03-01,-124.56
QQQ/CAP,2013-04-04,-340.73
QQQ/CAP,2013-04-24,458.64
QQQ/CAP,2013-06-03,377.45
QQQ/CAP,2013-06-13,-1408.12
QQQ/CAP,2013-06-28,-1056.67
QQQ/CAP,2013-08-01,1713.54
QQQ/CAP,2013-08-28,-602.82
QQQ/CAP,2013-09-25,1398.71
QQQ/CAP,2013-10-17,3365.0
QQQ/CAP,2013-11-18,2671.45
QQQ/CAP,2013-11-27,2038.0
QQQ/CAP,2013-12-20,980.51
QQQ/CAP,2014-01-14,-435.44
QQQ/CAP,2014-02-04,-2348.8
QQQ/CAP,2014-03-20,-75.65
QQQ/CAP,2014-04-01,-1385.87
QQQ/CAP,2014-04-15,-893.84
QQQ/CAP,2014-07-03,3137.09
QQQ/CAP,2014-07-28,1798.94
QQQ/CAP,2014-08-11,454.59
QQQ/CAP,2014-09-12,170.56
QQQ/CAP,2014-09-24,963.41
QQQ/CAP,2014-10-06,408.27
QQQ/CAP,2014-10-16,-6436.91
QQQ/CAP,2014-12-19,701.36
QQQ/CAP,2015-01-12,-925.93
QQQ/CAP,2015-01-22,-20.02
QQQ/CAP,2015-02-06,3034.37
QQQ/CAP,2015-03-17,-1153.5
QQQ/CAP,2015-04-06,-106.03
QQQ/CAP,2015-05-06,-2466.98
QQQ/CAP,2015-06-17,952.82
QQQ/CAP,2015-07-09,-10.69
QQQ/CAP,2015-07-20,5927.48
QQQ/CAP,2015-08-03,-755.81
QQQ/CAP,2015-08-17,34.45
QQQ/CAP,2015-08-31,-531.53
QQQ/CAP,2015-10-06,2682.98
QQQ/CAP,2015-11-20,1373.36
QQQ/CAP,2015-12-11,-2346.59
QQQ/CAP,2015-12-22,918.29
QQQ/CAP,2016-01-19,-3257.71
QQQ/CAP,2016-02-05,-958.85
QQQ/CAP,2016-02-17,4829.94
QQQ/CAP,2016-04-20,1700.68
QQQ/CAP,2016-05-09,-669.24
QQQ/CAP,2016-05-20,-845.44
QQQ/CAP,2016-06-22,78.86
QQQ/CAP,2016-07-01,-556.69
QQQ/CAP,2016-09-20,3371.1
QQQ/CAP,2016-10-20,65.01
QQQ/CAP,2016-11-07,-1730.63
QQQ/CAP,2016-12-09,1299.61
QQQ/CAP,2016-12-28,1116.0
QQQ/CAP,2017-01-09,1798.93
QQQ/CAP,2017-03-13,477.36
QQQ/CAP,2017-03-30,1789.8
QQQ/CAP,2017-04-17,-1026.85
QQQ/CAP,2017-05-26,3641.25
QQQ/CAP,2017-06-15,-3454.3
QQQ/CAP,2017-07-06,-2569.09
QQQ/CAP,2017-08-09,-437.51
QQQ/CAP,2017-08-21,-19.99
QQQ/CAP,2017-09-06,1848.0
QQQ/CAP,2017-11-01,3175.31
QQQ/CAP,2017-12-04,594.84
QQQ/CAP,2017-12-07,510.5
QQQ/CAP,2018-01-19,896.26
QQQ/CAP,2018-02-07,-804.99
QQQ/CAP,2018-02-13,1483.7
QQQ/CAP,2018-04-02,498.44
QQQ/CAP,2018-07-02,286.75
QQQ/CAP,2018-08-01,-453.47
QQQ/CAP,2018-10-09,-1763.83
QQQ/CAP,2018-10-15,1552.9
QQQ/CAP,2018-10-29,754.23
QQQ/CAP,2018-11-01,4477.66
QQQ/CAP,2019-03-27,772.54
QQQ/CAP,2019-08-06,-3368.9
QQQ/CAP,2019-08-28,-188.37
QQQ/CAP,2019-09-27,1018.48
QQQ/CAP,2020-02-07,5258.65
QQQ/CAP,2020-03-10,-7218.55
QQQ/CAP,2020-03-26,-1521.16
QQQ/CAP,2020-06-25,2127.3
QQQ/CAP,2020-07-27,499.69
QQQ/CAP,2020-09-18,-4842.09
QQQ/CAP,2020-12-23,3710.34
QQQ/CAP,2021-02-10,4445.6
QQQ/CAP,2021-03-05,-2885.3
QQQ/CAP,2021-10-06,-1983.05
QQQ/CAP,2021-12-01,22.71
QQQ/CAP,2021-12-09,3233.0
QQQ/CAP,2022-04-29,-3193.7
QQQ/CAP,2022-09-06,-2961.38
QQQ/CAP,2022-12-21,-5853.09
QQQ/CAP,2023-06-16,6739.87
QQQ/CAP,2023-07-06,2000.9
QQQ/CAP,2023-07-31,1195.76
QQQ/CAP,2023-08-15,-1228.96
QQQ/CAP,2023-09-05,4039.98
QQQ/CAP,2023-09-26,-3358.57
QQQ/CAP,2023-10-24,-2504.86
QQQ/CAP,2023-11-06,6347.81
QQQ/CAP,2023-12-15,4131.3
QQQ/CAP,2024-01-02,-267.26
QQQ/CAP,2024-02-09,3597.57
QQQ/CAP,2024-03-19,-359.24
QQQ/CAP,2024-04-15,1188.84
QQQ/CAP,2024-04-24,-646.61
QQQ/CAP,2024-05-10,4033.61
QQQ/CAP,2024-07-10,4077.59
QQQ/CAP,2024-07-22,-2324.51
QQQ/CAP,2024-08-02,-2786.76
QQQ/CAP,2024-08-16,7135.47
QQQ/CAP,2024-09-03,-1280.32
QQQ/CAP,2024-09-12,2155.85
QQQ/CAP,2024-11-11,6132.43
QQQ/CAP,2024-12-30,-950.3
QQQ/CAP,2025-01-17,1488.51
QQQ/CAP,2025-02-11,2412.46
QQQ/CAP,2025-03-04,-6404.03
QQQ/CAP,2025-03-17,-1569.8
QQQ/CAP,2025-04-15,12185.74
QQQ/CAP,2025-06-02,676.97
QQQ/JOINT,2012-06-20,3889.75
QQQ/JOINT,2012-07-02,2126.29
QQQ/JOINT,2012-07-19,2429.07
QQQ/JOINT,2012-07-31,3043.97
QQQ/JOINT,2012-08-10,3816.55
QQQ/JOINT,2012-08-30,127.11
QQQ/JOINT,2012-09-19,2474.58
QQQ/JOINT,2012-10-04,780.92
QQQ/JOINT,2012-10-16,-1930.14
QQQ/JOINT,2012-10-31,-2906.5
QQQ/JOINT,2012-11-13,-3471.97
QQQ/JOINT,2012-11-26,3929.9
QQQ/JOINT,2012-12-14,242.72
QQQ/JOINT,2013-01-07,2923.02
QQQ/JOINT,2013-02-08,950.31
QQQ/JOINT,2013-03-01,-124.56
QQQ/JOINT,2013-04-04,-340.73
QQQ/JOINT,2013-04-24,458.64
QQQ/JOINT,2013-06-03,377.45
QQQ/JOINT,2013-06-13,-1408.12
QQQ/JOINT,2013-06-28,-1056.67
QQQ/JOINT,2013-08-01,1713.54
QQQ/JOINT,2013-08-28,-602.82
QQQ/JOINT,2013-09-25,1398.71
QQQ/JOINT,2013-10-17,3365.0
QQQ/JOINT,2013-11-18,2671.45
QQQ/JOINT,2013-11-27,2038.0
QQQ/JOINT,2013-12-20,980.51
QQQ/JOINT,2014-01-14,-435.44
QQQ/JOINT,2014-02-04,-2348.8
QQQ/JOINT,2014-03-20,-75.65
QQQ/JOINT,2014-04-01,-1385.87
QQQ/JOINT,2014-04-15,-893.84
QQQ/JOINT,2014-07-03,3137.09
QQQ/JOINT,2014-07-28,1798.94
QQQ/JOINT,2014-08-11,454.59
QQQ/JOINT,2014-09-19,2577.03
QQQ/JOINT,2014-09-25,627.25
QQQ/JOINT,2014-10-09,245.14
QQQ/JOINT,2014-10-21,1348.37
QQQ/JOINT,2014-12-19,896.15
QQQ/JOINT,2015-01-09,-154.93
QQQ/JOINT,2015-01-21,-128.44
QQQ/JOINT,2015-02-04,-534.21
QQQ/JOINT,2015-03-17,-1153.5
QQQ/JOINT,2015-04-07,1251.64
QQQ/JOINT,2015-04-21,1556.87
QQQ/JOINT,2015-05-11,637.11
QQQ/JOINT,2015-05-28,1093.87
QQQ/JOINT,2015-06-11,372.95
QQQ/JOINT,2015-06-18,1275.12
QQQ/JOINT,2015-07-13,461.27
QQQ/JOINT,2015-07-31,1754.22
QQQ/JOINT,2015-08-11,706.11
QQQ/JOINT,2015-08-28,-484.15
QQQ/JOINT,2015-11-19,1880.12
QQQ/JOINT,2015-12-16,1899.96
QQQ/JOINT,2016-01-13,-3718.64
QQQ/JOINT,2016-05-10,-2219.74
QQQ/JOINT,2016-06-22,78.86
QQQ/JOINT,2016-09-15,1942.35
QQQ/JOINT,2016-10-20,65.01
QQQ/JOINT,2016-11-07,-1730.63
QQQ/JOINT,2016-12-09,1299.61
QQQ/JOINT,2016-12-28,1116.0
QQQ/JOINT,2017-01-09,1798.93
QQQ/JOINT,2017-03-13,477.36
QQQ/JOINT,2017-03-30,1789.8
QQQ/JOINT,2017-04-17,-1026.85
QQQ/JOINT,2017-05-26,3641.25
QQQ/JOINT,2017-06-15,-3454.3
QQQ/JOINT,2017-07-06,-2569.09
QQQ/JOINT,2017-08-09,-437.51
QQQ/JOINT,2017-08-21,-19.99
QQQ/JOINT,2017-09-06,1848.0
QQQ/JOINT,2017-11-01,3175.31
QQQ/JOINT,2017-12-04,594.84
QQQ/JOINT,2017-12-07,510.5
QQQ/JOINT,2018-01-19,896.26
QQQ/JOINT,2018-02-07,-804.99
QQQ/JOINT,2018-02-13,1483.7
QQQ/JOINT,2018-04-02,498.44
QQQ/JOINT,2018-07-02,286.75
QQQ/JOINT,2018-08-01,-453.47
QQQ/JOINT,2018-10-09,-1763.83
QQQ/JOINT,2018-10-15,1552.9
QQQ/JOINT,2018-10-29,754.23
QQQ/JOINT,2018-11-01,4477.66
QQQ/JOINT,2019-03-27,772.54
QQQ/JOINT,2019-08-06,-3368.9
QQQ/JOINT,2019-08-28,-188.37
QQQ/JOINT,2019-09-27,1018.48
QQQ/JOINT,2020-02-07,5258.65
QQQ/JOINT,2020-03-10,-7218.55
QQQ/JOINT,2020-03-26,-1521.16
QQQ/JOINT,2020-06-25,2127.3
QQQ/JOINT,2020-07-27,499.69
QQQ/JOINT,2020-09-18,-4842.09
QQQ/JOINT,2020-12-23,3710.34
QQQ/JOINT,2021-02-10,4445.6
QQQ/JOINT,2021-03-05,-2885.3
QQQ/JOINT,2021-10-06,-1983.05
QQQ/JOINT,2021-12-01,22.71
QQQ/JOINT,2021-12-09,3233.0
QQQ/JOINT,2023-04-28,2108.01
QQQ/JOINT,2023-08-15,-454.0
QQQ/JOINT,2023-08-22,3157.94
QQQ/JOINT,2023-09-29,185.09
QQQ/JOINT,2023-10-25,953.8
QQQ/JOINT,2024-01-09,1359.79
QQQ/JOINT,2024-04-09,1394.88
QQQ/JOINT,2024-04-24,380.95
QQQ/JOINT,2024-07-24,-1132.37
QQQ/JOINT,2024-08-01,1713.8
QQQ/JOINT,2025-03-06,-4940.64
NQ/RSI,2013-07-23,97.26
NQ/RSI,2013-07-29,260.7
NQ/RSI,2013-08-23,1542.89
NQ/RSI,2013-08-30,1225.51
NQ/RSI,2013-09-18,630.02
NQ/RSI,2013-09-27,-210.98
NQ/RSI,2013-10-07,-16.62
NQ/RSI,2013-10-14,1679.76
NQ/RSI,2013-11-14,1891.33
NQ/RSI,2013-11-22,641.28
NQ/RSI,2013-12-19,719.1
NQ/RSI,2014-01-09,1103.1
NQ/RSI,2014-01-15,1953.16
NQ/RSI,2014-02-07,-644.13
NQ/RSI,2014-03-05,342.89
NQ/RSI,2014-03-13,1189.42
NQ/RSI,2014-03-19,1065.26
NQ/RSI,2014-04-02,259.09
NQ/RSI,2014-04-10,2298.32
NQ/RSI,2014-04-17,1796.54
NQ/RSI,2014-05-13,1488.67
NQ/RSI,2014-05-19,237.34
NQ/RSI,2014-06-18,191.45
NQ/RSI,2014-07-10,-795.94
NQ/RSI,2014-07-21,808.3
NQ/RSI,2014-08-12,559.75
NQ/RSI,2014-09-11,251.29
NQ/RSI,2014-09-19,2568.72
NQ/RSI,2014-10-09,523.81
NQ/RSI,2014-10-21,1295.4
NQ/RSI,2014-12-19,-615.18
NQ/RSI,2015-01-09,1034.37
NQ/RSI,2015-01-21,-133.11
NQ/RSI,2015-02-04,-568.96
NQ/RSI,2015-03-17,-647.04
NQ/RSI,2015-04-07,1247.41
NQ/RSI,2015-04-21,1580.0
NQ/RSI,2015-05-11,620.44
NQ/RSI,2015-05-28,1108.02
NQ/RSI,2015-06-11,367.38
NQ/RSI,2015-06-18,1300.23
NQ/RSI,2015-07-08,-825.42
NQ/RSI,2015-07-13,1009.87
NQ/RSI,2015-07-31,1728.17
NQ/RSI,2015-08-11,725.07
NQ/RSI,2015-08-28,-509.7
NQ/RSI,2015-11-19,593.75
NQ/RSI,2015-12-07,2104.15
NQ/RSI,2015-12-17,2314.45
NQ/RSI,2015-12-23,1313.76
NQ/RSI,2016-01-25,-6011.27
NQ/RSI,2016-05-10,-2275.0
NQ/RSI,2016-06-24,-3104.76
NQ/RSI,2016-09-05,397.34
NQ/RSI,2016-09-16,3362.89
NQ/RSI,2016-10-20,61.53
NQ/RSI,2016-11-09,-2753.96
NQ/RSI,2016-11-16,417.6
NQ/RSI,2016-12-08,762.91
NQ/RSI,2017-01-05,177.09
NQ/RSI,2017-02-01,792.58
NQ/RSI,2017-02-27,408.96
NQ/RSI,2017-03-02,446.73
NQ/RSI,2017-03-09,92.79
NQ/RSI,2017-03-29,1390.68
NQ/RSI,2017-04-07,-125.02
NQ/RSI,2017-04-21,395.72
NQ/RSI,2017-05-23,2436.36
NQ/RSI,2017-06-20,2250.01
NQ/RSI,2017-06-29,631.53
NQ/RSI,2017-07-11,241.77
NQ/RSI,2017-08-08,735.08
NQ/RSI,2017-08-15,2086.63
NQ/RSI,2017-08-23,714.46
NQ/RSI,2017-08-30,474.42
NQ/RSI,2017-09-07,205.31
NQ/RSI,2017-09-18,418.03
NQ/RSI,2017-10-02,275.7
NQ/RSI,2017-10-23,40.32
NQ/RSI,2017-10-30,2084.42
NQ/RSI,2017-11-17,1224.0
NQ/RSI,2017-12-11,-568.57
NQ/RSI,2018-01-03,1029.02
NQ/RSI,2018-02-01,-924.87
NQ/RSI,2018-02-15,-2089.49
NQ/RSI,2018-03-06,3667.55
NQ/RSI,2018-04-06,-4959.6
NQ/RSI,2018-04-11,1454.51
NQ/RSI,2018-05-02,-22.88
NQ/RSI,2018-05-17,166.19
NQ/RSI,2018-05-24,443.49
NQ/RSI,2018-05-31,283.29
NQ/RSI,2018-06-21,500.54
NQ/RSI,2018-07-06,-1810.07
NQ/RSI,2018-07-23,-673.7
NQ/RSI,2018-08-03,1145.87
NQ/RSI,2018-08-14,73.57
NQ/RSI,2018-08-23,60.22
NQ/RSI,2018-09-14,-184.27
NQ/RSI,2018-09-19,735.69
NQ/RSI,2018-10-18,-3249.44
NQ/RSI,2018-11-02,-1742.62
NQ/RSI,2018-11-28,-3442.71
NQ/RSI,2019-03-12,3288.44
NQ/RSI,2019-06-06,-4320.81
NQ/RSI,2019-08-14,894.85
NQ/RSI,2019-10-07,128.99
NQ/RSI,2020-01-30,301.62
NQ/RSI,2020-03-03,-2828.1
NQ/RSI,2020-03-25,-1490.54
NQ/RSI,2020-09-15,1104.45
NQ/RSI,2020-11-04,3905.06
NQ/RSI,2021-03-02,-2911.78
NQ/RSI,2021-03-10,-49.61
NQ/RSI,2021-03-23,2637.55
NQ/RSI,2021-03-29,1388.49
NQ/RSI,2021-05-10,-250.55
NQ/RSI,2021-05-17,1521.11
NQ/RSI,2021-06-07,936.57
NQ/RSI,2021-07-22,2136.91
NQ/RSI,2021-08-23,984.51
NQ/RSI,2021-09-16,-1859.52
NQ/RSI,2021-09-24,860.42
NQ/RSI,2021-10-07,430.0
NQ/RSI,2021-11-15,853.69
NQ/RSI,2021-11-30,704.86
NQ/RSI,2021-12-08,1450.21
NQ/RSI,2021-12-16,2599.11
NQ/RSI,2021-12-22,1263.89
NQ/RSI,2022-01-12,1572.35
NQ/RSI,2022-01-31,-5859.82
NQ/RSI,2023-04-14,849.86
NQ/RSI,2023-04-28,1238.48
NQ/RSI,2023-05-08,1225.09
NQ/RSI,2023-06-13,3560.24
NQ/RSI,2023-06-23,408.62
NQ/RSI,2023-06-28,743.86
NQ/RSI,2023-07-12,1720.45
NQ/RSI,2023-07-26,-446.4
NQ/RSI,2023-08-15,-871.1
NQ/RSI,2023-08-22,643.36
NQ/RSI,2023-09-12,19.43
NQ/RSI,2023-09-29,84.85
NQ/RSI,2023-10-05,1052.1
NQ/RSI,2023-10-25,-2298.48
NQ/RSI,2023-11-01,684.55
NQ/RSI,2023-12-08,1038.34
NQ/RSI,2024-01-09,352.0
NQ/RSI,2024-01-19,1135.3
NQ/RSI,2024-02-05,2397.68
NQ/RSI,2024-02-16,771.37
NQ/RSI,2024-02-23,3486.57
NQ/RSI,2024-04-09,822.16
NQ/RSI,2024-04-24,-772.5
NQ/RSI,2024-05-06,2789.44
NQ/RSI,2024-06-05,1322.26
NQ/RSI,2024-06-27,805.43
NQ/RSI,2024-07-24,-2491.29
NQ/RSI,2024-08-01,1598.67
NQ/RSI,2024-08-09,5059.1
NQ/RSI,2024-09-02,615.28
NQ/RSI,2024-09-11,121.66
NQ/RSI,2024-10-07,970.11
NQ/RSI,2024-10-28,1236.8
NQ/RSI,2024-11-06,3064.26
NQ/RSI,2024-11-21,1547.97
NQ/RSI,2024-12-24,2899.35
NQ/RSI,2025-01-06,1286.2
NQ/RSI,2025-01-16,3505.61
NQ/RSI,2025-01-31,2208.48
NQ/RSI,2025-02-05,602.05
NQ/RSI,2025-03-06,-6631.57
NQ/RSI,2025-03-17,41.01
NQ/RSI,2025-05-27,413.14
NQ/DBL,2013-07-26,-107.82
NQ/DBL,2013-08-14,882.97
NQ/DBL,2013-08-21,-122.96
NQ/DBL,2013-09-05,2198.61
NQ/DBL,2013-09-18,630.02
NQ/DBL,2013-09-27,-365.93
NQ/DBL,2013-10-14,-1.03
NQ/DBL,2013-10-28,1084.26
NQ/DBL,2013-11-06,331.52
NQ/DBL,2013-11-14,1891.33
NQ/DBL,2013-11-22,685.88
NQ/DBL,2013-12-17,-58.55
NQ/DBL,2014-01-02,-14.92
NQ/DBL,2014-01-09,350.3
NQ/DBL,2014-01-15,1953.16
NQ/DBL,2014-01-31,-1464.04
NQ/DBL,2014-02-07,1802.35
NQ/DBL,2014-02-25,922.55
NQ/DBL,2014-03-05,342.89
NQ/DBL,2014-03-19,-790.9
NQ/DBL,2014-04-01,-1403.48
NQ/DBL,2014-04-10,2298.32
NQ/DBL,2014-04-17,1796.54
NQ/DBL,2014-05-01,1065.08
NQ/DBL,2014-05-13,1488.67
NQ/DBL,2014-05-20,1183.38
NQ/DBL,2014-06-05,691.27
NQ/DBL,2014-06-24,675.56
NQ/DBL,2014-06-26,924.14
NQ/DBL,2014-07-14,1233.79
NQ/DBL,2014-07-21,808.3
NQ/DBL,2014-07-31,-975.8
NQ/DBL,2014-08-11,411.55
NQ/DBL,2014-09-09,299.38
NQ/DBL,2014-09-18,251.29
NQ/DBL,2014-10-09,279.55
NQ/DBL,2014-10-20,-1459.15
NQ/DBL,2014-11-11,638.34
NQ/DBL,2014-12-19,-2067.37
NQ/DBL,2015-01-09,-212.3
NQ/DBL,2015-01-21,794.39
NQ/DBL,2015-02-03,-746.52
NQ/DBL,2015-02-11,1103.05
NQ/DBL,2015-02-27,359.35
NQ/DBL,2015-03-17,-647.04
NQ/DBL,2015-03-31,1749.01
NQ/DBL,2015-04-07,730.39
NQ/DBL,2015-04-16,84.42
NQ/DBL,2015-04-22,1694.55
NQ/DBL,2015-05-11,-17.57
NQ/DBL,2015-05-28,1108.02
NQ/DBL,2015-06-11,-685.09
NQ/DBL,2015-06-18,1300.23
NQ/DBL,2015-07-03,-1848.06
NQ/DBL,2015-07-14,1697.14
NQ/DBL,2015-07-30,-1316.01
NQ/DBL,2015-08-06,299.01
NQ/DBL,2015-08-17,38.05
NQ/DBL,2015-08-27,-4280.94
NQ/DBL,2015-11-19,36.91
NQ/DBL,2015-12-30,2618.19
NQ/DBL,2016-02-01,-5867.1
NQ/DBL,2016-04-14,2065.05
NQ/DBL,2016-05-11,-1427.07
NQ/DBL,2016-06-24,-3104.76
NQ/DBL,2016-09-05,397.34
NQ/DBL,2016-09-22,4808.27
NQ/DBL,2016-10-24,1129.61
NQ/DBL,2016-11-09,-1588.4
NQ/DBL,2016-12-12,1220.03
NQ/DBL,2017-01-09,1653.98
NQ/DBL,2017-03-30,1788.86
NQ/DBL,2017-04-21,395.72
NQ/DBL,2017-05-25,3085.91
NQ/DBL,2017-06-22,2684.34
NQ/DBL,2017-07-11,-141.05
NQ/DBL,2017-08-08,-9.0
NQ/DBL,2017-08-31,2612.74
NQ/DBL,2017-10-02,1147.85
NQ/DBL,2017-10-30,2084.42
NQ/DBL,2017-12-18,3145.43
NQ/DBL,2018-01-04,2584.69
NQ/DBL,2018-02-26,3361.42
NQ/DBL,2018-04-13,141.46
NQ/DBL,2018-07-10,3097.63
NQ/DBL,2018-08-27,3072.37
NQ/DBL,2018-11-08,-4411.23
NQ/DBL,2019-03-12,3288.44
NQ/DBL,2019-06-10,-2097.62
NQ/DBL,2019-08-22,-74.54
NQ/DBL,2019-09-05,3318.23
NQ/DBL,2019-10-14,1494.28
NQ/DBL,2019-12-13,1484.36
NQ/DBL,2020-02-05,4792.54
NQ/DBL,2020-04-07,-2878.22
NQ/DBL,2020-08-04,5748.33
NQ/DBL,2020-10-01,3837.73
NQ/DBL,2020-11-05,4284.5
NQ/DBL,2021-01-08,2280.15
NQ/DBL,2021-03-16,-4042.06
NQ/DBL,2021-04-01,3831.05
NQ/DBL,2021-05-25,-551.9
NQ/DBL,2021-07-23,3140.1
NQ/DBL,2021-08-24,2361.46
NQ/DBL,2021-10-15,-2612.73
NQ/DBL,2021-12-28,515.51
NQ/DBL,2022-02-03,-6295.22
NQ/DBL,2023-04-28,1471.6
NQ/DBL,2023-07-03,2927.5
NQ/DBL,2023-08-30,374.18
NQ/DBL,2023-10-09,156.57
NQ/DBL,2023-11-03,1263.02
NQ/DBL,2023-12-12,2915.96
NQ/DBL,2024-01-19,3491.67
NQ/DBL,2024-02-23,3486.57
NQ/DBL,2024-04-30,-1667.95
NQ/DBL,2024-06-06,2687.71
NQ/DBL,2024-08-15,-3923.66
NQ/DBL,2024-09-17,1521.78
NQ/DBL,2024-10-30,1413.51
NQ/DBL,2024-11-07,4668.73
NQ/DBL,2025-01-22,3311.88
NQ/DBL,2025-03-25,-4639.85
NQ/PB,2013-07-23,97.26
NQ/PB,2013-07-26,-467.38
NQ/PB,2013-07-31,700.45
NQ/PB,2013-08-09,-200.7
NQ/PB,2013-08-14,1094.21
NQ/PB,2013-08-23,1542.89
NQ/PB,2013-09-05,2198.61
NQ/PB,2013-09-10,1310.45
NQ/PB,2013-09-19,1939.48
NQ/PB,2013-10-02,107.67
NQ/PB,2013-10-17,538.98
NQ/PB,2013-11-14,257.63
NQ/PB,2013-11-26,1321.03
NQ/PB,2013-12-09,49.25
NQ/PB,2013-12-23,2447.21
NQ/PB,2014-01-16,1094.89
NQ/PB,2014-01-23,-311.84
NQ/PB,2014-02-12,974.15
NQ/PB,2014-03-06,1930.97
NQ/PB,2014-04-08,-6091.37
NQ/PB,2014-05-06,4115.88
NQ/PB,2014-05-13,1488.67
NQ/PB,2014-05-20,1183.38
NQ/PB,2014-05-22,872.81
NQ/PB,2014-06-06,1133.44
NQ/PB,2014-06-19,768.41
NQ/PB,2014-06-26,678.01
NQ/PB,2014-06-30,517.07
NQ/PB,2014-07-15,1531.14
NQ/PB,2014-07-23,754.91
NQ/PB,2014-07-31,-644.57
NQ/PB,2014-08-14,1790.5
NQ/PB,2014-10-09,-1246.36
NQ/PB,2014-10-28,2892.75
NQ/PB,2014-11-24,-450.46
NQ/PB,2015-01-05,-3580.93
NQ/PB,2015-01-23,1138.07
NQ/PB,2015-02-04,-568.96
NQ/PB,2015-02-11,1103.05
NQ/PB,2015-04-02,-2441.0
NQ/PB,2015-04-13,511.14
NQ/PB,2015-04-16,84.42
NQ/PB,2015-04-21,1580.0
NQ/PB,2015-05-22,1547.99
NQ/PB,2015-05-28,1108.02
NQ/PB,2015-06-24,804.52
NQ/PB,2015-07-17,2578.87
NQ/PB,2015-08-25,-7805.63
NQ/PB,2015-09-16,2540.37
NQ/PB,2015-10-09,-647.17
NQ/PB,2015-11-19,3571.49
NQ/PB,2015-12-07,2104.15
NQ/PB,2016-01-05,-1398.45
NQ/PB,2016-05-17,-1780.84
NQ/PB,2016-07-05,-491.74
NQ/PB,2016-09-16,3362.89
NQ/PB,2016-10-19,206.82
NQ/PB,2016-11-22,1166.75
NQ/PB,2016-12-08,2412.06
NQ/PB,2017-01-05,673.07
NQ/PB,2017-06-14,599.79
NQ/PB,2017-06-20,1099.0
NQ/PB,2017-07-13,1592.85
NQ/PB,2017-08-15,2086.63
NQ/PB,2017-08-31,2493.4
NQ/PB,2017-09-28,406.17
NQ/PB,2018-02-26,8175.49
NQ/PB,2018-03-06,2001.28
NQ/PB,2018-04-18,2065.33
NQ/PB,2018-05-07,1510.36
NQ/PB,2018-07-09,2564.81
NQ/PB,2018-08-03,2262.13
NQ/PB,2018-09-14,1332.67
NQ/PB,2018-11-05,-7204.17
NQ/PB,2019-06-10,-1240.02
NQ/PB,2019-09-03,1299.38
NQ/PB,2019-10-16,2571.64
NQ/PB,2020-03-25,-11404.13
NQ/PB,2020-04-15,4316.36
NQ/PB,2020-09-16,1414.39
NQ/PB,2020-09-23,330.32
NQ/PB,2020-09-29,5837.18
NQ/PB,2020-11-05,4284.5
NQ/PB,2021-03-12,-7257.94
NQ/PB,2021-03-16,1680.38
NQ/PB,2021-04-05,3380.08
NQ/PB,2021-04-27,886.39
NQ/PB,2021-05-24,-2488.87
NQ/PB,2021-06-07,936.57
NQ/PB,2021-06-18,1043.95
NQ/PB,2021-07-23,3140.1
NQ/PB,2021-08-06,734.87
NQ/PB,2021-08-24,1551.29
NQ/PB,2021-10-11,-4755.2
NQ/PB,2021-11-17,1314.79
NQ/PB,2021-12-16,-955.51
NQ/PB,2021-12-28,5647.89
NQ/PB,2022-01-27,-11530.89
NQ/PB,2022-02-03,-3062.64
NQ/PB,2022-02-10,1530.5
NQ/PB,2022-03-07,-5921.69
NQ/PB,2022-03-29,2599.14
NQ/PB,2022-04-05,1377.36
NQ/PB,2022-04-22,-6012.79
NQ/PB,2023-03-22,1254.41
NQ/PB,2023-03-30,1120.17
NQ/PB,2023-04-14,968.05
NQ/PB,2023-05-01,1044.38
NQ/PB,2023-05-08,768.76
NQ/PB,2023-05-11,448.64
NQ/PB,2023-05-18,1760.61
NQ/PB,2023-05-26,2744.71
NQ/PB,2023-06-05,166.52
NQ/PB,2023-06-13,1755.84
NQ/PB,2023-07-03,1004.6
NQ/PB,2023-07-13,2497.15
NQ/PB,2023-08-03,-4093.82
NQ/PB,2023-08-30,2226.28
NQ/PB,2023-09-12,-1442.19
NQ/PB,2023-09-15,-65.83
NQ/PB,2023-10-03,-3101.66
NQ/PB,2023-10-09,1751.96
NQ/PB,2023-10-11,812.23
NQ/PB,2023-10-30,-6369.88
NQ/PB,2023-11-03,869.39
NQ/PB,2023-11-15,2747.74
NQ/PB,2023-12-06,123.13
NQ/PB,2023-12-27,997.01
NQ/PB,2024-01-17,-221.11
NQ/PB,2024-01-19,1135.3
NQ/PB,2024-01-30,643.76
NQ/PB,2024-02-05,1850.39
NQ/PB,2024-02-08,529.66
NQ/PB,2024-02-15,553.54
NQ/PB,2024-02-23,992.75
NQ/PB,2024-03-01,959.44
NQ/PB,2024-03-13,530.36
NQ/PB,2024-03-21,1699.31
NQ/PB,2024-04-11,-1638.68
NQ/PB,2024-04-30,-2728.46
NQ/PB,2024-05-06,3266.63
NQ/PB,2024-05-13,310.37
NQ/PB,2024-05-16,910.17
NQ/PB,2024-05-27,-544.12
NQ/PB,2024-06-06,1794.36
NQ/PB,2024-06-12,1802.22
NQ/PB,2024-07-04,1935.69
NQ/PB,2024-07-29,-5668.29
NQ/PB,2024-08-19,5110.95
NQ/PB,2024-09-09,-5706.25
NQ/PB,2024-09-13,777.4
NQ/PB,2024-09-27,1170.33
NQ/PB,2024-10-10,885.64
NQ/PB,2024-10-15,1429.27
NQ/PB,2024-10-30,1513.17
NQ/PB,2024-11-07,3142.33
NQ/PB,2024-11-28,-1349.48
NQ/PB,2024-12-03,543.97
NQ/PB,2024-12-12,745.22
NQ/PB,2025-01-07,525.75
NQ/PB,2025-01-23,2492.15
NQ/PB,2025-01-29,1390.51
NQ/PB,2025-02-14,4203.14
NQ/PB,2025-03-06,-8543.53
NQ/PB,2025-03-25,2525.21
NQ/PB,2025-04-11,-8057.43
NQ/PB,2025-05-09,1641.84
NQ/PB,2025-06-04,1456.9
NQ/PB,2025-06-11,1003.39
NQ/PB,2025-06-17,-589.95
NQ/PB,2025-06-25,2299.45
NQ/CAP,2013-08-01,1708.67
NQ/CAP,2013-08-28,-610.78
NQ/CAP,2013-09-11,2072.18
NQ/CAP,2013-09-25,1426.74
NQ/CAP,2013-10-14,-1.03
NQ/CAP,2013-11-18,2672.28
NQ/CAP,2013-11-27,2015.27
NQ/CAP,2013-12-20,747.9
NQ/CAP,2014-01-14,-425.56
NQ/CAP,2014-02-04,-2425.3
NQ/CAP,2014-03-20,-966.75
NQ/CAP,2014-04-01,-1403.48
NQ/CAP,2014-04-15,-990.4
NQ/CAP,2014-07-03,3137.55
NQ/CAP,2014-07-17,1162.69
NQ/CAP,2014-07-28,1733.03
NQ/CAP,2014-08-11,411.55
NQ/CAP,2014-09-12,-37.57
NQ/CAP,2014-09-29,-162.98
NQ/CAP,2014-10-10,-968.77
NQ/CAP,2014-10-21,1295.4
NQ/CAP,2014-12-19,-791.01
NQ/CAP,2015-01-14,-1105.57
NQ/CAP,2015-01-26,4627.69
NQ/CAP,2015-02-06,3048.39
NQ/CAP,2015-03-17,-647.04
NQ/CAP,2015-04-06,-140.75
NQ/CAP,2015-05-06,-2488.84
NQ/CAP,2015-06-17,1560.25
NQ/CAP,2015-07-08,-301.7
NQ/CAP,2015-07-17,4984.2
NQ/CAP,2015-08-03,-768.9
NQ/CAP,2015-08-17,38.05
NQ/CAP,2015-08-31,-561.75
NQ/CAP,2015-09-10,2231.47
NQ/CAP,2015-10-06,2699.5
NQ/CAP,2015-11-20,1397.58
NQ/CAP,2015-12-14,-2208.62
NQ/CAP,2015-12-29,1486.1
NQ/CAP,2016-01-18,-4505.53
NQ/CAP,2016-02-05,-896.74
NQ/CAP,2016-02-16,3225.79
NQ/CAP,2016-04-20,1722.62
NQ/CAP,2016-05-09,-632.65
NQ/CAP,2016-05-20,-899.08
NQ/CAP,2016-06-22,33.29
NQ/CAP,2016-07-01,-576.37
NQ/CAP,2016-09-20,3341.4
NQ/CAP,2016-10-20,61.53
NQ/CAP,2016-11-07,-1770.64
NQ/CAP,2016-12-09,1277.17
NQ/CAP,2016-12-28,1091.7
NQ/CAP,2017-01-09,1721.1
NQ/CAP,2017-03-13,36.72
NQ/CAP,2017-03-30,1788.86
NQ/CAP,2017-04-17,-1051.2
NQ/CAP,2017-05-26,3592.12
NQ/CAP,2017-06-16,-1860.93
NQ/CAP,2017-07-05,-2557.44
NQ/CAP,2017-08-09,-453.78
NQ/CAP,2017-08-21,-39.38
NQ/CAP,2017-09-05,2168.98
NQ/CAP,2017-11-01,3194.75
NQ/CAP,2017-12-04,630.64
NQ/CAP,2017-12-07,514.48
NQ/CAP,2018-01-19,910.01
NQ/CAP,2018-02-07,-936.01
NQ/CAP,2018-02-13,1481.98
NQ/CAP,2018-04-02,402.6
NQ/CAP,2018-07-02,257.3
NQ/CAP,2018-08-01,-493.2
NQ/CAP,2018-10-09,-1731.46
NQ/CAP,2018-10-15,1522.86
NQ/CAP,2018-10-29,643.77
NQ/CAP,2018-12-10,-856.16
NQ/CAP,2019-01-04,-1168.96
NQ/CAP,2019-04-05,3449.0
NQ/CAP,2019-08-02,-1520.57
NQ/CAP,2019-08-19,2996.29
NQ/CAP,2019-09-06,4198.35
NQ/CAP,2019-10-08,-550.43
NQ/CAP,2019-12-16,3658.65
NQ/CAP,2020-02-10,3737.95
NQ/CAP,2020-03-04,-1642.53
NQ/CAP,2020-03-20,3881.24
NQ/CAP,2020-06-19,908.13
NQ/CAP,2020-07-21,4841.12
NQ/CAP,2020-09-11,-1088.72
NQ/CAP,2020-12-17,3846.12
NQ/CAP,2021-03-05,-2862.58
NQ/CAP,2021-11-30,142.17
NQ/CAP,2021-12-09,1489.71
NQ/CAP,2022-04-29,-3196.85
NQ/CAP,2022-09-05,-3131.39
NQ/CAP,2023-05-11,2627.25
NQ/CAP,2023-06-15,3867.12
NQ/CAP,2023-07-04,2984.48
NQ/CAP,2023-07-28,310.53
NQ/CAP,2023-08-14,-2371.68
NQ/CAP,2023-09-01,4933.57
NQ/CAP,2023-09-25,-3464.72
NQ/CAP,2023-10-23,-3782.57
NQ/CAP,2023-12-07,-617.7
NQ/CAP,2023-12-29,980.76
NQ/CAP,2024-02-08,3050.6
NQ/CAP,2024-03-19,-1688.84
NQ/CAP,2024-04-12,872.3
NQ/CAP,2024-04-23,-2464.05
NQ/CAP,2024-05-09,3429.26
NQ/CAP,2024-07-02,763.83
NQ/CAP,2024-07-19,-2815.27
NQ/CAP,2024-07-29,-3359.01
NQ/CAP,2024-08-09,-1073.87
NQ/CAP,2024-08-30,-996.1
NQ/CAP,2024-09-11,121.66
NQ/CAP,2024-11-08,5559.41
NQ/CAP,2024-12-27,776.02
NQ/CAP,2025-01-16,646.04
NQ/CAP,2025-02-10,2582.86
NQ/CAP,2025-03-03,-3207.83
NQ/CAP,2025-03-11,-2851.34
NQ/CAP,2025-04-14,13626.1
NQ/CAP,2025-05-29,2372.17
NQ/CAP,2025-06-13,-544.93
NQ/JOINT,2013-08-01,1708.67
NQ/JOINT,2013-08-28,-610.78
NQ/JOINT,2013-09-11,2072.18
NQ/JOINT,2013-09-25,1426.74
NQ/JOINT,2013-10-14,-1.03
NQ/JOINT,2013-11-18,2672.28
NQ/JOINT,2013-11-27,2015.27
NQ/JOINT,2013-12-20,747.9
NQ/JOINT,2014-01-14,-425.56
NQ/JOINT,2014-02-04,-2425.3
NQ/JOINT,2014-03-20,-966.75
NQ/JOINT,2014-04-01,-1403.48
NQ/JOINT,2014-04-15,-990.4
NQ/JOINT,2014-07-03,3137.55
NQ/JOINT,2014-07-17,1162.69
NQ/JOINT,2014-07-28,1733.03
NQ/JOINT,2014-08-11,411.55
NQ/JOINT,2014-09-11,251.29
NQ/JOINT,2014-09-19,2568.72
NQ/JOINT,2014-10-09,523.81
NQ/JOINT,2014-10-21,1295.4
NQ/JOINT,2014-12-19,-615.18
NQ/JOINT,2015-01-09,1034.37
NQ/JOINT,2015-01-21,-133.11
NQ/JOINT,2015-02-04,-568.96
NQ/JOINT,2015-03-17,-647.04
NQ/JOINT,2015-04-07,1247.41
NQ/JOINT,2015-04-21,1580.0
NQ/JOINT,2015-05-11,620.44
NQ/JOINT,2015-05-28,1108.02
NQ/JOINT,2015-06-11,367.38
NQ/JOINT,2015-06-18,1300.23
NQ/JOINT,2015-07-08,-825.42
NQ/JOINT,2015-07-13,1009.87
NQ/JOINT,2015-07-31,1728.17
NQ/JOINT,2015-08-11,725.07
NQ/JOINT,2015-08-28,-509.7
NQ/JOINT,2015-11-19,593.75
NQ/JOINT,2015-12-07,2104.15
NQ/JOINT,2015-12-17,2314.45
NQ/JOINT,2015-12-23,1313.76
NQ/JOINT,2016-01-25,-6011.27
NQ/JOINT,2016-05-10,-2275.0
NQ/JOINT,2016-06-24,-3104.76
NQ/JOINT,2016-09-05,397.34
NQ/JOINT,2016-09-16,3362.89
NQ/JOINT,2016-10-20,61.53
NQ/JOINT,2016-11-07,-1770.64
NQ/JOINT,2016-12-09,1277.17
NQ/JOINT,2016-12-28,1091.7
NQ/JOINT,2017-01-09,1721.1
NQ/JOINT,2017-03-13,36.72
NQ/JOINT,2017-03-30,1788.86
NQ/JOINT,2017-04-17,-1051.2
NQ/JOINT,2017-05-26,3592.12
NQ/JOINT,2017-06-16,-1860.93
NQ/JOINT,2017-07-05,-2557.44
NQ/JOINT,2017-08-09,-453.78
NQ/JOINT,2017-08-21,-39.38
NQ/JOINT,2017-09-05,2168.98
NQ/JOINT,2017-11-01,3194.75
NQ/JOINT,2017-12-04,630.64
NQ/JOINT,2017-12-07,514.48
NQ/JOINT,2018-01-19,910.01
NQ/JOINT,2018-02-07,-936.01
NQ/JOINT,2018-02-13,1481.98
NQ/JOINT,2018-04-02,402.6
NQ/JOINT,2018-07-02,257.3
NQ/JOINT,2018-08-01,-493.2
NQ/JOINT,2018-10-09,-1731.46
NQ/JOINT,2018-10-15,1522.86
NQ/JOINT,2018-10-29,643.77
NQ/JOINT,2018-12-10,-856.16
NQ/JOINT,2019-01-04,-1168.96
NQ/JOINT,2019-04-05,3449.0
NQ/JOINT,2019-08-02,-1520.57
NQ/JOINT,2019-08-19,2996.29
NQ/JOINT,2019-09-06,4198.35
NQ/JOINT,2019-10-08,-550.43
NQ/JOINT,2019-12-16,3658.65
NQ/JOINT,2020-02-10,3737.95
NQ/JOINT,2020-03-04,-1642.53
NQ/JOINT,2020-03-20,3881.24
NQ/JOINT,2020-06-19,908.13
NQ/JOINT,2020-07-21,4841.12
NQ/JOINT,2020-09-11,-1088.72
NQ/JOINT,2020-12-17,3846.12
NQ/JOINT,2021-03-05,-2862.58
NQ/JOINT,2021-11-30,142.17
NQ/JOINT,2021-12-09,1489.71
NQ/JOINT,2022-04-29,-3196.85
NQ/JOINT,2022-09-05,-3131.39
NQ/JOINT,2023-05-08,1225.09
NQ/JOINT,2023-06-13,3560.24
NQ/JOINT,2023-06-23,408.62
NQ/JOINT,2023-06-28,743.86
NQ/JOINT,2023-07-12,1720.45
NQ/JOINT,2023-07-26,-446.4
NQ/JOINT,2023-08-15,-871.1
NQ/JOINT,2023-08-22,643.36
NQ/JOINT,2023-09-12,19.43
NQ/JOINT,2023-09-29,84.85
NQ/JOINT,2023-10-05,1052.1
NQ/JOINT,2023-10-25,-2298.48
NQ/JOINT,2023-11-01,684.55
NQ/JOINT,2023-12-08,1038.34
NQ/JOINT,2024-01-09,352.0
NQ/JOINT,2024-01-19,1135.3
NQ/JOINT,2024-02-05,2397.68
NQ/JOINT,2024-02-16,771.37
NQ/JOINT,2024-02-23,3486.57
NQ/JOINT,2024-04-09,822.16
NQ/JOINT,2024-04-24,-772.5
NQ/JOINT,2024-05-06,2789.44
NQ/JOINT,2024-06-05,1322.26
NQ/JOINT,2024-06-27,805.43
NQ/JOINT,2024-07-24,-2491.29
NQ/JOINT,2024-08-01,1598.67
NQ/JOINT,2024-08-09,5059.1
NQ/JOINT,2024-09-02,615.28
NQ/JOINT,2024-09-11,121.66
NQ/JOINT,2024-10-07,970.11
NQ/JOINT,2024-10-28,1236.8
NQ/JOINT,2024-11-06,3064.26
NQ/JOINT,2024-11-21,1547.97
NQ/JOINT,2024-12-24,2899.35
NQ/JOINT,2025-01-06,1286.2
NQ/JOINT,2025-01-16,3505.61
NQ/JOINT,2025-01-31,2208.48
NQ/JOINT,2025-02-05,602.05
NQ/JOINT,2025-03-06,-6631.57
NQ/JOINT,2025-03-17,41.01
NQ/JOINT,2025-05-27,413.14
