,Open,High,Low,Close,Volume
2026-06-29 04:00:00-04:00,0.789,0.789,0.7544,0.7783,0
2026-06-29 04:10:00-04:00,0.7201,0.7789,0.72,0.72,0
2026-06-29 04:15:00-04:00,0.72,0.72,0.72,0.72,0
2026-06-29 04:20:00-04:00,0.72,0.72,0.72,0.72,0
2026-06-29 04:25:00-04:00,0.72,0.7201,0.72,0.72,0
2026-06-29 04:30:00-04:00,0.7012,0.7012,0.7,0.7,0
2026-06-29 04:35:00-04:00,0.7,0.7,0.6999,0.6999,0
2026-06-29 04:50:00-04:00,0.695,0.695,0.695,0.695,0
2026-06-29 05:15:00-04:00,0.689,0.6891,0.689,0.6891,0
2026-06-29 05:35:00-04:00,0.6897,0.6897,0.6897,0.6897,0
2026-06-29 06:05:00-04:00,0.685,0.685,0.685,0.685,0
2026-06-29 06:20:00-04:00,0.685,0.69,0.685,0.69,0
2026-06-29 06:25:00-04:00,0.6795,0.6795,0.6795,0.6795,0
2026-06-29 06:30:00-04:00,0.68,0.68,0.6799,0.6799,0
2026-06-29 06:35:00-04:00,0.68,0.68,0.68,0.68,0
2026-06-29 06:40:00-04:00,0.68,0.68,0.68,0.68,0
2026-06-29 06:50:00-04:00,0.6792,0.6792,0.6792,0.6792,0
2026-06-29 06:55:00-04:00,0.6792,0.6792,0.6792,0.6792,0
2026-06-29 07:00:00-04:00,0.6792,0.6792,0.6607,0.67,0
2026-06-29 07:05:00-04:00,0.6699,0.67,0.6699,0.6699,0
2026-06-29 07:10:00-04:00,0.6699,0.67,0.6608,0.6609,0
2026-06-29 07:15:00-04:00,0.6651,0.6651,0.6651,0.6651,0
2026-06-29 07:20:00-04:00,0.6651,0.6651,0.6581,0.6602,0
2026-06-29 07:25:00-04:00,0.665,0.67,0.6601,0.6601,0
2026-06-29 07:30:00-04:00,0.6581,0.6581,0.6581,0.6581,0
2026-06-29 07:35:00-04:00,0.6901,0.6901,0.6901,0.6901,0
2026-06-29 07:40:00-04:00,0.6999,0.7,0.6999,0.7,0
2026-06-29 07:50:00-04:00,0.7,0.7,0.7,0.7,0
2026-06-29 07:55:00-04:00,0.7,0.7,0.7,0.7,0
2026-06-29 08:00:00-04:00,0.6902,0.6902,0.6581,0.6581,0
2026-06-29 08:05:00-04:00,0.6583,0.6703,0.6582,0.6703,0
2026-06-29 08:10:00-04:00,0.6702,0.6702,0.6702,0.6702,0
2026-06-29 08:15:00-04:00,0.6703,0.6845,0.66,0.66,0
2026-06-29 08:20:00-04:00,0.6697,0.6697,0.64,0.64,0
2026-06-29 08:25:00-04:00,0.64,0.6697,0.64,0.6697,0
2026-06-29 08:35:00-04:00,0.6697,0.6697,0.6654,0.6654,0
2026-06-29 08:45:00-04:00,0.69,0.7,0.69,0.7,0
2026-06-29 08:50:00-04:00,0.6999,0.6999,0.683,0.683,0
2026-06-29 08:55:00-04:00,0.702,0.702,0.702,0.702,0
2026-06-29 09:00:00-04:00,0.7079,0.7079,0.7079,0.7079,0
2026-06-29 09:05:00-04:00,0.708,0.7228,0.708,0.7228,0
2026-06-29 09:10:00-04:00,0.72,0.75,0.72,0.74,0
2026-06-29 09:15:00-04:00,0.7577,1.8193,0.7577,1.75,0
2026-06-29 09:20:00-04:00,1.7401,1.91,0.9982,1.1783,0
2026-06-29 09:25:00-04:00,1.1626,1.34,1.11,1.2488,0
2026-06-29 09:30:00-04:00,1.2490999698638916,1.4199999570846558,1.2300000190734863,1.4199999570846558,7597771
2026-06-29 09:35:00-04:00,1.4800000190734863,1.600000023841858,1.3300000429153442,1.3300000429153442,1094076
2026-06-29 09:45:00-04:00,1.0099999904632568,1.159999966621399,0.9002000093460083,0.9900000095367432,1892665
2026-06-29 09:50:00-04:00,0.9900000095367432,1.159999966621399,0.9801999926567078,1.159999966621399,1041786
2026-06-29 09:55:00-04:00,1.159999966621399,1.3300000429153442,1.0499999523162842,1.2510000467300415,1797566
2026-06-29 10:00:00-04:00,1.251099944114685,1.2598999738693237,1.090000033378601,1.090000033378601,173297
2026-06-29 10:05:00-04:00,1.0199999809265137,1.2400000095367432,1.0199999809265137,1.1401000022888184,1132950
2026-06-29 10:10:00-04:00,1.1449999809265137,1.190000057220459,0.9599999785423279,0.9763000011444092,1132178
2026-06-29 10:15:00-04:00,0.9763000011444092,1.024999976158142,0.9376000165939331,0.9376999735832214,1338829
2026-06-29 10:20:00-04:00,0.9399999976158142,1.0199999809265137,0.8600000143051147,0.8891000151634216,1371169
2026-06-29 10:25:00-04:00,0.8999000191688538,0.8999000191688538,0.7800999879837036,0.7980999946594238,997622
2026-06-29 10:30:00-04:00,0.7998999953269958,0.800000011920929,0.7432000041007996,0.7728000283241272,691438
2026-06-29 10:35:00-04:00,0.7735999822616577,0.8050000071525574,0.7687000036239624,0.771399974822998,351473
2026-06-29 10:40:00-04:00,0.777999997138977,0.800000011920929,0.76419997215271,0.76419997215271,223557
2026-06-29 10:45:00-04:00,0.7642999887466431,0.7644000053405762,0.6499999761581421,0.722100019454956,409183
2026-06-29 10:50:00-04:00,0.7217000126838684,0.7742999792098999,0.7215999960899353,0.7508999705314636,172920
2026-06-29 10:55:00-04:00,0.7508000135421753,0.7599999904632568,0.7202000021934509,0.7488999962806702,105517
2026-06-29 11:00:00-04:00,0.7537000179290771,0.7705000042915344,0.7404000163078308,0.7451000213623047,66344
2026-06-29 11:05:00-04:00,0.7458000183105469,0.7628999948501587,0.7300000190734863,0.7602999806404114,92783
2026-06-29 11:10:00-04:00,0.7605000138282776,0.8148999810218811,0.7599999904632568,0.8144999742507935,331235
2026-06-29 11:15:00-04:00,0.8144000172615051,0.9480999708175659,0.800000011920929,0.9154000282287598,632605
2026-06-29 11:20:00-04:00,0.9298999905586243,1.0700000524520874,0.9000999927520752,0.9769999980926514,1628417
2026-06-29 11:25:00-04:00,0.9799000024795532,0.9998999834060669,0.9103000164031982,0.9319999814033508,955176
2026-06-29 11:30:00-04:00,0.9326000213623047,1.0700000524520874,0.9235000014305115,1.0300999879837036,1292931
2026-06-29 11:35:00-04:00,1.0300999879837036,1.0399999618530273,0.9589999914169312,0.9768000245094299,711539
2026-06-29 11:40:00-04:00,0.9700000286102295,0.9847999811172485,0.9222999811172485,0.9617000222206116,643520
2026-06-29 11:45:00-04:00,0.9617000222206116,0.9674000144004822,0.9185000061988831,0.942300021648407,319094
2026-06-29 11:50:00-04:00,0.9377999901771545,0.9455000162124634,0.864300012588501,0.8799999952316284,388108
2026-06-29 11:55:00-04:00,0.8998000025749207,0.8998000025749207,0.8500000238418579,0.8500000238418579,322695
2026-06-29 12:00:00-04:00,0.8500000238418579,0.8600000143051147,0.8299999833106995,0.8445000052452087,186557
2026-06-29 12:05:00-04:00,0.8422999978065491,0.8481000065803528,0.8399999737739563,0.8399999737739563,178639
2026-06-29 12:10:00-04:00,0.8399999737739563,0.8999999761581421,0.8399999737739563,0.8567000031471252,400222
2026-06-29 12:15:00-04:00,0.8540999889373779,0.8600000143051147,0.7799999713897705,0.7870000004768372,544367
2026-06-29 12:20:00-04:00,0.7900000214576721,0.8323000073432922,0.7900000214576721,0.8245000243186951,95269
2026-06-29 12:25:00-04:00,0.8259999752044678,0.843999981880188,0.8199999928474426,0.8339999914169312,118044
2026-06-29 12:30:00-04:00,0.8339999914169312,0.8339999914169312,0.800000011920929,0.800000011920929,55876
2026-06-29 12:35:00-04:00,0.8041999936103821,0.8287000060081482,0.8026000261306763,0.8188999891281128,81022
2026-06-29 12:40:00-04:00,0.8188999891281128,0.8199999928474426,0.7950999736785889,0.8051999807357788,111514
2026-06-29 12:45:00-04:00,0.7953000068664551,0.8100000023841858,0.7953000068664551,0.8004999756813049,47861
2026-06-29 12:50:00-04:00,0.8133000135421753,0.8349999785423279,0.8004999756813049,0.8065999746322632,54510
2026-06-29 12:55:00-04:00,0.8134999871253967,0.8141000270843506,0.800599992275238,0.8141000270843506,27952
2026-06-29 13:00:00-04:00,0.8149999976158142,0.8299999833106995,0.8004999756813049,0.8100000023841858,59829
2026-06-29 13:05:00-04:00,0.8023999929428101,0.8095999956130981,0.7950000166893005,0.8040000200271606,33636
2026-06-29 13:10:00-04:00,0.803600013256073,0.8199999928474426,0.803600013256073,0.8112999796867371,15807
2026-06-29 13:15:00-04:00,0.8184999823570251,0.8450000286102295,0.8101999759674072,0.8385999798774719,72113
2026-06-29 13:20:00-04:00,0.8385000228881836,0.8385999798774719,0.8367999792098999,0.8377000093460083,8396
2026-06-29 13:25:00-04:00,0.8378999829292297,0.8381999731063843,0.8003000020980835,0.8299000263214111,36959
2026-06-29 13:30:00-04:00,0.8281000256538391,0.8690000176429749,0.828000009059906,0.8500000238418579,154611
2026-06-29 13:35:00-04:00,0.8562999963760376,0.8593999743461609,0.8411999940872192,0.8525000214576721,19891
2026-06-29 13:40:00-04:00,0.8562999963760376,0.8815000057220459,0.8562999963760376,0.8790000081062317,168397
2026-06-29 13:45:00-04:00,0.8698999881744385,0.8927000164985657,0.8640999794006348,0.876800000667572,83895
2026-06-29 13:50:00-04:00,0.876800000667572,0.8769000172615051,0.8399999737739563,0.8499000072479248,125157
2026-06-29 13:55:00-04:00,0.8500999808311462,0.8955000042915344,0.8500999808311462,0.892300009727478,94473
2026-06-29 14:00:00-04:00,0.887499988079071,0.8910999894142151,0.8700000047683716,0.8700000047683716,49899
2026-06-29 14:05:00-04:00,0.875,0.8799999952316284,0.8677999973297119,0.8741999864578247,22843
2026-06-29 14:10:00-04:00,0.8741999864578247,0.8763999938964844,0.8500999808311462,0.8621000051498413,29406
2026-06-29 14:15:00-04:00,0.8622000217437744,0.8827000260353088,0.8511000275611877,0.8812999725341797,42573
2026-06-29 14:20:00-04:00,0.8812999725341797,0.8840000033378601,0.8644999861717224,0.8650000095367432,35566
2026-06-29 14:25:00-04:00,0.8621000051498413,0.8799999952316284,0.8511000275611877,0.8655999898910522,22939
2026-06-29 14:30:00-04:00,0.8529999852180481,0.8529999852180481,0.8500000238418579,0.8500999808311462,27626
2026-06-29 14:35:00-04:00,0.8578000068664551,0.8600999712944031,0.8496999740600586,0.8496999740600586,53997
2026-06-29 14:40:00-04:00,0.8446999788284302,0.8446999788284302,0.800000011920929,0.8134999871253967,64704
2026-06-29 14:45:00-04:00,0.8199999928474426,0.8274000287055969,0.8184999823570251,0.8240000009536743,7306
2026-06-29 14:50:00-04:00,0.828000009059906,0.8511000275611877,0.8199999928474426,0.8349999785423279,21976
2026-06-29 14:55:00-04:00,0.8399999737739563,0.8500000238418579,0.8349999785423279,0.8497999906539917,6173
2026-06-29 15:00:00-04:00,0.8450000286102295,0.8500000238418579,0.8402000069618225,0.849399983882904,11112
2026-06-29 15:05:00-04:00,0.8529999852180481,0.8600000143051147,0.8300999999046326,0.8600000143051147,13770
2026-06-29 15:10:00-04:00,0.8626999855041504,0.8626999855041504,0.8436999917030334,0.8468999862670898,18221
2026-06-29 15:15:00-04:00,0.8449000120162964,0.8518999814987183,0.8436999917030334,0.8472999930381775,13933
2026-06-29 15:20:00-04:00,0.8450000286102295,0.8550000190734863,0.8242999911308289,0.8299999833106995,24803
2026-06-29 15:25:00-04:00,0.8349999785423279,0.8443999886512756,0.8299000263214111,0.8409000039100647,48937
2026-06-29 15:30:00-04:00,0.8360000252723694,0.840499997138977,0.8360000252723694,0.840499997138977,5350
2026-06-29 15:35:00-04:00,0.8248000144958496,0.8479999899864197,0.8248000144958496,0.8479999899864197,35601
2026-06-29 15:40:00-04:00,0.8575000166893005,0.8600000143051147,0.8310999870300293,0.8310999870300293,16157
2026-06-29 15:45:00-04:00,0.8199999928474426,0.8598999977111816,0.8199999928474426,0.8248000144958496,22024
2026-06-29 15:50:00-04:00,0.8201000094413757,0.8271999955177307,0.8019999861717224,0.8199999928474426,41877
2026-06-29 15:55:00-04:00,0.8165000081062317,0.8580999970436096,0.8163999915122986,0.8450000286102295,72383
2026-06-29 16:00:00-04:00,0.8517,0.8581,0.823,0.8301,0
2026-06-29 16:05:00-04:00,0.83,0.855,0.83,0.85,0
2026-06-29 16:10:00-04:00,0.8301,0.8517,0.8301,0.8312,0
2026-06-29 16:15:00-04:00,0.8313,0.8314,0.816,0.8193,0
2026-06-29 16:20:00-04:00,0.8194,0.8201,0.8062,0.8071,0
2026-06-29 16:25:00-04:00,0.81,0.8225,0.8064,0.8064,0
2026-06-29 16:30:00-04:00,0.807,0.82,0.8064,0.82,0
2026-06-29 16:35:00-04:00,0.81,0.8229,0.8078,0.8228,0
2026-06-29 16:40:00-04:00,0.8227,0.85,0.8227,0.8499,0
2026-06-29 16:45:00-04:00,0.85,0.87,0.8424,0.8581,0
2026-06-29 16:50:00-04:00,0.8591,0.931,0.8591,0.93,0
2026-06-29 16:55:00-04:00,0.915,0.92,0.89,0.915,0
2026-06-29 17:00:00-04:00,0.91,0.98,0.9072,0.9664,0
2026-06-29 17:05:00-04:00,0.9699,0.98,0.9033,0.96,0
2026-06-29 17:10:00-04:00,0.9309,0.931,0.865,0.88,0
2026-06-29 17:15:00-04:00,0.8799,0.95,0.877,0.91,0
2026-06-29 17:20:00-04:00,0.91,0.91,0.89,0.9,0
2026-06-29 17:25:00-04:00,0.9,0.9066,0.8801,0.8801,0
2026-06-29 17:30:00-04:00,0.9,0.92,0.9,0.92,0
2026-06-29 17:35:00-04:00,0.9305,0.932,0.901,0.901,0
2026-06-29 17:40:00-04:00,0.901,0.932,0.9,0.9242,0
2026-06-29 17:45:00-04:00,0.9242,0.95,0.919,0.95,0
2026-06-29 17:50:00-04:00,0.95,0.95,0.93,0.93,0
2026-06-29 17:55:00-04:00,0.9347,0.95,0.9304,0.95,0
2026-06-29 18:00:00-04:00,0.949,0.965,0.9445,0.96,0
2026-06-29 18:05:00-04:00,0.9594,1.2,0.9594,1.2,0
2026-06-29 18:10:00-04:00,1.2,1.4,1.19,1.38,0
2026-06-29 18:15:00-04:00,1.38,1.5,1.32,1.42,0
2026-06-29 18:20:00-04:00,1.425,1.425,1.13,1.14,0
2026-06-29 18:25:00-04:00,1.13,1.2,1.0,1.01,0
2026-06-29 18:30:00-04:00,1.01,1.1,0.9801,1.05,0
2026-06-29 18:35:00-04:00,1.04,1.06,0.9874,0.9874,0
2026-06-29 18:40:00-04:00,0.998,1.01,0.9303,0.9525,0
2026-06-29 18:45:00-04:00,0.9525,0.9525,0.924,0.9243,0
2026-06-29 18:50:00-04:00,0.93,0.9314,0.91,0.9314,0
2026-06-29 18:55:00-04:00,0.9314,0.9766,0.9314,0.972,0
2026-06-29 19:00:00-04:00,0.9746,1.01,0.9719,0.9806,0
2026-06-29 19:05:00-04:00,0.9806,0.9806,0.9353,0.94,0
2026-06-29 19:10:00-04:00,0.9353,0.94,0.9098,0.9268,0
2026-06-29 19:15:00-04:00,0.9187,0.95,0.9187,0.9467,0
2026-06-29 19:20:00-04:00,0.9466,0.9466,0.9101,0.9103,0
2026-06-29 19:25:00-04:00,0.9103,0.9469,0.9035,0.92,0
2026-06-29 19:30:00-04:00,0.9201,0.9201,0.9061,0.9081,0
2026-06-29 19:35:00-04:00,0.908,0.9189,0.9,0.908,0
2026-06-29 19:40:00-04:00,0.9189,0.9282,0.9099,0.9279,0
2026-06-29 19:45:00-04:00,0.9278,0.9447,0.9152,0.9152,0
2026-06-29 19:50:00-04:00,0.9153,0.94,0.9153,0.9236,0
2026-06-29 19:55:00-04:00,0.9236,0.943,0.9152,0.9153,0
2026-06-30 04:00:00-04:00,0.8365,0.8645,0.7998,0.8199,0
2026-06-30 04:05:00-04:00,0.8188,0.8513,0.8,0.82,0
2026-06-30 04:10:00-04:00,0.8195,0.8291,0.8188,0.8275,0
2026-06-30 04:15:00-04:00,0.8277,0.8277,0.815,0.815,0
2026-06-30 04:20:00-04:00,0.815,0.815,0.81,0.81,0
2026-06-30 04:25:00-04:00,0.8098,0.8098,0.8,0.8,0
2026-06-30 04:30:00-04:00,0.8001,0.8091,0.8,0.8,0
2026-06-30 04:35:00-04:00,0.7998,0.8002,0.7984,0.8002,0
2026-06-30 04:40:00-04:00,0.8002,0.8002,0.7899,0.7899,0
2026-06-30 04:45:00-04:00,0.7899,0.799,0.7899,0.7987,0
2026-06-30 04:50:00-04:00,0.7833,0.8088,0.7833,0.8088,0
2026-06-30 04:55:00-04:00,0.8,0.8,0.799,0.799,0
2026-06-30 05:00:00-04:00,0.7899,0.8,0.7899,0.8,0
2026-06-30 05:05:00-04:00,0.8001,0.8001,0.8,0.8,0
2026-06-30 05:10:00-04:00,0.8,0.8,0.8,0.8,0
2026-06-30 05:15:00-04:00,0.8,0.8001,0.8,0.8001,0
2026-06-30 05:20:00-04:00,0.8001,0.8001,0.8001,0.8001,0
2026-06-30 05:25:00-04:00,0.8001,0.8001,0.8,0.8,0
2026-06-30 05:35:00-04:00,0.8001,0.8004,0.8001,0.8004,0
2026-06-30 05:40:00-04:00,0.8004,0.8095,0.8003,0.8095,0
2026-06-30 05:45:00-04:00,0.801,0.8092,0.801,0.8092,0
2026-06-30 05:50:00-04:00,0.82,0.8201,0.82,0.82,0
2026-06-30 05:55:00-04:00,0.8223,0.8223,0.8223,0.8223,0
2026-06-30 06:05:00-04:00,0.8222,0.8222,0.8222,0.8222,0
2026-06-30 06:10:00-04:00,0.8222,0.8226,0.8222,0.8224,0
2026-06-30 06:15:00-04:00,0.8225,0.823,0.8225,0.823,0
2026-06-30 06:20:00-04:00,0.828,0.8281,0.828,0.8281,0
2026-06-30 06:30:00-04:00,0.8282,0.8282,0.8282,0.8282,0
2026-06-30 06:45:00-04:00,0.8224,0.8224,0.8015,0.8022,0
2026-06-30 06:50:00-04:00,0.81,0.8587,0.8038,0.8587,0
2026-06-30 06:55:00-04:00,0.8584,0.8584,0.8577,0.8577,0
2026-06-30 07:00:00-04:00,0.8576,0.8576,0.8285,0.8468,0
2026-06-30 07:05:00-04:00,0.8467,0.8467,0.83,0.83,0
2026-06-30 07:10:00-04:00,0.83,0.83,0.8116,0.8122,0
2026-06-30 07:15:00-04:00,0.8217,0.8217,0.8129,0.8129,0
2026-06-30 07:20:00-04:00,0.815,0.8499,0.8132,0.8366,0
2026-06-30 07:25:00-04:00,0.8536,0.95,0.8536,0.9001,0
2026-06-30 07:30:00-04:00,0.9,0.93,0.9,0.908,0
2026-06-30 07:35:00-04:00,0.908,0.99,0.9,0.9198,0
2026-06-30 07:40:00-04:00,0.915,0.923,0.8843,0.9101,0
2026-06-30 07:45:00-04:00,0.9101,0.9101,0.907,0.907,0
2026-06-30 07:50:00-04:00,0.9062,0.9101,0.8722,0.9,0
2026-06-30 07:55:00-04:00,0.9016,0.929,0.9,0.9251,0
2026-06-30 08:00:00-04:00,0.9251,0.9251,0.9002,0.91,0
2026-06-30 08:05:00-04:00,0.9,0.929,0.9,0.929,0
2026-06-30 08:10:00-04:00,0.929,0.96,0.915,0.9151,0
2026-06-30 08:15:00-04:00,0.9101,0.9263,0.91,0.9263,0
2026-06-30 08:20:00-04:00,0.9257,0.9257,0.9001,0.9001,0
2026-06-30 08:25:00-04:00,0.9001,0.9001,0.8949,0.9,0
2026-06-30 08:30:00-04:00,0.9001,0.9257,0.9,0.9257,0
2026-06-30 08:35:00-04:00,0.9,0.9244,0.9,0.9,0
2026-06-30 08:40:00-04:00,0.905,0.9244,0.905,0.9104,0
2026-06-30 08:45:00-04:00,0.9104,0.983,0.9104,0.9665,0
2026-06-30 08:50:00-04:00,0.9699,1.0,0.89,0.9634,0
2026-06-30 08:55:00-04:00,0.9634,0.964,0.9261,0.9261,0
2026-06-30 09:00:00-04:00,0.9262,0.95,0.9251,0.9439,0
2026-06-30 09:05:00-04:00,0.9439,0.954,0.9252,0.9287,0
2026-06-30 09:10:00-04:00,0.929,0.9501,0.9252,0.9424,0
2026-06-30 09:15:00-04:00,0.93,0.93,0.9253,0.9253,0
2026-06-30 09:20:00-04:00,0.94,0.94,0.9254,0.9397,0
2026-06-30 09:25:00-04:00,0.9394,0.9539,0.9391,0.9527,0
2026-06-30 09:30:00-04:00,0.9495999813079834,1.2299000024795532,0.9399999976158142,1.2199000120162964,2078909
2026-06-30 09:35:00-04:00,1.2200000286102295,1.2201000452041626,1.059999942779541,1.0700000524520874,860199
2026-06-30 09:40:00-04:00,1.059999942779541,1.0800000429153442,1.0,1.0049999952316284,632156
2026-06-30 09:45:00-04:00,1.0049999952316284,1.0499999523162842,1.0,1.0449999570846558,174524
2026-06-30 09:50:00-04:00,1.0449999570846558,1.0499000549316406,0.9599999785423279,0.9876000285148621,90725
2026-06-30 09:55:00-04:00,0.9810000061988831,1.0149999856948853,0.9710000157356262,0.9898999929428101,66418
2026-06-30 10:00:00-04:00,0.9800000190734863,1.0299999713897705,0.9751999974250793,1.0299999713897705,92308
2026-06-30 10:05:00-04:00,1.024999976158142,1.1299999952316284,1.0,1.0800000429153442,153449
2026-06-30 10:10:00-04:00,1.0799000263214111,1.1200000047683716,0.9799000024795532,1.0521999597549438,247451
2026-06-30 10:15:00-04:00,1.0700000524520874,1.1200000047683716,1.0700000524520874,1.100000023841858,86020
2026-06-30 10:20:00-04:00,1.100000023841858,1.100000023841858,1.0499999523162842,1.065000057220459,44124
2026-06-30 10:25:00-04:00,1.0503000020980835,1.090000033378601,1.0503000020980835,1.0750000476837158,30013
2026-06-30 10:30:00-04:00,1.0750000476837158,1.1699999570846558,1.0499999523162842,1.1689000129699707,148393
2026-06-30 10:35:00-04:00,1.169800043106079,1.2200000286102295,1.0099999904632568,1.0499999523162842,824884
2026-06-30 10:40:00-04:00,1.0507999658584595,1.0539000034332275,1.0099999904632568,1.0400999784469604,121923
2026-06-30 10:45:00-04:00,1.0699000358581543,1.100000023841858,1.0299999713897705,1.059999942779541,54048
2026-06-30 10:50:00-04:00,1.070099949836731,1.100000023841858,1.0520000457763672,1.0800000429153442,66037
2026-06-30 10:55:00-04:00,1.0500999689102173,1.0800000429153442,1.0499999523162842,1.0500999689102173,35792
2026-06-30 11:00:00-04:00,1.0700000524520874,1.090000033378601,1.0500999689102173,1.061900019645691,30600
2026-06-30 11:05:00-04:00,1.0700000524520874,1.090000033378601,1.059999942779541,1.0800000429153442,57924
2026-06-30 11:10:00-04:00,1.0707000494003296,1.090000033378601,1.059999942779541,1.0600999593734741,23969
2026-06-30 11:15:00-04:00,1.0750000476837158,1.090000033378601,1.070099949836731,1.090000033378601,20125
2026-06-30 11:20:00-04:00,1.0800000429153442,1.090000033378601,1.059999942779541,1.0750000476837158,70021
2026-06-30 11:25:00-04:00,1.0700000524520874,1.090000033378601,1.0700000524520874,1.0700000524520874,60130
2026-06-30 11:30:00-04:00,1.0750000476837158,1.149999976158142,1.0750000476837158,1.149899959564209,249663
2026-06-30 11:35:00-04:00,1.1476999521255493,1.3799999952316284,1.1399999856948853,1.3700000047683716,2640277
2026-06-30 11:40:00-04:00,1.3700000047683716,1.5800000429153442,1.3600000143051147,1.5800000429153442,1219451
2026-06-30 11:45:00-04:00,1.6299999952316284,1.9800000190734863,1.4600000381469727,1.9800000190734863,2616454
2026-06-30 11:50:00-04:00,1.850000023841858,2.1500000953674316,1.840000033378601,1.9299999475479126,3468068
2026-06-30 11:55:00-04:00,1.9249999523162842,2.140000104904175,1.8799999952316284,1.9666999578475952,3743204
2026-06-30 12:00:00-04:00,1.9610999822616577,1.9699000120162964,1.7000000476837158,1.875,3390587
2026-06-30 12:05:00-04:00,1.870300054550171,2.2799999713897705,1.8600000143051147,2.050100088119507,5720826
2026-06-30 12:10:00-04:00,2.055000066757202,2.180000066757202,1.9900000095367432,2.1700000762939453,3425941
2026-06-30 12:15:00-04:00,2.174999952316284,2.4100000858306885,2.130000114440918,2.2499001026153564,5810417
2026-06-30 12:20:00-04:00,2.244999885559082,2.244999885559082,2.049999952316284,2.2049999237060547,2602074
2026-06-30 12:25:00-04:00,2.20989990234375,2.2699999809265137,2.049999952316284,2.0897998809814453,1810693
2026-06-30 12:30:00-04:00,2.0710999965667725,2.109999895095825,1.9199999570846558,1.9622000455856323,1685728
2026-06-30 12:35:00-04:00,1.9601000547409058,2.1700000762939453,1.9600000381469727,2.129699945449829,1763677
2026-06-30 12:40:00-04:00,2.125,2.190000057220459,2.0,2.1500000953674316,1521116
2026-06-30 12:45:00-04:00,2.1498000621795654,2.450000047683716,2.0999999046325684,2.2249999046325684,4604222
2026-06-30 12:50:00-04:00,2.220099925994873,2.299999952316284,2.0799999237060547,2.1401000022888184,1887945
2026-06-30 12:55:00-04:00,2.140500068664551,2.1700000762939453,2.0199999809265137,2.0799999237060547,1132546
2026-06-30 13:00:00-04:00,2.0899999141693115,2.180000066757202,2.059999942779541,2.069999933242798,670221
2026-06-30 13:05:00-04:00,2.0699000358581543,2.069999933242798,1.9299999475479126,2.0350000858306885,932598
2026-06-30 13:10:00-04:00,2.0399999618530273,2.0399999618530273,1.840000033378601,1.8600000143051147,913086
2026-06-30 13:15:00-04:00,1.860700011253357,1.909999966621399,1.840000033378601,1.8894000053405762,608439
2026-06-30 13:20:00-04:00,1.8700000047683716,1.8898999691009521,1.7999999523162842,1.8199000358581543,644649
2026-06-30 13:25:00-04:00,1.809999942779541,1.8899999856948853,1.7400000095367432,1.8300000429153442,875680
2026-06-30 13:30:00-04:00,1.8200000524520874,2.0,1.809999942779541,1.965000033378601,1108547
2026-06-30 13:35:00-04:00,1.965000033378601,2.0,1.8700000047683716,1.9249999523162842,670763
2026-06-30 13:40:00-04:00,1.9199999570846558,1.9299999475479126,1.8300000429153442,1.850000023841858,357217
2026-06-30 13:45:00-04:00,1.850000023841858,1.9199999570846558,1.850000023841858,1.8799999952316284,218430
2026-06-30 13:50:00-04:00,1.8799999952316284,1.8849999904632568,1.788599967956543,1.7999999523162842,274412
2026-06-30 13:55:00-04:00,1.8101999759674072,1.8200000524520874,1.7200000286102295,1.7649999856948853,435015
2026-06-30 14:00:00-04:00,1.76010000705719,1.8300000429153442,1.7300000190734863,1.8001999855041504,329508
2026-06-30 14:05:00-04:00,1.8000999689102173,1.809999942779541,1.75,1.7697999477386475,168384
2026-06-30 14:10:00-04:00,1.7599999904632568,1.7699999809265137,1.6699999570846558,1.6799999475479126,405684
2026-06-30 14:15:00-04:00,1.6799999475479126,1.7300000190734863,1.6299999952316284,1.7050000429153442,254444
2026-06-30 14:20:00-04:00,1.7050000429153442,1.7300000190734863,1.659999966621399,1.7000000476837158,190164
2026-06-30 14:25:00-04:00,1.7099000215530396,1.7100000381469727,1.659999966621399,1.7000999450683594,159827
2026-06-30 14:30:00-04:00,1.7000000476837158,1.7100000381469727,1.5299999713897705,1.6050000190734863,447739
2026-06-30 14:35:00-04:00,1.6100000143051147,1.6299999952316284,1.5499999523162842,1.6200000047683716,209088
2026-06-30 14:40:00-04:00,1.6299999952316284,1.6299999952316284,1.5700000524520874,1.590000033378601,128457
2026-06-30 14:45:00-04:00,1.5720000267028809,1.590000033378601,1.5199999809265137,1.5850000381469727,143758
2026-06-30 14:50:00-04:00,1.590000033378601,1.6299999952316284,1.5800000429153442,1.6197999715805054,111590
2026-06-30 14:55:00-04:00,1.6200000047683716,1.690000057220459,1.590000033378601,1.6050000190734863,193849
2026-06-30 15:00:00-04:00,1.5906000137329102,1.6180000305175781,1.590000033378601,1.600000023841858,62954
2026-06-30 15:05:00-04:00,1.5801000595092773,1.600000023841858,1.5399999618530273,1.5700000524520874,111530
2026-06-30 15:10:00-04:00,1.5800000429153442,1.6299999952316284,1.5800000429153442,1.600000023841858,108029
2026-06-30 15:15:00-04:00,1.6101000308990479,1.6299999952316284,1.5700000524520874,1.5801000595092773,153969
2026-06-30 15:20:00-04:00,1.5801000595092773,1.7000000476837158,1.5801000595092773,1.6858999729156494,372608
2026-06-30 15:25:00-04:00,1.6749999523162842,1.7200000286102295,1.6299999952316284,1.660099983215332,394886
2026-06-30 15:30:00-04:00,1.6601999998092651,1.7200000286102295,1.6299999952316284,1.690000057220459,108148
2026-06-30 15:35:00-04:00,1.7000000476837158,1.9500000476837158,1.6950000524520874,1.899999976158142,1399189
2026-06-30 15:40:00-04:00,1.8949999809265137,1.9800000190734863,1.7999999523162842,1.934999942779541,829658
2026-06-30 15:45:00-04:00,1.940000057220459,2.0399999618530273,1.899999976158142,1.9599000215530396,1109115
2026-06-30 15:50:00-04:00,1.9550000429153442,2.059999942779541,1.781000018119812,1.781000018119812,839109
2026-06-30 15:55:00-04:00,1.7803000211715698,1.9299999475479126,1.7699999809265137,1.9199999570846558,466529
2026-06-30 16:00:00-04:00,1.85,1.9,1.64,1.7707,0
2026-06-30 16:05:00-04:00,1.7602,1.93,1.63,1.835,0
2026-06-30 16:10:00-04:00,1.84,1.98,1.75,1.7701,0
2026-06-30 16:15:00-04:00,1.81,1.83,1.72,1.75,0
2026-06-30 16:20:00-04:00,1.75,1.77,1.72,1.7202,0
2026-06-30 16:25:00-04:00,1.72,1.85,1.71,1.8299,0
2026-06-30 16:30:00-04:00,1.8105,1.88,1.76,1.8097,0
2026-06-30 16:35:00-04:00,1.8,1.82,1.71,1.7201,0
2026-06-30 16:40:00-04:00,1.72,1.75,1.71,1.72,0
2026-06-30 16:45:00-04:00,1.72,1.73,1.7,1.72,0
2026-06-30 16:50:00-04:00,1.7297,1.74,1.7,1.74,0
2026-06-30 16:55:00-04:00,1.74,1.85,1.71,1.85,0
2026-06-30 17:00:00-04:00,1.85,1.91,1.73,1.74,0
2026-06-30 17:05:00-04:00,1.7495,1.78,1.72,1.7399,0
2026-06-30 17:10:00-04:00,1.75,1.8,1.74,1.75,0
2026-06-30 17:15:00-04:00,1.77,1.77,1.72,1.72,0
2026-06-30 17:20:00-04:00,1.73,1.73,1.703,1.71,0
2026-06-30 17:25:00-04:00,1.73,1.73,1.7,1.73,0
2026-06-30 17:30:00-04:00,1.72,1.87,1.72,1.82,0
2026-06-30 17:35:00-04:00,1.86,2.29,1.85,2.26,0
2026-06-30 17:40:00-04:00,2.255,2.29,1.7301,1.7699,0
2026-06-30 17:45:00-04:00,1.7698,1.96,1.75,1.84,0
2026-06-30 17:50:00-04:00,1.84,1.9799,1.8,1.91,0
2026-06-30 17:55:00-04:00,1.93,1.95,1.77,1.8003,0
2026-06-30 18:00:00-04:00,1.8,1.86,1.79,1.84,0
2026-06-30 18:05:00-04:00,1.82,1.84,1.76,1.78,0
2026-06-30 18:10:00-04:00,1.77,1.8,1.7,1.77,0
2026-06-30 18:15:00-04:00,1.76,1.84,1.71,1.8105,0
2026-06-30 18:20:00-04:00,1.8,1.83,1.73,1.73,0
2026-06-30 18:25:00-04:00,1.7606,1.7858,1.74,1.77,0
2026-06-30 18:30:00-04:00,1.77,1.77,1.72,1.72,0
2026-06-30 18:35:00-04:00,1.72,1.7299,1.52,1.61,0
2026-06-30 18:40:00-04:00,1.615,1.74,1.6103,1.7105,0
2026-06-30 18:45:00-04:00,1.7109,1.72,1.63,1.6399,0
2026-06-30 18:50:00-04:00,1.63,1.7,1.63,1.69,0
2026-06-30 18:55:00-04:00,1.6998,1.74,1.6704,1.72,0
2026-06-30 19:00:00-04:00,1.72,1.73,1.7,1.7099,0
2026-06-30 19:05:00-04:00,1.7098,1.7098,1.65,1.66,0
2026-06-30 19:10:00-04:00,1.66,1.67,1.61,1.61,0
2026-06-30 19:15:00-04:00,1.61,1.63,1.58,1.58,0
2026-06-30 19:20:00-04:00,1.58,1.61,1.57,1.6093,0
2026-06-30 19:25:00-04:00,1.59,1.6,1.55,1.58,0
2026-06-30 19:30:00-04:00,1.58,1.63,1.56,1.6009,0
2026-06-30 19:35:00-04:00,1.63,1.66,1.61,1.66,0
2026-06-30 19:40:00-04:00,1.65,1.66,1.61,1.64,0
2026-06-30 19:45:00-04:00,1.645,1.65,1.61,1.6474,0
2026-06-30 19:50:00-04:00,1.63,1.65,1.5402,1.57,0
2026-06-30 19:55:00-04:00,1.6601,1.6995,1.63,1.6387,0
2026-07-01 04:00:00-04:00,1.92,1.94,1.64,1.65,0
2026-07-01 04:05:00-04:00,1.65,1.95,1.52,1.9,0
2026-07-01 04:10:00-04:00,1.6,1.63,1.55,1.58,0
2026-07-01 04:15:00-04:00,1.5824,1.63,1.58,1.6,0
2026-07-01 04:20:00-04:00,1.6036,1.612,1.59,1.61,0
2026-07-01 04:25:00-04:00,1.61,1.61,1.4,1.48,0
2026-07-01 04:30:00-04:00,1.48,1.52,1.48,1.51,0
2026-07-01 04:35:00-04:00,1.5089,1.57,1.5,1.5313,0
2026-07-01 04:40:00-04:00,1.5301,1.54,1.53,1.53,0
2026-07-01 04:45:00-04:00,1.5301,1.5311,1.51,1.52,0
2026-07-01 04:50:00-04:00,1.5124,1.52,1.4103,1.46,0
2026-07-01 04:55:00-04:00,1.46,1.5,1.46,1.48,0
2026-07-01 05:00:00-04:00,1.48,1.5209,1.48,1.5209,0
2026-07-01 05:05:00-04:00,1.47,1.53,1.46,1.53,0
2026-07-01 05:10:00-04:00,1.52,1.53,1.5,1.53,0
2026-07-01 05:15:00-04:00,1.51,1.52,1.49,1.49,0
2026-07-01 05:20:00-04:00,1.5497,1.5497,1.49,1.5003,0
2026-07-01 05:25:00-04:00,1.49,1.5,1.44,1.46,0
2026-07-01 05:30:00-04:00,1.45,1.48,1.45,1.47,0
2026-07-01 05:35:00-04:00,1.48,1.48,1.42,1.42,0
2026-07-01 05:40:00-04:00,1.4025,1.47,1.4,1.47,0
2026-07-01 05:45:00-04:00,1.46,1.46,1.42,1.43,0
2026-07-01 05:50:00-04:00,1.44,1.47,1.42,1.47,0
2026-07-01 05:55:00-04:00,1.46,1.46,1.45,1.45,0
2026-07-01 06:00:00-04:00,1.46,1.46,1.43,1.43,0
2026-07-01 06:05:00-04:00,1.43,1.46,1.42,1.42,0
2026-07-01 06:10:00-04:00,1.45,1.45,1.42,1.45,0
2026-07-01 06:15:00-04:00,1.46,1.48,1.44,1.4503,0
2026-07-01 06:20:00-04:00,1.44,1.44,1.43,1.44,0
2026-07-01 06:25:00-04:00,1.46,1.48,1.46,1.48,0
2026-07-01 06:30:00-04:00,1.48,1.48,1.45,1.46,0
2026-07-01 06:35:00-04:00,1.48,1.53,1.46,1.5,0
2026-07-01 06:40:00-04:00,1.5,1.5,1.48,1.5,0
2026-07-01 06:45:00-04:00,1.51,1.52,1.5,1.52,0
2026-07-01 06:50:00-04:00,1.52,1.52,1.48,1.48,0
2026-07-01 06:55:00-04:00,1.48,1.49,1.47,1.49,0
2026-07-01 07:00:00-04:00,1.4993,1.53,1.49,1.52,0
2026-07-01 07:05:00-04:00,1.5203,1.55,1.52,1.55,0
2026-07-01 07:10:00-04:00,1.54,1.65,1.52,1.64,0
2026-07-01 07:15:00-04:00,1.6497,1.68,1.6,1.62,0
2026-07-01 07:20:00-04:00,1.62,1.63,1.6,1.63,0
2026-07-01 07:25:00-04:00,1.64,1.68,1.62,1.6394,0
2026-07-01 07:30:00-04:00,1.63,1.63,1.58,1.602,0
2026-07-01 07:35:00-04:00,1.59,1.63,1.58,1.609,0
2026-07-01 07:40:00-04:00,1.57,1.6,1.57,1.6,0
2026-07-01 07:45:00-04:00,1.59,1.6,1.57,1.57,0
2026-07-01 07:50:00-04:00,1.58,1.58,1.57,1.57,0
2026-07-01 07:55:00-04:00,1.57,1.6,1.57,1.6,0
2026-07-01 08:00:00-04:00,1.59,1.6,1.57,1.5996,0
2026-07-01 08:05:00-04:00,1.5807,1.64,1.5804,1.63,0
2026-07-01 08:10:00-04:00,1.6301,1.64,1.6,1.63,0
2026-07-01 08:15:00-04:00,1.63,1.65,1.63,1.65,0
2026-07-01 08:20:00-04:00,1.6497,1.67,1.64,1.6697,0
2026-07-01 08:25:00-04:00,1.66,1.68,1.66,1.6701,0
2026-07-01 08:30:00-04:00,1.6713,1.68,1.66,1.6606,0
2026-07-01 08:35:00-04:00,1.6604,1.78,1.6604,1.6987,0
2026-07-01 08:40:00-04:00,1.73,1.78,1.69,1.78,0
2026-07-01 08:45:00-04:00,1.7798,1.78,1.74,1.7509,0
2026-07-01 08:50:00-04:00,1.73,1.73,1.68,1.68,0
2026-07-01 08:55:00-04:00,1.69,1.75,1.69,1.7399,0
2026-07-01 09:00:00-04:00,1.71,1.74,1.7,1.71,0
2026-07-01 09:05:00-04:00,1.71,1.74,1.71,1.74,0
2026-07-01 09:10:00-04:00,1.74,1.76,1.72,1.75,0
2026-07-01 09:15:00-04:00,1.76,1.77,1.7,1.7002,0
2026-07-01 09:20:00-04:00,1.7,1.7199,1.68,1.6801,0
2026-07-01 09:25:00-04:00,1.68,1.7,1.57,1.59,0
2026-07-01 09:30:00-04:00,1.6007000207901,1.7000000476837158,1.5700000524520874,1.5820000171661377,1392772
2026-07-01 09:35:00-04:00,1.5801000595092773,1.6799999475479126,1.5801000595092773,1.648900032043457,42266
2026-07-01 09:40:00-04:00,1.6406999826431274,1.7200000286102295,1.6014000177383423,1.7200000286102295,49723
2026-07-01 09:45:00-04:00,1.7050000429153442,1.7799999713897705,1.7050000429153442,1.7799999713897705,110807
2026-07-01 09:50:00-04:00,1.774999976158142,1.7799999713897705,1.6699999570846558,1.7000999450683594,55541
2026-07-01 09:55:00-04:00,1.7105000019073486,1.7799999713897705,1.7000000476837158,1.7798999547958374,47475
2026-07-01 10:00:00-04:00,1.7549999952316284,1.7711000442504883,1.7000000476837158,1.715000033378601,38585
2026-07-01 10:05:00-04:00,1.725000023841858,1.725000023841858,1.6299999952316284,1.6523000001907349,50691
2026-07-01 10:10:00-04:00,1.6500999927520752,1.75,1.6500999927520752,1.690999984741211,26763
2026-07-01 10:15:00-04:00,1.725000023841858,1.7699999809265137,1.7000000476837158,1.75,21007
2026-07-01 10:20:00-04:00,1.7493000030517578,1.840000033378601,1.7300000190734863,1.8393000364303589,69580
2026-07-01 10:25:00-04:00,1.8499000072479248,2.0499000549316406,1.840000033378601,1.899999976158142,428628
2026-07-01 10:30:00-04:00,1.9049999713897705,1.909999966621399,1.7999999523162842,1.8600000143051147,185077
2026-07-01 10:35:00-04:00,1.8600000143051147,2.180000066757202,1.8600000143051147,2.1098999977111816,270978
2026-07-01 10:40:00-04:00,2.0799999237060547,2.1098999977111816,1.9700000286102295,1.98989999294281,156343
2026-07-01 10:45:00-04:00,2.0099000930786133,2.0299999713897705,1.9299999475479126,1.9600000381469727,89124
2026-07-01 10:50:00-04:00,1.9600000381469727,1.9800000190734863,1.9401999711990356,1.9401999711990356,28667
2026-07-01 10:55:00-04:00,1.9299999475479126,1.9390000104904175,1.8300000429153442,1.8899999856948853,101054
2026-07-01 11:00:00-04:00,1.8799999952316284,1.9299999475479126,1.850000023841858,1.9199999570846558,44159
2026-07-01 11:05:00-04:00,1.909999966621399,1.934999942779541,1.8899999856948853,1.9246000051498413,22180
2026-07-01 11:10:00-04:00,1.909999966621399,1.9500000476837158,1.909999966621399,1.940000057220459,25664
2026-07-01 11:15:00-04:00,1.940000057220459,1.9500000476837158,1.8698999881744385,1.9399000406265259,45148
2026-07-01 11:20:00-04:00,1.9399000406265259,1.9500000476837158,1.899999976158142,1.9500000476837158,49129
2026-07-01 11:25:00-04:00,1.940000057220459,1.9500000476837158,1.9149999618530273,1.9249999523162842,31060
2026-07-01 11:30:00-04:00,1.9299999475479126,1.940000057220459,1.899999976158142,1.9199999570846558,19716
2026-07-01 11:35:00-04:00,1.9249999523162842,1.9500000476837158,1.9200999736785889,1.9498000144958496,20964
2026-07-01 11:40:00-04:00,1.9450000524520874,1.9500000476837158,1.899999976158142,1.9010000228881836,29376
2026-07-01 11:45:00-04:00,1.909999966621399,1.9500000476837158,1.909999966621399,1.9387999773025513,24948
2026-07-01 11:50:00-04:00,1.934999942779541,1.9500000476837158,1.9199999570846558,1.940000057220459,19494
2026-07-01 11:55:00-04:00,1.940000057220459,1.9500000476837158,1.909999966621399,1.930999994277954,30759
2026-07-01 12:00:00-04:00,1.9300999641418457,1.940000057220459,1.9299999475479126,1.940000057220459,5862
2026-07-01 12:05:00-04:00,1.9300999641418457,2.009999990463257,1.909999966621399,1.9900000095367432,81604
2026-07-01 12:10:00-04:00,1.9900000095367432,2.009999990463257,1.9199999570846558,1.9900000095367432,33414
2026-07-01 12:15:00-04:00,2.0099000930786133,2.0199999809265137,1.940000057220459,1.9600000381469727,62190
2026-07-01 12:20:00-04:00,1.975000023841858,1.9800000190734863,1.801900029182434,1.801900029182434,76582
2026-07-01 12:25:00-04:00,1.8097000122070312,1.850000023841858,1.7000000476837158,1.7899999618530273,67527
2026-07-01 12:30:00-04:00,1.7899999618530273,1.8300000429153442,1.7699999809265137,1.8200000524520874,28388
2026-07-01 12:35:00-04:00,1.7949999570846558,1.8200000524520874,1.7949999570846558,1.804800033569336,34154
2026-07-01 12:40:00-04:00,1.7999999523162842,1.850000023841858,1.7799999713897705,1.850000023841858,21732
2026-07-01 12:45:00-04:00,1.8300000429153442,1.909999966621399,1.8300000429153442,1.9049999713897705,17449
2026-07-01 12:50:00-04:00,1.9049999713897705,1.9199999570846558,1.8901000022888184,1.9199999570846558,7605
2026-07-01 12:55:00-04:00,1.9199999570846558,1.9199999570846558,1.8300000429153442,1.8700000047683716,16171
2026-07-01 13:00:00-04:00,1.840000033378601,1.9199999570846558,1.7999999523162842,1.9049999713897705,24637
2026-07-01 13:05:00-04:00,1.9199999570846558,1.9199999570846558,1.854099988937378,1.899999976158142,8973
2026-07-01 13:10:00-04:00,1.8849999904632568,1.909999966621399,1.8300000429153442,1.899999976158142,16911
2026-07-01 13:15:00-04:00,1.875,1.899999976158142,1.850000023841858,1.8799999952316284,9818
2026-07-01 13:20:00-04:00,1.8799999952316284,1.899999976158142,1.8799999952316284,1.899999976158142,40263
2026-07-01 13:25:00-04:00,1.899999976158142,1.899999976158142,1.7599999904632568,1.899999976158142,42267
2026-07-01 13:30:00-04:00,1.8899999856948853,1.899999976158142,1.850000023841858,1.8722000122070312,11256
2026-07-01 13:35:00-04:00,1.8799999952316284,1.899999976158142,1.8799999952316284,1.8899999856948853,7032
2026-07-01 13:40:00-04:00,1.8949999809265137,1.899999976158142,1.8899999856948853,1.899999976158142,8150
2026-07-01 13:45:00-04:00,1.899999976158142,1.899999976158142,1.850000023841858,1.8964999914169312,19687
2026-07-01 13:50:00-04:00,1.899999976158142,1.899999976158142,1.8799999952316284,1.899999976158142,11361
2026-07-01 13:55:00-04:00,1.8899999856948853,1.899999976158142,1.850000023841858,1.850000023841858,8219
2026-07-01 14:00:00-04:00,1.8100999593734741,1.850000023841858,1.809999942779541,1.850000023841858,11430
2026-07-01 14:05:00-04:00,1.8600000143051147,1.8899999856948853,1.8200000524520874,1.8502000570297241,11110
2026-07-01 14:10:00-04:00,1.8700000047683716,1.8799999952316284,1.8200000524520874,1.8200000524520874,13079
2026-07-01 14:15:00-04:00,1.840000033378601,1.8799999952316284,1.840000033378601,1.8799999952316284,5392
2026-07-01 14:20:00-04:00,1.8650000095367432,1.8799999952316284,1.820099949836731,1.850000023841858,63307
2026-07-01 14:25:00-04:00,1.850000023841858,1.850000023841858,1.7999999523162842,1.8200000524520874,8736
2026-07-01 14:30:00-04:00,1.840000033378601,1.8799999952316284,1.7999999523162842,1.8799999952316284,11845
2026-07-01 14:35:00-04:00,1.8600000143051147,1.8799999952316284,1.809999942779541,1.8799999952316284,11419
2026-07-01 14:40:00-04:00,1.8200000524520874,1.8700000047683716,1.809999942779541,1.8250000476837158,11726
2026-07-01 14:45:00-04:00,1.8200000524520874,1.840000033378601,1.7999999523162842,1.809999942779541,11496
2026-07-01 14:50:00-04:00,1.8200000524520874,1.8200000524520874,1.7999999523162842,1.809999942779541,9490
2026-07-01 14:55:00-04:00,1.7999999523162842,1.8200000524520874,1.7999999523162842,1.809999942779541,7185
2026-07-01 15:00:00-04:00,1.8049999475479126,1.850000023841858,1.8049999475479126,1.8200000524520874,15625
2026-07-01 15:05:00-04:00,1.8300000429153442,1.8300000429153442,1.7901999950408936,1.7910000085830688,18384
2026-07-01 15:10:00-04:00,1.7949999570846558,1.7999999523162842,1.7300000190734863,1.7599999904632568,17659
2026-07-01 15:15:00-04:00,1.7599999904632568,1.7699999809265137,1.7450000047683716,1.7450000047683716,17023
2026-07-01 15:20:00-04:00,1.7402000427246094,1.75,1.6699999570846558,1.6799999475479126,26068
2026-07-01 15:25:00-04:00,1.690000057220459,1.75,1.6699999570846558,1.75,15361
2026-07-01 15:30:00-04:00,1.7400000095367432,1.7699999809265137,1.7000000476837158,1.7699999809265137,5756
2026-07-01 15:35:00-04:00,1.7699999809265137,1.7799999713897705,1.7300000190734863,1.7549999952316284,21663
2026-07-01 15:40:00-04:00,1.7599999904632568,1.8200000524520874,1.75,1.7799999713897705,7975
2026-07-01 15:45:00-04:00,1.7699999809265137,1.7899999618530273,1.7699999809265137,1.784999966621399,9375
2026-07-01 15:50:00-04:00,1.7899999618530273,1.7899999618530273,1.774999976158142,1.7899999618530273,7895
2026-07-01 15:55:00-04:00,1.7899999618530273,1.840000033378601,1.7800999879837036,1.8350000381469727,70916
2026-07-01 16:00:00-04:00,1.85,1.86,1.82,1.85,0
2026-07-01 16:05:00-04:00,1.8,1.8,1.7103,1.7103,0
2026-07-01 16:10:00-04:00,1.85,1.85,1.7101,1.7102,0
2026-07-01 16:15:00-04:00,1.72,1.7517,1.71,1.75,0
2026-07-01 16:20:00-04:00,1.75,1.75,1.72,1.72,0
2026-07-01 16:25:00-04:00,1.7492,1.7492,1.71,1.71,0
2026-07-01 16:30:00-04:00,1.7106,1.7106,1.71,1.71,0
2026-07-01 16:35:00-04:00,1.7395,1.7395,1.72,1.72,0
2026-07-01 16:40:00-04:00,1.72,1.72,1.7102,1.7199,0
2026-07-01 16:45:00-04:00,1.72,1.72,1.68,1.68,0
2026-07-01 16:50:00-04:00,1.6794,1.68,1.51,1.59,0
2026-07-01 16:55:00-04:00,1.59,1.61,1.57,1.57,0
2026-07-01 17:00:00-04:00,1.6,1.6,1.55,1.58,0
2026-07-01 17:05:00-04:00,1.57,1.6,1.56,1.5901,0
2026-07-01 17:10:00-04:00,1.6,1.64,1.6,1.639,0
2026-07-01 17:15:00-04:00,1.6,1.61,1.6,1.61,0
2026-07-01 17:20:00-04:00,1.61,1.6391,1.61,1.63,0
2026-07-01 17:25:00-04:00,1.63,1.64,1.63,1.64,0
2026-07-01 17:30:00-04:00,1.64,1.64,1.64,1.64,0
2026-07-01 17:35:00-04:00,1.64,1.6414,1.64,1.6414,0
2026-07-01 17:40:00-04:00,1.66,1.66,1.64,1.64,0
2026-07-01 17:45:00-04:00,1.6,1.63,1.6,1.6007,0
2026-07-01 17:50:00-04:00,1.61,1.61,1.61,1.61,0
2026-07-01 17:55:00-04:00,1.6,1.63,1.58,1.63,0
2026-07-01 18:00:00-04:00,1.5818,1.63,1.58,1.63,0
2026-07-01 18:05:00-04:00,1.63,1.63,1.59,1.59,0
2026-07-01 18:10:00-04:00,1.6001,1.6001,1.6,1.6,0
2026-07-01 18:15:00-04:00,1.5997,1.61,1.5997,1.61,0
2026-07-01 18:20:00-04:00,1.6,1.6292,1.6,1.6292,0
2026-07-01 18:25:00-04:00,1.63,1.63,1.59,1.6297,0
2026-07-01 18:30:00-04:00,1.61,1.61,1.61,1.61,0
2026-07-01 18:35:00-04:00,1.6103,1.62,1.61,1.62,0
2026-07-01 18:40:00-04:00,1.61,1.66,1.6,1.6,0
2026-07-01 18:45:00-04:00,1.6,1.6,1.5901,1.6,0
2026-07-01 18:50:00-04:00,1.6,1.6,1.59,1.6,0
2026-07-01 18:55:00-04:00,1.59,1.59,1.59,1.59,0
2026-07-01 19:00:00-04:00,1.59,1.6,1.59,1.6,0
2026-07-01 19:05:00-04:00,1.6006,1.63,1.6,1.6,0
2026-07-01 19:10:00-04:00,1.63,1.63,1.5898,1.59,0
2026-07-01 19:15:00-04:00,1.6009,1.65,1.6009,1.65,0
2026-07-01 19:20:00-04:00,1.61,1.6485,1.6,1.6,0
2026-07-01 19:25:00-04:00,1.6,1.6,1.6,1.6,0
2026-07-01 19:30:00-04:00,1.6009,1.65,1.6,1.65,0
2026-07-01 19:35:00-04:00,1.65,1.66,1.63,1.66,0
2026-07-01 19:40:00-04:00,1.66,1.66,1.6597,1.6597,0
2026-07-01 19:45:00-04:00,1.63,1.63,1.63,1.63,0
2026-07-01 19:50:00-04:00,1.6305,1.67,1.6305,1.66,0
2026-07-01 19:55:00-04:00,1.69,1.69,1.64,1.68,0
2026-07-02 04:00:00-04:00,1.7203,1.74,1.61,1.7297,0
2026-07-02 04:10:00-04:00,1.69,1.74,1.61,1.61,0
2026-07-02 04:20:00-04:00,1.61,1.61,1.61,1.61,0
2026-07-02 04:35:00-04:00,1.61,1.61,1.61,1.61,0
2026-07-02 04:40:00-04:00,1.61,1.61,1.61,1.61,0
2026-07-02 04:55:00-04:00,1.6,1.6,1.58,1.59,0
2026-07-02 05:45:00-04:00,1.62,1.62,1.62,1.62,0
2026-07-02 06:40:00-04:00,1.64,1.64,1.63,1.63,0
2026-07-02 06:50:00-04:00,1.7,1.7,1.7,1.7,0
2026-07-02 07:00:00-04:00,1.68,1.72,1.68,1.7181,0
2026-07-02 07:05:00-04:00,1.72,1.72,1.6999,1.7,0
2026-07-02 07:10:00-04:00,1.69,1.69,1.65,1.65,0
2026-07-02 07:15:00-04:00,1.6492,1.65,1.6207,1.65,0
2026-07-02 07:20:00-04:00,1.65,1.6611,1.63,1.6611,0
2026-07-02 07:25:00-04:00,1.6903,1.7,1.69,1.7,0
2026-07-02 07:30:00-04:00,1.6896,1.6896,1.67,1.67,0
2026-07-02 07:35:00-04:00,1.6516,1.68,1.65,1.68,0
2026-07-02 07:40:00-04:00,1.6809,1.75,1.6809,1.75,0
2026-07-02 07:45:00-04:00,1.7105,1.72,1.7105,1.72,0
2026-07-02 07:50:00-04:00,1.75,1.75,1.71,1.72,0
2026-07-02 07:55:00-04:00,1.72,1.75,1.7118,1.75,0
2026-07-02 08:00:00-04:00,1.75,1.75,1.71,1.73,0
2026-07-02 08:05:00-04:00,1.71,1.73,1.71,1.73,0
2026-07-02 08:10:00-04:00,1.7298,1.75,1.7109,1.74,0
2026-07-02 08:15:00-04:00,1.74,1.74,1.71,1.7102,0
2026-07-02 08:20:00-04:00,1.71,1.74,1.71,1.7394,0
2026-07-02 08:25:00-04:00,1.73,1.73,1.71,1.73,0
2026-07-02 08:30:00-04:00,1.73,1.73,1.7299,1.7299,0
2026-07-02 08:35:00-04:00,1.74,1.74,1.7294,1.73,0
2026-07-02 08:40:00-04:00,1.73,1.73,1.7102,1.73,0
2026-07-02 08:45:00-04:00,1.73,1.75,1.73,1.7499,0
2026-07-02 08:50:00-04:00,1.75,1.75,1.73,1.75,0
2026-07-02 08:55:00-04:00,1.75,1.75,1.7494,1.75,0
2026-07-02 09:00:00-04:00,1.75,3.28,1.7497,3.22,0
2026-07-02 09:05:00-04:00,3.22,3.4997,2.24,2.2567,0
2026-07-02 09:10:00-04:00,2.25,2.33,1.1,1.1003,0
2026-07-02 09:15:00-04:00,1.1002,1.3599,1.1002,1.29,0
2026-07-02 09:20:00-04:00,1.2801,1.4,1.26,1.3909,0
2026-07-02 09:25:00-04:00,1.4,1.4897,1.36,1.4797,0
2026-07-02 09:30:00-04:00,1.465000033378601,1.690000057220459,1.3700000047683716,1.4800000190734863,11509879
2026-07-02 09:35:00-04:00,1.475000023841858,1.5,1.2699999809265137,1.3450000286102295,345039
2026-07-02 09:40:00-04:00,1.3300000429153442,1.340000033378601,1.2200000286102295,1.2890000343322754,232895
2026-07-02 09:45:00-04:00,1.2898999452590942,1.3300000429153442,1.2400000095367432,1.319000005722046,102220
2026-07-02 09:50:00-04:00,1.2949999570846558,1.3099000453948975,1.2799999713897705,1.2812999486923218,74957
2026-07-02 09:55:00-04:00,1.2802000045776367,1.340000033378601,1.2799999713897705,1.3086999654769897,70221
2026-07-02 10:00:00-04:00,1.3049999475479126,1.309999942779541,0.9399999976158142,0.9643999934196472,407472
2026-07-02 10:05:00-04:00,1.0198999643325806,1.0700000524520874,0.9699000120162964,1.0398999452590942,444901
2026-07-02 10:10:00-04:00,1.0303000211715698,1.039199948310852,0.8500000238418579,0.9207000136375427,530305
2026-07-02 10:15:00-04:00,0.9409999847412109,0.9649999737739563,0.9100000262260437,0.9100000262260437,259430
2026-07-02 10:20:00-04:00,0.9103000164031982,0.9399999976158142,0.9100000262260437,0.9399999976158142,103802
2026-07-02 10:25:00-04:00,0.9580000042915344,1.0799000263214111,0.9487000107765198,0.9900000095367432,241215
2026-07-02 10:30:00-04:00,1.0197999477386475,1.0399999618530273,0.9901000261306763,1.0198999643325806,72448
2026-07-02 10:35:00-04:00,1.000100016593933,1.065000057220459,1.0,1.0499999523162842,77738
2026-07-02 10:40:00-04:00,1.0449999570846558,1.059999942779541,1.0199999809265137,1.0399999618530273,76080
2026-07-02 10:45:00-04:00,1.0399999618530273,1.2000000476837158,1.0399999618530273,1.149999976158142,237738
2026-07-02 10:50:00-04:00,1.1598999500274658,1.159999966621399,1.0700000524520874,1.1050000190734863,100284
2026-07-02 10:55:00-04:00,1.1050000190734863,1.1399999856948853,1.0700000524520874,1.1398999691009521,69719
2026-07-02 11:00:00-04:00,1.1398999691009521,1.2300000190734863,1.1398999691009521,1.190000057220459,162903
2026-07-02 11:05:00-04:00,1.2000000476837158,1.2899999618530273,1.1799999475479126,1.2549999952316284,232157
2026-07-02 11:10:00-04:00,1.2649999856948853,1.2799999713897705,1.100000023841858,1.2200000286102295,173174
2026-07-02 11:15:00-04:00,1.215000033378601,1.2300000190734863,1.1399999856948853,1.2000999450683594,134009
2026-07-02 11:20:00-04:00,1.2050000429153442,1.3199000358581543,1.2000000476837158,1.2799999713897705,202690
2026-07-02 11:25:00-04:00,1.2999999523162842,1.3300000429153442,1.2599999904632568,1.2899999618530273,188023
2026-07-02 11:30:00-04:00,1.3300000429153442,1.3300000429153442,1.2899999618530273,1.2949999570846558,69321
2026-07-02 11:35:00-04:00,1.2898999452590942,1.2899999618530273,1.2301000356674194,1.25,83352
2026-07-02 11:40:00-04:00,1.25,1.2799999713897705,1.2450000047683716,1.2450000047683716,51530
2026-07-02 11:45:00-04:00,1.235200047492981,1.2699999809265137,1.2319999933242798,1.2649999856948853,33245
2026-07-02 11:50:00-04:00,1.2799999713897705,1.2799999713897705,1.2000000476837158,1.2200000286102295,59993
2026-07-02 11:55:00-04:00,1.2200000286102295,1.2899999618530273,1.2200000286102295,1.2699999809265137,33323
2026-07-02 12:00:00-04:00,1.2699999809265137,1.2899999618530273,1.2599999904632568,1.2649999856948853,28320
2026-07-02 12:05:00-04:00,1.2699999809265137,1.2999999523162842,1.26010000705719,1.2999999523162842,56743
2026-07-02 12:10:00-04:00,1.2899999618530273,1.3899999856948853,1.2799999713897705,1.3600000143051147,136575
2026-07-02 12:15:00-04:00,1.3550000190734863,1.399999976158142,1.3301000595092773,1.3725999593734741,83185
2026-07-02 12:20:00-04:00,1.3799999952316284,1.3849999904632568,1.3301000595092773,1.3700000047683716,57039
2026-07-02 12:25:00-04:00,1.3700000047683716,1.3700000047683716,1.3200000524520874,1.3220000267028809,43419
2026-07-02 12:30:00-04:00,1.3300000429153442,1.3300000429153442,1.2599999904632568,1.309999942779541,36232
2026-07-02 12:35:00-04:00,1.3068000078201294,1.3350000381469727,1.260200023651123,1.330199956893921,42164
2026-07-02 12:40:00-04:00,1.3300000429153442,1.350000023841858,1.3100999593734741,1.3350000381469727,19928
2026-07-02 12:45:00-04:00,1.3300000429153442,1.350000023841858,1.3300000429153442,1.3450000286102295,21695
2026-07-02 12:50:00-04:00,1.350000023841858,1.358299970626831,1.34089994430542,1.3450000286102295,20251
2026-07-02 12:55:00-04:00,1.3499000072479248,1.350000023841858,1.340000033378601,1.3494999408721924,14262
2026-07-02 13:00:00-04:00,1.3410999774932861,1.3799999952316284,1.340000033378601,1.3772000074386597,34715
2026-07-02 13:05:00-04:00,1.3700000047683716,1.3798999786376953,1.350000023841858,1.360200047492981,9305
2026-07-02 13:10:00-04:00,1.3600000143051147,1.3700000047683716,1.3600000143051147,1.360200047492981,3510
2026-07-02 13:15:00-04:00,1.3600000143051147,1.3600000143051147,1.2854000329971313,1.2854000329971313,26758
2026-07-02 13:20:00-04:00,1.3000999689102173,1.3200000524520874,1.2999999523162842,1.315000057220459,14834
2026-07-02 13:25:00-04:00,1.2949999570846558,1.2999999523162842,1.2799999713897705,1.2999999523162842,22095
2026-07-02 13:30:00-04:00,1.2999999523162842,1.2999999523162842,1.2800999879837036,1.2802000045776367,10246
2026-07-02 13:35:00-04:00,1.3049999475479126,1.3049999475479126,1.2799999713897705,1.281000018119812,4422
2026-07-02 13:40:00-04:00,1.2800999879837036,1.3049999475479126,1.2799999713897705,1.2800999879837036,3253
2026-07-02 13:45:00-04:00,1.3049999475479126,1.309999942779541,1.2799999713897705,1.2899999618530273,5111
2026-07-02 13:50:00-04:00,1.2799999713897705,1.309999942779541,1.2799999713897705,1.309999942779541,10309
2026-07-02 13:55:00-04:00,1.309999942779541,1.309999942779541,1.2799999713897705,1.2802000045776367,7656
2026-07-02 14:00:00-04:00,1.2949999570846558,1.2949999570846558,1.2799999713897705,1.281000018119812,4226
2026-07-02 14:05:00-04:00,1.2799999713897705,1.340000033378601,1.2799999713897705,1.340000033378601,37804
2026-07-02 14:10:00-04:00,1.340000033378601,1.3799999952316284,1.3324999809265137,1.3650000095367432,111857
2026-07-02 14:15:00-04:00,1.360200047492981,1.3799999952316284,1.350000023841858,1.350000023841858,29738
2026-07-02 14:20:00-04:00,1.350000023841858,1.3600000143051147,1.3000999689102173,1.340000033378601,10545
2026-07-02 14:25:00-04:00,1.3425999879837036,1.350000023841858,1.3100999593734741,1.3401999473571777,25308
2026-07-02 14:30:00-04:00,1.340000033378601,1.350000023841858,1.340000033378601,1.340000033378601,18459
2026-07-02 14:35:00-04:00,1.350000023841858,1.350000023841858,1.340000033378601,1.340000033378601,27554
2026-07-02 14:40:00-04:00,1.350000023841858,1.3650000095367432,1.3401000499725342,1.3601000308990479,21671
2026-07-02 14:45:00-04:00,1.3650000095367432,1.4500000476837158,1.3650000095367432,1.440000057220459,56688
2026-07-02 14:50:00-04:00,1.4299999475479126,1.440000057220459,1.3799999952316284,1.3801000118255615,32533
2026-07-02 14:55:00-04:00,1.391700029373169,1.649999976158142,1.3799999952316284,1.600000023841858,262474
2026-07-02 15:00:00-04:00,1.5989999771118164,1.6399999856948853,1.5299999713897705,1.5599000453948975,104080
2026-07-02 15:05:00-04:00,1.5549999475479126,1.5800000429153442,1.3100999593734741,1.4600000381469727,101307
2026-07-02 15:10:00-04:00,1.4600000381469727,1.5199999809265137,1.3899999856948853,1.4700000286102295,39298
2026-07-02 15:15:00-04:00,1.4847999811172485,1.5154000520706177,1.4700000286102295,1.5049999952316284,19767
2026-07-02 15:20:00-04:00,1.5049999952316284,1.600000023841858,1.4700000286102295,1.590000033378601,55201
2026-07-02 15:25:00-04:00,1.5950000286102295,1.6299999952316284,1.5400999784469604,1.5950000286102295,39769
2026-07-02 15:30:00-04:00,1.600000023841858,1.6399999856948853,1.5499999523162842,1.6165000200271606,50263
2026-07-02 15:35:00-04:00,1.600000023841858,1.7000000476837158,1.5499999523162842,1.6950000524520874,111115
2026-07-02 15:40:00-04:00,1.659999966621399,1.8799999952316284,1.6200000047683716,1.8711999654769897,210728
2026-07-02 15:45:00-04:00,1.8701000213623047,1.8899999856948853,1.6699999570846558,1.8100999593734741,281480
2026-07-02 15:50:00-04:00,1.809999942779541,1.8288999795913696,1.6799999475479126,1.6799999475479126,89047
2026-07-02 15:55:00-04:00,1.7100000381469727,1.7999999523162842,1.6100000143051147,1.6299999952316284,116682
2026-07-02 16:00:00-04:00,1.63,1.75,1.4401,1.59,0
2026-07-02 16:05:00-04:00,1.52,1.6,1.52,1.56,0
2026-07-02 16:10:00-04:00,1.65,1.65,1.44,1.45,0
2026-07-02 16:15:00-04:00,1.45,1.55,1.44,1.51,0
2026-07-02 16:20:00-04:00,1.54,1.55,1.5,1.52,0
2026-07-02 16:25:00-04:00,1.5,1.5,1.45,1.451,0
2026-07-02 16:30:00-04:00,1.47,1.52,1.45,1.45,0
2026-07-02 16:35:00-04:00,1.45,1.52,1.43,1.45,0
2026-07-02 16:40:00-04:00,1.45,1.49,1.43,1.4452,0
2026-07-02 16:45:00-04:00,1.48,1.49,1.45,1.47,0
2026-07-02 16:50:00-04:00,1.48,1.49,1.46,1.49,0
2026-07-02 16:55:00-04:00,1.5,1.52,1.4918,1.51,0
2026-07-02 17:00:00-04:00,1.5116,1.52,1.48,1.5,0
2026-07-02 17:05:00-04:00,1.4812,1.49,1.48,1.48,0
2026-07-02 17:10:00-04:00,1.5,1.52,1.48,1.5116,0
2026-07-02 17:15:00-04:00,1.51,1.55,1.51,1.54,0
2026-07-02 17:20:00-04:00,1.5356,1.5356,1.5,1.5,0
2026-07-02 17:25:00-04:00,1.5,1.53,1.5,1.53,0
2026-07-02 17:30:00-04:00,1.52,1.52,1.48,1.48,0
2026-07-02 17:35:00-04:00,1.48,1.5097,1.47,1.47,0
2026-07-02 17:40:00-04:00,1.4797,1.5,1.47,1.5,0
2026-07-02 17:45:00-04:00,1.5,1.52,1.49,1.52,0
2026-07-02 17:50:00-04:00,1.52,1.52,1.51,1.52,0
2026-07-02 17:55:00-04:00,1.51,1.52,1.51,1.5114,0
2026-07-02 18:00:00-04:00,1.5,1.51,1.45,1.45,0
2026-07-02 18:05:00-04:00,1.45,1.49,1.45,1.49,0
2026-07-02 18:10:00-04:00,1.49,1.5,1.48,1.49,0
2026-07-02 18:15:00-04:00,1.48,1.5,1.48,1.5,0
2026-07-02 18:20:00-04:00,1.49,1.51,1.47,1.51,0
2026-07-02 18:25:00-04:00,1.51,1.52,1.5097,1.52,0
2026-07-02 18:30:00-04:00,1.47,1.72,1.4616,1.6739,0
2026-07-02 18:35:00-04:00,1.6029,1.7,1.59,1.6979,0
2026-07-02 18:40:00-04:00,1.7,1.72,1.615,1.66,0
2026-07-02 18:45:00-04:00,1.63,1.65,1.55,1.55,0
2026-07-02 18:50:00-04:00,1.51,1.63,1.5,1.63,0
2026-07-02 18:55:00-04:00,1.63,1.64,1.57,1.63,0
2026-07-02 19:00:00-04:00,1.6386,1.65,1.63,1.64,0
2026-07-02 19:05:00-04:00,1.64,1.68,1.62,1.65,0
2026-07-02 19:10:00-04:00,1.6384,1.65,1.59,1.65,0
2026-07-02 19:15:00-04:00,1.59,1.65,1.59,1.5955,0
2026-07-02 19:20:00-04:00,1.64,1.64,1.59,1.59,0
2026-07-02 19:25:00-04:00,1.62,1.63,1.61,1.63,0
2026-07-02 19:30:00-04:00,1.63,1.63,1.59,1.61,0
2026-07-02 19:35:00-04:00,1.59,1.6,1.57,1.57,0
2026-07-02 19:40:00-04:00,1.57,1.57,1.51,1.57,0
2026-07-02 19:45:00-04:00,1.57,1.5715,1.52,1.52,0
2026-07-02 19:50:00-04:00,1.55,1.55,1.5,1.5,0
2026-07-02 19:55:00-04:00,1.5797,1.6,1.5,1.52,0
