time,Open,High,Low,Close,Volume
2026-06-15 00:00:00-04:00,7519.5,7520.75,7519.5,7520.25,0
2026-06-15 00:01:00-04:00,7520.0,7520.25,7519.5,7519.75,64
2026-06-15 00:02:00-04:00,7519.5,7519.75,7517.25,7517.25,86
2026-06-15 00:03:00-04:00,7517.25,7518.25,7517.0,7518.25,161
2026-06-15 00:04:00-04:00,7518.0,7519.0,7518.0,7518.5,63
2026-06-15 00:05:00-04:00,7518.25,7518.5,7518.0,7518.25,22
2026-06-15 00:06:00-04:00,7518.25,7518.75,7518.25,7518.75,39
2026-06-15 00:07:00-04:00,7519.0,7519.25,7518.5,7518.5,78
2026-06-15 00:08:00-04:00,7518.75,7518.75,7517.75,7518.25,96
2026-06-15 00:09:00-04:00,7518.25,7518.5,7518.0,7518.25,21
2026-06-15 00:10:00-04:00,7518.5,7518.5,7517.75,7518.25,26
2026-06-15 00:11:00-04:00,7518.5,7518.5,7518.0,7518.5,31
2026-06-15 00:12:00-04:00,7518.5,7518.5,7517.25,7517.5,90
2026-06-15 00:13:00-04:00,7517.25,7517.5,7517.0,7517.5,32
2026-06-15 00:14:00-04:00,7517.5,7518.75,7517.5,7518.5,70
2026-06-15 00:15:00-04:00,7519.0,7519.25,7518.75,7519.25,46
2026-06-15 00:16:00-04:00,7519.25,7520.25,7519.0,7519.5,81
2026-06-15 00:17:00-04:00,7519.5,7519.75,7519.25,7519.5,60
2026-06-15 00:18:00-04:00,7519.75,7520.75,7519.75,7520.75,90
2026-06-15 00:19:00-04:00,7521.0,7521.0,7520.5,7520.75,25
2026-06-15 00:20:00-04:00,7520.75,7521.5,7520.75,7521.25,43
2026-06-15 00:21:00-04:00,7521.25,7521.25,7520.25,7520.5,46
2026-06-15 00:22:00-04:00,7520.5,7521.0,7520.5,7521.0,54
2026-06-15 00:23:00-04:00,7521.0,7521.5,7521.0,7521.5,51
2026-06-15 00:24:00-04:00,7521.5,7522.0,7521.25,7521.5,34
2026-06-15 00:25:00-04:00,7521.75,7522.5,7521.75,7522.25,82
2026-06-15 00:26:00-04:00,7522.0,7522.25,7522.0,7522.0,26
2026-06-15 00:27:00-04:00,7522.25,7522.5,7522.0,7522.5,28
2026-06-15 00:28:00-04:00,7522.5,7523.25,7522.25,7523.0,51
2026-06-15 00:29:00-04:00,7522.75,7523.5,7522.5,7523.0,54
2026-06-15 00:30:00-04:00,7522.75,7523.0,7522.0,7522.0,62
2026-06-15 00:31:00-04:00,7522.25,7523.0,7522.0,7523.0,72
2026-06-15 00:32:00-04:00,7523.0,7523.5,7523.0,7523.25,65
2026-06-15 00:33:00-04:00,7523.25,7524.0,7523.0,7523.75,90
2026-06-15 00:34:00-04:00,7523.75,7524.75,7523.25,7524.0,315
2026-06-15 00:35:00-04:00,7524.0,7524.5,7524.0,7524.0,78
2026-06-15 00:36:00-04:00,7524.25,7524.5,7523.75,7523.75,74
2026-06-15 00:37:00-04:00,7523.5,7523.5,7522.5,7523.25,214
2026-06-15 00:38:00-04:00,7523.0,7524.5,7523.0,7524.0,197
2026-06-15 00:39:00-04:00,7524.0,7524.25,7523.75,7524.0,226
2026-06-15 00:40:00-04:00,7524.0,7524.0,7523.25,7523.25,102
2026-06-15 00:41:00-04:00,7523.25,7523.5,7522.25,7522.5,53
2026-06-15 00:42:00-04:00,7523.0,7524.25,7523.0,7524.25,65
2026-06-15 00:43:00-04:00,7524.0,7524.5,7524.0,7524.5,38
2026-06-15 00:44:00-04:00,7524.5,7524.5,7524.0,7524.25,36
2026-06-15 00:45:00-04:00,7524.25,7524.25,7523.5,7523.75,54
2026-06-15 00:46:00-04:00,7523.5,7523.75,7523.5,7523.75,38
2026-06-15 00:47:00-04:00,7524.0,7524.25,7523.75,7524.0,77
2026-06-15 00:48:00-04:00,7523.75,7523.75,7523.25,7523.75,78
2026-06-15 00:49:00-04:00,7524.0,7524.0,7523.5,7524.0,77
2026-06-15 00:50:00-04:00,7524.0,7524.5,7523.75,7524.25,159
2026-06-15 00:51:00-04:00,7524.25,7524.75,7524.0,7524.0,62
2026-06-15 00:52:00-04:00,7524.0,7524.5,7524.0,7524.5,83
2026-06-15 00:53:00-04:00,7524.5,7524.75,7524.0,7524.25,38
2026-06-15 00:54:00-04:00,7524.25,7524.5,7523.75,7524.0,38
2026-06-15 00:55:00-04:00,7523.75,7524.5,7523.75,7524.25,237
2026-06-15 00:56:00-04:00,7524.25,7525.25,7524.25,7525.0,150
2026-06-15 00:57:00-04:00,7525.0,7527.0,7525.0,7526.5,163
2026-06-15 00:58:00-04:00,7526.5,7527.0,7525.75,7527.0,113
2026-06-15 00:59:00-04:00,7527.0,7527.25,7526.5,7526.75,61
2026-06-15 01:00:00-04:00,7526.5,7527.0,7526.25,7526.25,75
2026-06-15 01:01:00-04:00,7526.5,7526.75,7526.0,7526.5,70
2026-06-15 01:02:00-04:00,7526.25,7527.25,7526.0,7526.75,121
2026-06-15 01:03:00-04:00,7526.75,7527.0,7526.0,7526.25,82
2026-06-15 01:04:00-04:00,7526.25,7526.5,7526.25,7526.25,48
2026-06-15 01:05:00-04:00,7526.25,7526.75,7526.0,7526.25,91
2026-06-15 01:06:00-04:00,7526.25,7527.0,7526.25,7526.25,49
2026-06-15 01:07:00-04:00,7526.0,7527.5,7526.0,7527.25,102
2026-06-15 01:08:00-04:00,7527.25,7528.5,7527.25,7528.0,179
2026-06-15 01:09:00-04:00,7528.0,7528.5,7527.5,7528.5,56
2026-06-15 01:10:00-04:00,7528.5,7529.75,7528.5,7528.75,152
2026-06-15 01:11:00-04:00,7528.5,7529.25,7527.75,7528.25,88
2026-06-15 01:12:00-04:00,7528.25,7529.25,7528.25,7528.75,49
2026-06-15 01:13:00-04:00,7528.5,7529.5,7528.25,7529.5,80
2026-06-15 01:14:00-04:00,7529.5,7529.5,7528.5,7529.0,41
2026-06-15 01:15:00-04:00,7528.5,7529.0,7528.25,7528.75,40
2026-06-15 01:16:00-04:00,7528.75,7529.25,7528.75,7529.25,53
2026-06-15 01:17:00-04:00,7529.0,7529.5,7529.0,7529.25,23
2026-06-15 01:18:00-04:00,7529.25,7529.25,7528.25,7528.5,87
2026-06-15 01:19:00-04:00,7528.5,7529.5,7528.5,7529.5,106
2026-06-15 01:20:00-04:00,7529.5,7529.75,7529.25,7529.25,68
2026-06-15 01:21:00-04:00,7529.0,7529.5,7528.75,7529.5,89
2026-06-15 01:22:00-04:00,7529.75,7530.0,7529.5,7529.75,130
2026-06-15 01:23:00-04:00,7529.5,7529.75,7529.0,7529.0,36
2026-06-15 01:24:00-04:00,7529.0,7529.0,7528.0,7528.25,80
2026-06-15 01:25:00-04:00,7528.25,7528.5,7527.5,7528.0,106
2026-06-15 01:26:00-04:00,7528.0,7529.0,7528.0,7528.75,107
2026-06-15 01:27:00-04:00,7528.5,7529.5,7528.5,7529.25,83
2026-06-15 01:28:00-04:00,7529.25,7529.75,7528.75,7528.75,122
2026-06-15 01:29:00-04:00,7528.75,7529.0,7528.5,7528.5,67
2026-06-15 01:30:00-04:00,7528.75,7529.75,7528.25,7528.5,117
2026-06-15 01:31:00-04:00,7528.5,7529.0,7528.0,7528.0,97
2026-06-15 01:32:00-04:00,7528.0,7528.0,7527.25,7527.25,114
2026-06-15 01:33:00-04:00,7527.25,7527.5,7526.0,7526.5,108
2026-06-15 01:34:00-04:00,7526.5,7527.75,7526.5,7527.75,195
2026-06-15 01:35:00-04:00,7527.5,7528.0,7527.25,7527.75,320
2026-06-15 01:36:00-04:00,7528.0,7529.25,7527.5,7528.5,370
2026-06-15 01:37:00-04:00,7528.5,7528.5,7526.75,7527.25,496
2026-06-15 01:38:00-04:00,7527.25,7529.75,7527.25,7529.0,548
2026-06-15 01:39:00-04:00,7529.0,7530.25,7529.0,7530.0,288
2026-06-15 01:40:00-04:00,7530.0,7530.75,7529.25,7530.25,391
2026-06-15 01:41:00-04:00,7530.0,7530.25,7529.5,7529.75,105
2026-06-15 01:42:00-04:00,7529.5,7530.25,7529.5,7529.75,45
2026-06-15 01:43:00-04:00,7529.75,7530.75,7529.5,7530.25,86
2026-06-15 01:44:00-04:00,7530.25,7530.5,7529.5,7529.5,45
2026-06-15 01:45:00-04:00,7529.75,7530.0,7528.75,7529.0,83
2026-06-15 01:46:00-04:00,7529.0,7529.25,7528.5,7529.25,110
2026-06-15 01:47:00-04:00,7529.0,7529.75,7528.75,7529.75,72
2026-06-15 01:48:00-04:00,7529.75,7530.5,7529.5,7530.25,88
2026-06-15 01:49:00-04:00,7530.25,7530.5,7529.5,7530.0,123
2026-06-15 01:50:00-04:00,7529.75,7530.25,7529.75,7529.75,82
2026-06-15 01:51:00-04:00,7529.75,7529.75,7528.25,7528.25,108
2026-06-15 01:52:00-04:00,7528.25,7528.75,7528.0,7528.5,155
2026-06-15 01:53:00-04:00,7528.5,7530.0,7528.0,7529.75,193
2026-06-15 01:54:00-04:00,7529.75,7529.75,7528.25,7528.75,135
2026-06-15 01:55:00-04:00,7528.75,7528.75,7527.5,7527.5,82
2026-06-15 01:56:00-04:00,7527.75,7529.25,7527.75,7529.0,70
2026-06-15 01:57:00-04:00,7529.25,7529.75,7529.0,7529.75,75
2026-06-15 01:58:00-04:00,7530.0,7531.0,7530.0,7531.0,118
2026-06-15 01:59:00-04:00,7531.0,7531.25,7530.75,7531.25,109
2026-06-15 02:00:00-04:00,7531.25,7533.25,7531.0,7531.25,353
2026-06-15 02:01:00-04:00,7531.25,7531.75,7530.5,7530.75,137
2026-06-15 02:02:00-04:00,7530.75,7531.0,7530.25,7530.5,164
2026-06-15 02:03:00-04:00,7530.5,7531.75,7530.25,7531.25,161
2026-06-15 02:04:00-04:00,7531.25,7531.75,7531.25,7531.5,128
2026-06-15 02:05:00-04:00,7531.5,7531.5,7530.25,7530.75,203
2026-06-15 02:06:00-04:00,7530.5,7531.25,7529.5,7530.5,238
2026-06-15 02:07:00-04:00,7530.25,7531.25,7530.0,7530.75,182
2026-06-15 02:08:00-04:00,7530.75,7531.0,7530.0,7530.25,118
2026-06-15 02:09:00-04:00,7530.25,7530.5,7529.0,7529.0,121
2026-06-15 02:10:00-04:00,7529.5,7529.5,7529.0,7529.5,110
2026-06-15 02:11:00-04:00,7529.5,7530.5,7529.5,7529.75,82
2026-06-15 02:12:00-04:00,7529.75,7530.0,7529.25,7529.5,95
2026-06-15 02:13:00-04:00,7529.5,7530.0,7529.25,7529.75,128
2026-06-15 02:14:00-04:00,7530.0,7530.0,7529.0,7529.25,126
2026-06-15 02:15:00-04:00,7529.25,7529.25,7526.75,7526.75,198
2026-06-15 02:16:00-04:00,7527.25,7527.5,7525.75,7527.25,150
2026-06-15 02:17:00-04:00,7527.0,7527.25,7526.0,7526.5,117
2026-06-15 02:18:00-04:00,7526.5,7527.5,7526.25,7527.0,166
2026-06-15 02:19:00-04:00,7526.75,7527.25,7526.25,7527.25,102
2026-06-15 02:20:00-04:00,7527.25,7528.75,7527.0,7527.75,172
2026-06-15 02:21:00-04:00,7527.75,7527.75,7526.5,7527.75,187
2026-06-15 02:22:00-04:00,7528.0,7529.25,7527.75,7529.0,133
2026-06-15 02:23:00-04:00,7529.25,7530.5,7529.0,7530.0,207
2026-06-15 02:24:00-04:00,7530.0,7531.25,7529.5,7531.0,108
2026-06-15 02:25:00-04:00,7531.25,7532.25,7530.75,7531.25,206
2026-06-15 02:26:00-04:00,7531.5,7532.0,7531.5,7531.75,116
2026-06-15 02:27:00-04:00,7531.75,7531.75,7530.25,7530.25,184
2026-06-15 02:28:00-04:00,7530.25,7530.25,7528.75,7529.0,159
2026-06-15 02:29:00-04:00,7528.75,7529.0,7528.0,7528.75,176
2026-06-15 02:30:00-04:00,7528.75,7530.0,7527.75,7528.75,200
2026-06-15 02:31:00-04:00,7528.75,7529.0,7527.0,7528.5,196
2026-06-15 02:32:00-04:00,7528.25,7528.25,7526.25,7526.75,382
2026-06-15 02:33:00-04:00,7526.75,7527.0,7526.0,7526.25,189
2026-06-15 02:34:00-04:00,7526.25,7526.5,7524.75,7524.75,266
2026-06-15 02:35:00-04:00,7524.75,7525.0,7523.0,7523.75,226
2026-06-15 02:36:00-04:00,7523.5,7524.75,7523.25,7524.5,175
2026-06-15 02:37:00-04:00,7524.5,7525.75,7524.25,7525.5,187
2026-06-15 02:38:00-04:00,7525.5,7525.75,7525.0,7525.0,107
2026-06-15 02:39:00-04:00,7524.75,7525.25,7524.0,7525.0,136
2026-06-15 02:40:00-04:00,7524.75,7525.0,7524.0,7525.0,123
2026-06-15 02:41:00-04:00,7525.25,7526.75,7525.25,7525.75,223
2026-06-15 02:42:00-04:00,7526.0,7526.5,7525.25,7526.5,203
2026-06-15 02:43:00-04:00,7526.5,7527.25,7526.5,7526.75,163
2026-06-15 02:44:00-04:00,7526.75,7526.75,7525.5,7526.5,121
2026-06-15 02:45:00-04:00,7526.75,7527.0,7526.25,7526.75,177
2026-06-15 02:46:00-04:00,7526.5,7527.0,7526.5,7526.5,97
2026-06-15 02:47:00-04:00,7526.75,7526.75,7525.75,7526.25,159
2026-06-15 02:48:00-04:00,7526.25,7527.5,7526.25,7526.5,146
2026-06-15 02:49:00-04:00,7526.75,7527.75,7526.5,7527.0,136
2026-06-15 02:50:00-04:00,7526.75,7528.0,7526.75,7527.5,104
2026-06-15 02:51:00-04:00,7527.5,7528.0,7527.25,7528.0,81
2026-06-15 02:52:00-04:00,7528.0,7528.25,7527.5,7527.5,150
2026-06-15 02:53:00-04:00,7527.5,7527.75,7525.25,7525.5,580
2026-06-15 02:54:00-04:00,7525.5,7525.5,7524.0,7524.0,230
2026-06-15 02:55:00-04:00,7524.25,7524.75,7523.25,7524.0,117
2026-06-15 02:56:00-04:00,7523.75,7524.5,7523.5,7524.25,93
2026-06-15 02:57:00-04:00,7524.25,7526.0,7524.25,7525.75,112
2026-06-15 02:58:00-04:00,7526.0,7526.25,7524.5,7524.5,107
2026-06-15 02:59:00-04:00,7524.75,7526.25,7524.5,7526.0,142
2026-06-15 03:00:00-04:00,7526.0,7526.25,7521.25,7522.5,447
2026-06-15 03:01:00-04:00,7522.5,7523.75,7522.0,7522.75,237
2026-06-15 03:02:00-04:00,7523.0,7524.5,7522.75,7524.0,471
2026-06-15 03:03:00-04:00,7523.75,7524.5,7522.75,7523.25,167
2026-06-15 03:04:00-04:00,7523.5,7526.0,7523.0,7525.5,269
2026-06-15 03:05:00-04:00,7525.75,7528.0,7525.5,7527.75,421
2026-06-15 03:06:00-04:00,7527.5,7527.75,7526.0,7527.25,189
2026-06-15 03:07:00-04:00,7527.25,7528.5,7526.75,7528.0,201
2026-06-15 03:08:00-04:00,7528.0,7528.0,7526.5,7528.0,142
2026-06-15 03:09:00-04:00,7527.75,7528.0,7525.5,7525.75,232
2026-06-15 03:10:00-04:00,7525.5,7526.0,7525.0,7525.75,142
2026-06-15 03:11:00-04:00,7525.75,7526.0,7523.5,7524.0,203
2026-06-15 03:12:00-04:00,7524.5,7525.5,7524.25,7524.25,213
2026-06-15 03:13:00-04:00,7524.25,7524.75,7523.75,7524.5,277
2026-06-15 03:14:00-04:00,7524.5,7526.0,7524.5,7525.75,248
2026-06-15 03:15:00-04:00,7525.75,7528.5,7524.75,7528.25,368
2026-06-15 03:16:00-04:00,7528.25,7530.0,7528.25,7529.75,1438
2026-06-15 03:17:00-04:00,7529.5,7529.5,7528.25,7528.5,177
2026-06-15 03:18:00-04:00,7528.5,7532.0,7528.5,7530.75,685
2026-06-15 03:19:00-04:00,7530.75,7531.0,7530.0,7530.25,220
2026-06-15 03:20:00-04:00,7530.25,7531.25,7529.75,7531.0,274
2026-06-15 03:21:00-04:00,7531.0,7531.0,7530.25,7531.0,391
2026-06-15 03:22:00-04:00,7531.0,7531.25,7529.75,7530.25,506
2026-06-15 03:23:00-04:00,7530.0,7530.0,7526.5,7526.75,456
2026-06-15 03:24:00-04:00,7526.75,7528.5,7526.75,7527.5,220
2026-06-15 03:25:00-04:00,7527.25,7528.25,7526.75,7528.25,236
2026-06-15 03:26:00-04:00,7528.0,7528.0,7526.5,7526.75,229
2026-06-15 03:27:00-04:00,7527.0,7529.25,7527.0,7529.0,177
2026-06-15 03:28:00-04:00,7529.0,7530.5,7529.0,7530.0,152
2026-06-15 03:29:00-04:00,7530.0,7530.0,7528.0,7528.5,323
2026-06-15 03:30:00-04:00,7528.25,7528.5,7526.5,7527.75,220
2026-06-15 03:31:00-04:00,7527.5,7528.0,7525.75,7527.0,523
2026-06-15 03:32:00-04:00,7527.0,7527.75,7526.5,7526.5,187
2026-06-15 03:33:00-04:00,7526.75,7526.75,7525.75,7526.75,250
2026-06-15 03:34:00-04:00,7527.0,7529.25,7526.5,7529.0,973
2026-06-15 03:35:00-04:00,7529.0,7530.0,7528.5,7529.0,163
2026-06-15 03:36:00-04:00,7529.25,7529.25,7528.25,7528.5,662
2026-06-15 03:37:00-04:00,7528.5,7529.5,7528.5,7528.5,441
2026-06-15 03:38:00-04:00,7528.5,7530.5,7527.5,7529.5,172
2026-06-15 03:39:00-04:00,7529.5,7529.5,7528.25,7528.75,192
2026-06-15 03:40:00-04:00,7528.5,7529.75,7528.25,7529.25,203
2026-06-15 03:41:00-04:00,7529.25,7529.75,7528.75,7529.0,549
2026-06-15 03:42:00-04:00,7529.0,7529.5,7527.75,7529.5,227
2026-06-15 03:43:00-04:00,7529.75,7529.75,7527.75,7527.75,351
2026-06-15 03:44:00-04:00,7527.75,7528.0,7526.75,7527.0,223
2026-06-15 03:45:00-04:00,7527.0,7527.5,7526.25,7526.75,351
2026-06-15 03:46:00-04:00,7526.5,7527.0,7526.25,7526.25,636
2026-06-15 03:47:00-04:00,7526.25,7526.5,7525.0,7525.5,582
2026-06-15 03:48:00-04:00,7525.75,7525.75,7524.75,7525.0,534
2026-06-15 03:49:00-04:00,7524.75,7525.75,7524.5,7525.75,176
2026-06-15 03:50:00-04:00,7525.75,7526.25,7524.75,7525.75,173
2026-06-15 03:51:00-04:00,7525.75,7526.5,7525.25,7526.0,438
2026-06-15 03:52:00-04:00,7526.25,7528.5,7526.25,7528.25,166
2026-06-15 03:53:00-04:00,7528.5,7529.0,7528.0,7528.5,216
2026-06-15 03:54:00-04:00,7528.75,7529.5,7528.0,7528.5,196
2026-06-15 03:55:00-04:00,7528.5,7528.5,7526.25,7526.5,380
2026-06-15 03:56:00-04:00,7526.5,7526.75,7523.5,7523.75,1174
2026-06-15 03:57:00-04:00,7523.75,7524.75,7522.75,7524.75,379
2026-06-15 03:58:00-04:00,7524.75,7525.5,7523.0,7523.0,453
2026-06-15 03:59:00-04:00,7523.0,7523.5,7522.25,7522.5,118
2026-06-15 04:00:00-04:00,7522.25,7525.0,7522.0,7525.0,298
2026-06-15 04:01:00-04:00,7525.0,7526.0,7524.5,7526.0,464
2026-06-15 04:02:00-04:00,7526.0,7528.75,7526.0,7528.75,194
2026-06-15 04:03:00-04:00,7528.75,7530.0,7528.0,7528.5,376
2026-06-15 04:04:00-04:00,7528.5,7528.75,7526.0,7526.5,923
2026-06-15 04:05:00-04:00,7526.5,7527.5,7525.25,7526.0,616
2026-06-15 04:06:00-04:00,7525.75,7525.75,7523.5,7524.0,550
2026-06-15 04:07:00-04:00,7524.0,7524.75,7523.5,7523.5,255
2026-06-15 04:08:00-04:00,7523.25,7524.5,7523.25,7524.25,270
2026-06-15 04:09:00-04:00,7524.25,7526.5,7524.25,7526.25,507
2026-06-15 04:10:00-04:00,7526.5,7527.75,7526.5,7527.5,264
2026-06-15 04:11:00-04:00,7527.5,7527.75,7525.25,7526.25,793
2026-06-15 04:12:00-04:00,7526.0,7526.5,7524.75,7526.25,242
2026-06-15 04:13:00-04:00,7526.5,7526.75,7525.5,7526.5,341
2026-06-15 04:14:00-04:00,7526.25,7527.25,7525.75,7526.25,223
2026-06-15 04:15:00-04:00,7526.0,7527.0,7526.0,7526.25,260
2026-06-15 04:16:00-04:00,7526.25,7526.5,7525.5,7525.5,156
2026-06-15 04:17:00-04:00,7525.5,7525.75,7524.0,7525.25,325
2026-06-15 04:18:00-04:00,7525.25,7526.0,7524.25,7525.75,216
2026-06-15 04:19:00-04:00,7525.5,7526.25,7523.25,7523.75,259
2026-06-15 04:20:00-04:00,7523.75,7526.0,7523.5,7525.75,925
2026-06-15 04:21:00-04:00,7526.0,7526.0,7523.25,7523.5,141
2026-06-15 04:22:00-04:00,7524.0,7524.5,7523.5,7524.0,127
2026-06-15 04:23:00-04:00,7524.0,7525.75,7523.75,7525.5,573
2026-06-15 04:24:00-04:00,7525.5,7526.25,7525.0,7525.0,188
2026-06-15 04:25:00-04:00,7525.0,7526.5,7525.0,7526.5,306
2026-06-15 04:26:00-04:00,7526.5,7527.75,7526.5,7527.5,1106
2026-06-15 04:27:00-04:00,7527.75,7530.0,7527.75,7529.25,449
2026-06-15 04:28:00-04:00,7529.5,7530.0,7528.0,7528.25,1140
2026-06-15 04:29:00-04:00,7528.25,7529.75,7528.25,7529.5,1091
2026-06-15 04:30:00-04:00,7529.5,7529.5,7527.75,7528.75,266
2026-06-15 04:31:00-04:00,7529.0,7529.0,7528.0,7528.0,423
2026-06-15 04:32:00-04:00,7528.0,7528.5,7527.0,7527.25,928
2026-06-15 04:33:00-04:00,7527.0,7527.25,7526.0,7526.25,969
2026-06-15 04:34:00-04:00,7526.25,7527.0,7526.25,7526.75,115
2026-06-15 04:35:00-04:00,7526.75,7528.5,7526.5,7528.25,536
2026-06-15 04:36:00-04:00,7528.5,7528.5,7527.75,7528.25,720
2026-06-15 04:37:00-04:00,7528.0,7528.75,7527.5,7528.5,780
2026-06-15 04:38:00-04:00,7528.25,7529.5,7527.75,7529.0,487
2026-06-15 04:39:00-04:00,7529.25,7529.75,7529.25,7529.5,311
2026-06-15 04:40:00-04:00,7529.5,7529.5,7528.75,7528.75,160
2026-06-15 04:41:00-04:00,7528.75,7529.5,7528.25,7529.25,449
2026-06-15 04:42:00-04:00,7529.25,7529.5,7529.0,7529.5,346
2026-06-15 04:43:00-04:00,7529.5,7530.0,7529.0,7529.5,439
2026-06-15 04:44:00-04:00,7529.5,7529.75,7529.25,7529.25,717
2026-06-15 04:45:00-04:00,7529.0,7532.25,7529.0,7532.0,769
2026-06-15 04:46:00-04:00,7532.0,7532.0,7530.5,7530.5,138
2026-06-15 04:47:00-04:00,7530.5,7530.5,7529.25,7529.75,420
2026-06-15 04:48:00-04:00,7530.0,7530.0,7528.5,7528.75,336
2026-06-15 04:49:00-04:00,7528.75,7529.0,7528.25,7529.0,223
2026-06-15 04:50:00-04:00,7528.75,7530.25,7528.75,7529.25,256
2026-06-15 04:51:00-04:00,7529.5,7530.0,7528.25,7528.25,835
2026-06-15 04:52:00-04:00,7528.25,7528.25,7527.0,7527.0,380
2026-06-15 04:53:00-04:00,7526.75,7527.25,7526.0,7526.75,932
2026-06-15 04:54:00-04:00,7526.75,7527.75,7526.75,7527.25,929
2026-06-15 04:55:00-04:00,7527.25,7529.0,7526.75,7527.5,171
2026-06-15 04:56:00-04:00,7527.25,7527.5,7526.25,7526.75,135
2026-06-15 04:57:00-04:00,7526.25,7527.5,7525.75,7527.5,71
2026-06-15 04:58:00-04:00,7527.75,7528.75,7527.75,7527.75,167
2026-06-15 04:59:00-04:00,7527.5,7527.75,7526.75,7527.75,616
2026-06-15 05:00:00-04:00,7527.75,7529.75,7527.75,7528.5,550
2026-06-15 05:01:00-04:00,7528.5,7529.75,7528.5,7529.75,889
2026-06-15 05:02:00-04:00,7529.75,7531.5,7529.25,7530.75,345
2026-06-15 05:03:00-04:00,7530.75,7530.75,7529.5,7530.0,906
2026-06-15 05:04:00-04:00,7529.75,7530.75,7529.25,7530.75,148
2026-06-15 05:05:00-04:00,7530.75,7530.75,7529.75,7530.25,238
2026-06-15 05:06:00-04:00,7530.25,7530.75,7529.0,7530.0,856
2026-06-15 05:07:00-04:00,7530.0,7530.25,7528.75,7528.75,453
2026-06-15 05:08:00-04:00,7529.0,7529.5,7528.25,7528.75,139
2026-06-15 05:09:00-04:00,7528.75,7529.25,7528.5,7529.25,317
2026-06-15 05:10:00-04:00,7529.5,7530.5,7529.25,7530.5,195
2026-06-15 05:11:00-04:00,7530.5,7530.5,7527.5,7527.75,114
2026-06-15 05:12:00-04:00,7527.75,7528.5,7527.5,7527.5,621
2026-06-15 05:13:00-04:00,7527.5,7527.5,7526.0,7526.25,333
2026-06-15 05:14:00-04:00,7526.0,7527.25,7526.0,7527.0,631
2026-06-15 05:15:00-04:00,7526.75,7526.75,7525.75,7525.75,110
2026-06-15 05:16:00-04:00,7526.0,7526.25,7525.25,7525.75,162
2026-06-15 05:17:00-04:00,7525.75,7527.75,7525.75,7527.0,123
2026-06-15 05:18:00-04:00,7527.0,7527.0,7525.25,7525.75,515
2026-06-15 05:19:00-04:00,7525.75,7526.5,7524.75,7525.25,820
2026-06-15 05:20:00-04:00,7525.25,7525.25,7522.0,7523.0,1179
2026-06-15 05:21:00-04:00,7523.0,7524.25,7522.75,7523.25,286
2026-06-15 05:22:00-04:00,7524.0,7524.25,7523.5,7523.75,245
2026-06-15 05:23:00-04:00,7523.5,7525.25,7522.5,7524.25,396
2026-06-15 05:24:00-04:00,7524.25,7524.5,7523.0,7523.5,270
2026-06-15 05:25:00-04:00,7523.5,7523.75,7522.75,7523.5,959
2026-06-15 05:26:00-04:00,7523.25,7524.75,7523.0,7523.75,579
2026-06-15 05:27:00-04:00,7523.75,7523.75,7521.75,7522.5,318
2026-06-15 05:28:00-04:00,7522.5,7522.75,7522.0,7522.25,664
2026-06-15 05:29:00-04:00,7522.25,7522.5,7521.0,7521.5,747
2026-06-15 05:30:00-04:00,7521.5,7586.5,7521.0,7586.5,3323
2026-06-15 05:31:00-04:00,7586.5,7586.75,7586.0,7586.5,95
2026-06-15 05:32:00-04:00,7586.75,7587.25,7585.75,7586.0,268
2026-06-15 05:33:00-04:00,7586.0,7586.0,7585.0,7585.0,409
2026-06-15 05:34:00-04:00,7585.0,7585.25,7584.5,7584.5,427
2026-06-15 05:35:00-04:00,7584.75,7586.25,7584.25,7586.25,411
2026-06-15 05:36:00-04:00,7586.25,7586.25,7584.25,7585.25,283
2026-06-15 05:37:00-04:00,7585.25,7586.5,7585.25,7586.5,288
2026-06-15 05:38:00-04:00,7586.25,7587.0,7586.25,7587.0,160
2026-06-15 05:39:00-04:00,7587.0,7587.0,7585.5,7585.75,84
2026-06-15 05:40:00-04:00,7586.0,7587.25,7586.0,7586.25,156
2026-06-15 05:41:00-04:00,7586.5,7587.25,7585.75,7587.0,658
2026-06-15 05:42:00-04:00,7586.75,7587.75,7586.5,7587.25,147
2026-06-15 05:43:00-04:00,7587.0,7587.0,7585.75,7585.75,49
2026-06-15 05:44:00-04:00,7585.5,7585.75,7584.75,7584.75,253
2026-06-15 05:45:00-04:00,7584.5,7584.75,7583.0,7583.5,365
2026-06-15 05:46:00-04:00,7583.75,7585.25,7583.75,7584.75,485
2026-06-15 05:47:00-04:00,7584.75,7584.75,7584.0,7584.5,337
2026-06-15 05:48:00-04:00,7584.5,7585.0,7584.5,7584.75,210
2026-06-15 05:49:00-04:00,7585.0,7585.5,7584.5,7585.5,79
2026-06-15 05:50:00-04:00,7585.75,7586.5,7585.75,7585.75,840
2026-06-15 05:51:00-04:00,7586.0,7587.25,7585.5,7586.75,294
2026-06-15 05:52:00-04:00,7586.75,7586.75,7585.0,7585.75,238
2026-06-15 05:53:00-04:00,7586.0,7587.25,7586.0,7587.0,268
2026-06-15 05:54:00-04:00,7586.75,7587.5,7586.25,7586.25,487
2026-06-15 05:55:00-04:00,7586.25,7586.75,7586.25,7586.25,211
2026-06-15 05:56:00-04:00,7586.0,7586.5,7585.75,7586.25,367
2026-06-15 05:57:00-04:00,7586.5,7587.25,7586.5,7587.25,196
2026-06-15 05:58:00-04:00,7587.25,7588.5,7587.0,7588.5,222
2026-06-15 05:59:00-04:00,7588.5,7588.75,7587.25,7587.5,597
2026-06-15 06:00:00-04:00,7587.5,7588.5,7587.0,7588.5,259
2026-06-15 06:01:00-04:00,7588.25,7589.0,7587.5,7589.0,531
2026-06-15 06:02:00-04:00,7588.75,7589.25,7588.0,7588.75,203
2026-06-15 06:03:00-04:00,7588.75,7589.0,7588.0,7588.5,473
2026-06-15 06:04:00-04:00,7588.5,7589.5,7588.5,7588.75,228
2026-06-15 06:05:00-04:00,7588.75,7589.25,7588.25,7588.5,306
2026-06-15 06:06:00-04:00,7588.5,7588.75,7587.5,7587.75,1878
2026-06-15 06:07:00-04:00,7587.75,7588.75,7587.75,7588.75,1068
2026-06-15 06:08:00-04:00,7588.75,7588.75,7588.0,7588.5,563
2026-06-15 06:09:00-04:00,7588.25,7589.5,7588.25,7589.5,182
2026-06-15 06:10:00-04:00,7589.75,7590.5,7589.5,7590.25,383
2026-06-15 06:11:00-04:00,7590.5,7590.75,7589.75,7590.25,366
2026-06-15 06:12:00-04:00,7590.25,7591.5,7590.0,7590.5,249
2026-06-15 06:13:00-04:00,7590.25,7591.0,7590.0,7590.5,192
2026-06-15 06:14:00-04:00,7590.25,7590.75,7590.25,7590.5,161
2026-06-15 06:15:00-04:00,7590.5,7590.75,7590.25,7590.25,166
2026-06-15 06:16:00-04:00,7590.25,7590.5,7589.5,7590.0,121
2026-06-15 06:17:00-04:00,7589.75,7589.75,7588.0,7588.25,253
2026-06-15 06:18:00-04:00,7588.25,7588.5,7588.0,7588.25,211
2026-06-15 06:19:00-04:00,7588.25,7588.75,7588.25,7588.75,234
2026-06-15 06:20:00-04:00,7589.0,7589.25,7588.75,7589.0,121
2026-06-15 06:21:00-04:00,7589.0,7589.25,7588.0,7588.0,237
2026-06-15 06:22:00-04:00,7587.75,7589.0,7587.25,7589.0,268
2026-06-15 06:23:00-04:00,7589.25,7589.5,7588.75,7588.75,137
2026-06-15 06:24:00-04:00,7589.0,7590.0,7589.0,7590.0,1041
2026-06-15 06:25:00-04:00,7589.75,7590.75,7589.75,7590.25,364
2026-06-15 06:26:00-04:00,7590.25,7591.0,7590.25,7590.5,310
2026-06-15 06:27:00-04:00,7590.5,7590.75,7590.25,7590.75,167
2026-06-15 06:28:00-04:00,7590.75,7591.25,7590.75,7591.0,132
2026-06-15 06:29:00-04:00,7591.0,7591.5,7591.0,7591.25,355
2026-06-15 06:30:00-04:00,7591.25,7591.25,7590.5,7590.5,160
2026-06-15 06:31:00-04:00,7590.5,7590.5,7589.5,7589.75,914
2026-06-15 06:32:00-04:00,7589.75,7590.25,7589.75,7590.25,210
2026-06-15 06:33:00-04:00,7590.25,7590.5,7589.5,7589.5,134
2026-06-15 06:34:00-04:00,7589.5,7589.5,7588.25,7589.0,301
2026-06-15 06:35:00-04:00,7589.0,7590.25,7588.75,7590.0,231
2026-06-15 06:36:00-04:00,7590.0,7590.0,7588.25,7589.75,166
2026-06-15 06:37:00-04:00,7589.5,7590.0,7589.25,7589.75,575
2026-06-15 06:38:00-04:00,7589.75,7590.25,7588.25,7588.25,287
2026-06-15 06:39:00-04:00,7588.0,7588.25,7587.5,7587.75,236
2026-06-15 06:40:00-04:00,7587.75,7588.75,7587.75,7588.25,160
2026-06-15 06:41:00-04:00,7588.25,7588.75,7587.5,7588.25,387
2026-06-15 06:42:00-04:00,7588.5,7589.5,7588.5,7589.5,252
2026-06-15 06:43:00-04:00,7589.75,7590.25,7589.5,7590.0,179
2026-06-15 06:44:00-04:00,7590.0,7590.25,7590.0,7590.0,207
2026-06-15 06:45:00-04:00,7590.5,7591.0,7590.25,7590.75,418
2026-06-15 06:46:00-04:00,7590.5,7591.0,7590.25,7590.5,174
2026-06-15 06:47:00-04:00,7590.25,7590.75,7589.5,7590.75,235
2026-06-15 06:48:00-04:00,7591.0,7591.0,7590.25,7590.25,358
2026-06-15 06:49:00-04:00,7590.25,7591.0,7589.75,7591.0,276
2026-06-15 06:50:00-04:00,7591.0,7591.0,7590.5,7591.0,213
2026-06-15 06:51:00-04:00,7591.25,7591.25,7590.25,7591.0,234
2026-06-15 06:52:00-04:00,7591.0,7591.5,7591.0,7591.25,932
2026-06-15 06:53:00-04:00,7591.25,7591.25,7589.25,7590.25,266
2026-06-15 06:54:00-04:00,7590.25,7590.75,7590.25,7590.75,147
2026-06-15 06:55:00-04:00,7591.0,7591.5,7590.75,7591.0,352
2026-06-15 06:56:00-04:00,7591.25,7591.5,7590.75,7590.75,494
2026-06-15 06:57:00-04:00,7591.0,7591.75,7590.75,7591.5,147
2026-06-15 06:58:00-04:00,7591.5,7592.5,7590.25,7591.0,249
2026-06-15 06:59:00-04:00,7591.0,7592.75,7590.75,7592.0,844
2026-06-15 07:00:00-04:00,7592.25,7595.0,7591.25,7593.5,1160
2026-06-15 07:01:00-04:00,7593.5,7594.5,7593.25,7594.0,815
2026-06-15 07:02:00-04:00,7593.75,7594.5,7593.25,7593.25,744
2026-06-15 07:03:00-04:00,7593.25,7593.75,7592.5,7593.75,222
2026-06-15 07:04:00-04:00,7593.75,7594.25,7593.0,7593.5,975
2026-06-15 07:05:00-04:00,7593.25,7594.25,7593.25,7594.0,570
2026-06-15 07:06:00-04:00,7593.75,7593.75,7593.25,7593.75,199
2026-06-15 07:07:00-04:00,7593.25,7594.5,7593.25,7594.25,219
2026-06-15 07:08:00-04:00,7594.25,7595.75,7594.25,7595.5,275
2026-06-15 07:09:00-04:00,7595.25,7595.25,7594.5,7595.0,207
2026-06-15 07:10:00-04:00,7595.25,7596.0,7595.0,7595.75,229
2026-06-15 07:11:00-04:00,7595.75,7597.0,7595.25,7596.0,492
2026-06-15 07:12:00-04:00,7595.75,7598.0,7595.5,7597.75,1274
2026-06-15 07:13:00-04:00,7597.75,7598.0,7596.75,7596.75,716
2026-06-15 07:14:00-04:00,7596.75,7597.5,7596.75,7597.25,1011
2026-06-15 07:15:00-04:00,7597.25,7599.25,7597.25,7598.25,557
2026-06-15 07:16:00-04:00,7598.25,7598.75,7597.5,7598.0,690
2026-06-15 07:17:00-04:00,7597.75,7598.75,7596.25,7597.25,673
2026-06-15 07:18:00-04:00,7597.25,7597.75,7596.75,7597.5,700
2026-06-15 07:19:00-04:00,7597.5,7598.25,7597.0,7598.25,332
2026-06-15 07:20:00-04:00,7598.0,7600.5,7598.0,7599.5,1147
2026-06-15 07:21:00-04:00,7599.5,7599.75,7599.25,7599.5,185
2026-06-15 07:22:00-04:00,7599.5,7600.25,7599.5,7600.25,323
2026-06-15 07:23:00-04:00,7600.5,7601.0,7599.75,7600.0,440
2026-06-15 07:24:00-04:00,7600.0,7600.75,7600.0,7600.75,246
2026-06-15 07:25:00-04:00,7600.75,7600.75,7598.5,7598.75,1182
2026-06-15 07:26:00-04:00,7598.75,7599.5,7598.75,7598.75,394
2026-06-15 07:27:00-04:00,7598.75,7599.25,7597.0,7597.5,598
2026-06-15 07:28:00-04:00,7597.5,7598.5,7597.25,7598.5,359
2026-06-15 07:29:00-04:00,7598.5,7600.25,7598.0,7599.5,845
2026-06-15 07:30:00-04:00,7599.75,7601.25,7599.75,7601.0,305
2026-06-15 07:31:00-04:00,7600.75,7602.25,7600.75,7601.25,651
2026-06-15 07:32:00-04:00,7601.0,7601.0,7599.5,7599.5,542
2026-06-15 07:33:00-04:00,7599.25,7599.25,7598.0,7598.0,307
2026-06-15 07:34:00-04:00,7598.0,7598.0,7596.0,7596.5,304
2026-06-15 07:35:00-04:00,7596.75,7596.75,7595.0,7596.0,1067
2026-06-15 07:36:00-04:00,7595.75,7595.75,7592.75,7593.75,595
2026-06-15 07:37:00-04:00,7593.75,7594.0,7592.5,7593.5,717
2026-06-15 07:38:00-04:00,7593.75,7594.75,7593.75,7594.75,264
2026-06-15 07:39:00-04:00,7595.0,7596.0,7594.75,7595.5,451
2026-06-15 07:40:00-04:00,7595.5,7596.25,7595.25,7596.25,184
2026-06-15 07:41:00-04:00,7596.25,7596.75,7595.5,7596.75,535
2026-06-15 07:42:00-04:00,7596.75,7597.5,7595.75,7596.0,724
2026-06-15 07:43:00-04:00,7596.0,7597.0,7592.0,7594.25,901
2026-06-15 07:44:00-04:00,7594.25,7595.0,7592.0,7592.75,493
2026-06-15 07:45:00-04:00,7592.75,7593.75,7591.5,7593.0,908
2026-06-15 07:46:00-04:00,7593.25,7595.5,7592.5,7595.0,1070
2026-06-15 07:47:00-04:00,7594.75,7595.75,7593.25,7593.5,1234
2026-06-15 07:48:00-04:00,7593.75,7595.0,7593.25,7594.25,628
2026-06-15 07:49:00-04:00,7594.0,7594.5,7593.25,7594.0,404
2026-06-15 07:50:00-04:00,7594.25,7598.75,7594.0,7597.25,1448
2026-06-15 07:51:00-04:00,7597.25,7598.25,7596.25,7597.75,440
2026-06-15 07:52:00-04:00,7597.5,7598.0,7597.0,7597.25,539
2026-06-15 07:53:00-04:00,7597.25,7598.25,7597.25,7598.25,347
2026-06-15 07:54:00-04:00,7598.25,7600.25,7598.0,7599.25,877
2026-06-15 07:55:00-04:00,7599.0,7599.0,7597.0,7597.25,562
2026-06-15 07:56:00-04:00,7597.25,7598.5,7597.25,7597.25,509
2026-06-15 07:57:00-04:00,7597.25,7598.0,7597.0,7598.0,712
2026-06-15 07:58:00-04:00,7598.0,7598.0,7595.5,7595.5,381
2026-06-15 07:59:00-04:00,7595.75,7597.0,7595.0,7595.5,329
2026-06-15 08:00:00-04:00,7595.75,7596.75,7595.75,7596.75,354
2026-06-15 08:01:00-04:00,7597.0,7597.25,7595.0,7596.25,332
2026-06-15 08:02:00-04:00,7596.5,7597.5,7594.75,7595.75,520
2026-06-15 08:03:00-04:00,7596.0,7597.0,7595.25,7596.75,245
2026-06-15 08:04:00-04:00,7596.75,7597.0,7596.0,7596.25,204
2026-06-15 08:05:00-04:00,7596.25,7596.5,7595.0,7595.75,408
2026-06-15 08:06:00-04:00,7595.5,7597.75,7595.0,7597.75,810
2026-06-15 08:07:00-04:00,7597.5,7597.5,7596.25,7597.0,400
2026-06-15 08:08:00-04:00,7597.0,7598.5,7596.75,7598.25,553
2026-06-15 08:09:00-04:00,7598.25,7598.5,7596.25,7596.25,264
2026-06-15 08:10:00-04:00,7596.5,7597.75,7596.5,7597.0,391
2026-06-15 08:11:00-04:00,7596.75,7598.0,7596.75,7597.25,301
2026-06-15 08:12:00-04:00,7597.25,7598.75,7597.25,7598.5,483
2026-06-15 08:13:00-04:00,7598.5,7599.0,7597.5,7597.75,991
2026-06-15 08:14:00-04:00,7597.75,7597.75,7595.0,7595.25,500
2026-06-15 08:15:00-04:00,7595.0,7596.75,7595.0,7595.5,847
2026-06-15 08:16:00-04:00,7595.75,7595.75,7591.75,7592.25,1616
2026-06-15 08:17:00-04:00,7592.25,7592.75,7590.0,7592.0,837
2026-06-15 08:18:00-04:00,7592.0,7594.5,7591.5,7592.5,795
2026-06-15 08:19:00-04:00,7592.25,7592.5,7591.25,7591.5,1182
2026-06-15 08:20:00-04:00,7591.75,7593.0,7588.5,7590.0,1016
2026-06-15 08:21:00-04:00,7589.75,7591.25,7588.0,7589.0,1148
2026-06-15 08:22:00-04:00,7589.0,7590.0,7588.5,7589.5,796
2026-06-15 08:23:00-04:00,7589.5,7591.0,7588.5,7590.75,602
2026-06-15 08:24:00-04:00,7590.5,7591.75,7588.25,7590.0,1450
2026-06-15 08:25:00-04:00,7590.0,7591.0,7588.25,7589.5,1641
2026-06-15 08:26:00-04:00,7589.5,7590.5,7589.0,7590.5,914
2026-06-15 08:27:00-04:00,7590.5,7592.0,7589.5,7589.5,1660
2026-06-15 08:28:00-04:00,7589.75,7589.75,7588.25,7588.75,1083
2026-06-15 08:29:00-04:00,7588.5,7589.25,7587.75,7589.25,985
2026-06-15 08:30:00-04:00,7589.5,7591.25,7588.5,7591.0,845
2026-06-15 08:31:00-04:00,7591.0,7591.5,7589.5,7590.75,682
2026-06-15 08:32:00-04:00,7591.0,7591.5,7590.25,7591.0,1202
2026-06-15 08:33:00-04:00,7591.0,7591.25,7588.75,7590.0,834
2026-06-15 08:34:00-04:00,7590.0,7591.25,7589.0,7589.5,1711
2026-06-15 08:35:00-04:00,7589.25,7590.5,7588.25,7589.75,1640
2026-06-15 08:36:00-04:00,7589.75,7591.5,7588.5,7590.5,1797
2026-06-15 08:37:00-04:00,7590.5,7591.25,7590.5,7590.5,2549
2026-06-15 08:38:00-04:00,7590.5,7590.75,7589.25,7590.5,2127
2026-06-15 08:39:00-04:00,7590.5,7591.5,7589.5,7591.0,1154
2026-06-15 08:40:00-04:00,7591.0,7592.5,7590.25,7592.25,1111
2026-06-15 08:41:00-04:00,7592.25,7592.5,7590.75,7592.5,3083
2026-06-15 08:42:00-04:00,7592.75,7594.75,7592.75,7594.75,2329
2026-06-15 08:43:00-04:00,7594.75,7595.5,7594.5,7594.75,2121
2026-06-15 08:44:00-04:00,7594.75,7594.75,7591.5,7592.0,1570
2026-06-15 08:45:00-04:00,7591.75,7591.75,7587.5,7588.25,1458
2026-06-15 08:46:00-04:00,7588.5,7591.25,7588.5,7590.75,1940
2026-06-15 08:47:00-04:00,7590.5,7592.5,7590.5,7592.25,1209
2026-06-15 08:48:00-04:00,7592.25,7592.75,7592.0,7592.5,1098
2026-06-15 08:49:00-04:00,7592.5,7592.75,7591.5,7592.5,656
2026-06-15 08:50:00-04:00,7592.25,7593.5,7591.75,7592.5,707
2026-06-15 08:51:00-04:00,7592.25,7592.25,7590.25,7591.25,423
2026-06-15 08:52:00-04:00,7591.5,7592.5,7590.5,7590.5,954
2026-06-15 08:53:00-04:00,7590.5,7591.5,7590.25,7591.0,784
2026-06-15 08:54:00-04:00,7591.0,7591.5,7590.0,7591.5,517
2026-06-15 08:55:00-04:00,7591.25,7593.75,7591.25,7593.25,546
2026-06-15 08:56:00-04:00,7593.25,7593.25,7592.25,7593.25,1150
2026-06-15 08:57:00-04:00,7593.25,7594.5,7593.0,7593.75,530
2026-06-15 08:58:00-04:00,7593.75,7593.75,7591.75,7593.0,674
2026-06-15 08:59:00-04:00,7593.0,7594.75,7592.0,7594.5,1051
2026-06-15 09:00:00-04:00,7594.75,7595.0,7593.25,7594.5,1201
2026-06-15 09:01:00-04:00,7594.5,7594.75,7593.25,7593.5,433
2026-06-15 09:02:00-04:00,7593.5,7593.75,7592.5,7593.0,1235
2026-06-15 09:03:00-04:00,7593.25,7593.75,7593.0,7593.25,1823
2026-06-15 09:04:00-04:00,7593.5,7594.0,7592.75,7592.75,686
2026-06-15 09:05:00-04:00,7592.75,7593.25,7592.0,7593.25,403
2026-06-15 09:06:00-04:00,7593.0,7593.75,7592.25,7592.5,510
2026-06-15 09:07:00-04:00,7592.5,7593.75,7592.25,7593.75,608
2026-06-15 09:08:00-04:00,7593.75,7594.75,7593.5,7594.25,812
2026-06-15 09:09:00-04:00,7594.25,7595.0,7593.5,7594.75,1905
2026-06-15 09:10:00-04:00,7594.75,7595.0,7594.0,7594.25,1110
2026-06-15 09:11:00-04:00,7594.5,7596.5,7594.5,7595.5,1731
2026-06-15 09:12:00-04:00,7595.25,7597.0,7595.0,7595.75,1597
2026-06-15 09:13:00-04:00,7595.5,7596.25,7595.0,7595.0,1829
2026-06-15 09:14:00-04:00,7595.0,7597.0,7595.0,7596.75,365
2026-06-15 09:15:00-04:00,7596.75,7597.75,7596.0,7597.5,1546
2026-06-15 09:16:00-04:00,7597.5,7598.75,7597.25,7597.75,711
2026-06-15 09:17:00-04:00,7597.75,7597.75,7595.5,7596.0,1714
2026-06-15 09:18:00-04:00,7596.0,7597.5,7596.0,7597.5,925
2026-06-15 09:19:00-04:00,7597.5,7597.75,7597.0,7597.75,939
2026-06-15 09:20:00-04:00,7598.0,7598.5,7597.5,7598.25,2369
2026-06-15 09:21:00-04:00,7598.0,7598.5,7597.0,7597.5,1101
2026-06-15 09:22:00-04:00,7597.25,7597.5,7596.25,7597.0,679
2026-06-15 09:23:00-04:00,7597.25,7598.25,7596.75,7598.0,1293
2026-06-15 09:24:00-04:00,7598.0,7599.0,7597.75,7598.75,1758
2026-06-15 09:25:00-04:00,7598.75,7600.0,7598.5,7600.0,1918
2026-06-15 09:26:00-04:00,7600.0,7600.0,7598.25,7598.25,832
2026-06-15 09:27:00-04:00,7598.25,7599.5,7597.25,7599.0,1461
2026-06-15 09:28:00-04:00,7599.0,7601.0,7598.75,7599.0,1598
2026-06-15 09:29:00-04:00,7599.0,7599.5,7597.25,7599.25,2393
2026-06-15 09:30:00-04:00,7599.25,7608.5,7598.5,7608.5,23420
2026-06-15 09:31:00-04:00,7608.25,7608.25,7604.75,7605.75,8682
2026-06-15 09:32:00-04:00,7606.0,7611.75,7605.75,7611.5,7760
2026-06-15 09:33:00-04:00,7611.75,7612.0,7609.25,7609.25,5594
2026-06-15 09:34:00-04:00,7609.5,7611.25,7607.25,7608.0,5056
2026-06-15 09:35:00-04:00,7608.25,7613.0,7607.75,7612.75,10505
2026-06-15 09:36:00-04:00,7612.75,7615.5,7610.75,7614.75,6040
2026-06-15 09:37:00-04:00,7614.5,7615.5,7612.75,7614.5,4583
2026-06-15 09:38:00-04:00,7614.5,7616.0,7614.25,7615.0,4458
2026-06-15 09:39:00-04:00,7615.0,7616.0,7611.0,7612.0,8252
2026-06-15 09:40:00-04:00,7612.0,7612.75,7607.25,7610.5,7212
2026-06-15 09:41:00-04:00,7610.5,7614.25,7610.0,7612.5,6312
2026-06-15 09:42:00-04:00,7612.5,7613.5,7611.0,7611.5,4564
2026-06-15 09:43:00-04:00,7611.5,7611.75,7606.75,7608.25,8423
2026-06-15 09:44:00-04:00,7608.5,7610.75,7607.0,7609.5,4862
2026-06-15 09:45:00-04:00,7609.75,7615.25,7609.5,7614.75,6725
2026-06-15 09:46:00-04:00,7614.75,7615.5,7612.5,7613.75,6167
2026-06-15 09:47:00-04:00,7613.5,7617.75,7613.25,7614.75,6255
2026-06-15 09:48:00-04:00,7614.75,7618.75,7614.25,7618.75,6774
2026-06-15 09:49:00-04:00,7618.5,7620.5,7616.25,7619.25,9506
2026-06-15 09:50:00-04:00,7619.5,7620.75,7617.25,7620.5,3952
2026-06-15 09:51:00-04:00,7620.5,7622.0,7620.0,7621.25,4662
2026-06-15 09:52:00-04:00,7621.25,7622.5,7619.5,7621.0,5179
2026-06-15 09:53:00-04:00,7621.0,7622.0,7619.25,7620.0,5544
2026-06-15 09:54:00-04:00,7619.75,7620.25,7618.25,7618.25,3128
2026-06-15 09:55:00-04:00,7618.5,7622.0,7618.5,7620.5,4028
2026-06-15 09:56:00-04:00,7620.5,7620.75,7616.0,7616.0,5140
2026-06-15 09:57:00-04:00,7616.25,7620.0,7616.0,7619.25,6118
2026-06-15 09:58:00-04:00,7619.25,7619.75,7616.75,7616.75,4644
2026-06-15 09:59:00-04:00,7616.75,7617.5,7613.25,7614.25,6383
2026-06-15 10:00:00-04:00,7614.25,7616.0,7611.5,7614.25,7874
2026-06-15 10:01:00-04:00,7614.5,7617.5,7612.75,7616.5,7270
2026-06-15 10:02:00-04:00,7616.75,7618.0,7614.75,7615.5,4864
2026-06-15 10:03:00-04:00,7615.5,7619.5,7615.0,7619.25,4535
2026-06-15 10:04:00-04:00,7619.5,7621.0,7616.5,7617.75,7276
2026-06-15 10:05:00-04:00,7618.0,7620.75,7617.0,7617.25,4603
2026-06-15 10:06:00-04:00,7617.25,7619.75,7616.75,7617.0,4561
2026-06-15 10:07:00-04:00,7617.25,7617.25,7613.5,7614.25,5150
2026-06-15 10:08:00-04:00,7614.5,7615.25,7612.75,7613.25,4359
2026-06-15 10:09:00-04:00,7613.0,7614.0,7610.0,7613.0,6058
2026-06-15 10:10:00-04:00,7613.25,7614.0,7610.0,7610.5,5126
2026-06-15 10:11:00-04:00,7610.75,7613.75,7609.5,7610.25,6158
2026-06-15 10:12:00-04:00,7610.25,7613.5,7609.75,7610.0,3773
2026-06-15 10:13:00-04:00,7610.0,7611.75,7607.75,7609.25,6848
2026-06-15 10:14:00-04:00,7609.25,7611.25,7605.5,7611.0,8819
2026-06-15 10:15:00-04:00,7611.0,7614.25,7608.25,7609.75,4799
2026-06-15 10:16:00-04:00,7610.0,7611.25,7606.5,7607.5,5732
2026-06-15 10:17:00-04:00,7607.75,7611.25,7607.25,7610.5,3702
2026-06-15 10:18:00-04:00,7610.25,7614.25,7610.0,7612.0,7217
2026-06-15 10:19:00-04:00,7612.25,7614.5,7611.75,7613.75,4745
2026-06-15 10:20:00-04:00,7613.75,7614.0,7610.0,7612.5,5086
2026-06-15 10:21:00-04:00,7612.5,7612.75,7610.0,7611.0,4916
2026-06-15 10:22:00-04:00,7611.0,7613.25,7607.25,7613.0,4878
2026-06-15 10:23:00-04:00,7613.0,7615.75,7612.5,7614.0,4836
2026-06-15 10:24:00-04:00,7613.5,7614.5,7610.25,7610.75,28221
2026-06-15 10:25:00-04:00,7611.0,7613.0,7610.5,7612.0,4338
2026-06-15 10:26:00-04:00,7612.25,7615.0,7610.75,7614.5,3876
2026-06-15 10:27:00-04:00,7614.5,7616.75,7613.75,7615.5,10094
2026-06-15 10:28:00-04:00,7615.5,7618.0,7615.0,7616.75,6301
2026-06-15 10:29:00-04:00,7616.75,7617.75,7615.0,7617.25,3735
2026-06-15 10:30:00-04:00,7617.25,7618.25,7613.25,7614.0,5035
2026-06-15 10:31:00-04:00,7613.75,7616.25,7613.75,7614.5,5950
2026-06-15 10:32:00-04:00,7614.5,7614.75,7610.0,7612.5,4450
2026-06-15 10:33:00-04:00,7612.5,7618.0,7612.25,7614.75,5633
2026-06-15 10:34:00-04:00,7614.75,7615.5,7611.5,7612.75,3721
2026-06-15 10:35:00-04:00,7612.75,7616.25,7612.75,7616.25,7655
2026-06-15 10:36:00-04:00,7615.75,7616.5,7612.5,7613.75,3680
2026-06-15 10:37:00-04:00,7613.5,7613.75,7611.25,7612.0,4144
2026-06-15 10:38:00-04:00,7611.75,7614.75,7611.5,7614.5,3984
2026-06-15 10:39:00-04:00,7614.25,7615.25,7612.5,7614.5,3488
2026-06-15 10:40:00-04:00,7614.5,7615.0,7612.5,7614.0,3773
2026-06-15 10:41:00-04:00,7614.0,7615.0,7613.0,7613.25,6047
2026-06-15 10:42:00-04:00,7613.25,7615.0,7611.75,7612.25,4853
2026-06-15 10:43:00-04:00,7612.25,7613.25,7611.5,7612.5,2647
2026-06-15 10:44:00-04:00,7612.75,7614.25,7611.5,7613.75,2776
2026-06-15 10:45:00-04:00,7613.75,7617.25,7613.75,7616.5,5125
2026-06-15 10:46:00-04:00,7616.5,7617.25,7614.0,7615.0,4143
2026-06-15 10:47:00-04:00,7614.75,7617.25,7614.75,7617.0,4164
2026-06-15 10:48:00-04:00,7616.75,7618.75,7615.75,7618.25,3728
2026-06-15 10:49:00-04:00,7618.25,7619.25,7615.0,7615.75,3351
2026-06-15 10:50:00-04:00,7615.75,7619.5,7615.75,7619.0,5595
2026-06-15 10:51:00-04:00,7619.0,7620.75,7617.75,7620.5,3470
2026-06-15 10:52:00-04:00,7620.25,7621.5,7619.25,7620.0,4455
2026-06-15 10:53:00-04:00,7619.75,7620.0,7618.0,7619.75,4965
2026-06-15 10:54:00-04:00,7619.75,7620.5,7619.0,7620.25,3598
2026-06-15 10:55:00-04:00,7620.25,7620.75,7619.0,7619.25,4184
2026-06-15 10:56:00-04:00,7619.5,7622.0,7619.0,7622.0,6279
2026-06-15 10:57:00-04:00,7622.0,7624.25,7621.5,7623.75,4340
2026-06-15 10:58:00-04:00,7623.75,7625.0,7622.5,7624.75,4425
2026-06-15 10:59:00-04:00,7624.75,7625.0,7622.25,7623.0,6689
2026-06-15 11:00:00-04:00,7623.25,7626.25,7623.0,7625.75,8654
2026-06-15 11:01:00-04:00,7626.0,7626.0,7624.5,7625.75,6605
2026-06-15 11:02:00-04:00,7625.75,7626.25,7624.5,7625.25,6478
2026-06-15 11:03:00-04:00,7625.25,7629.0,7624.75,7628.25,5328
2026-06-15 11:04:00-04:00,7628.5,7628.5,7626.5,7627.25,4829
2026-06-15 11:05:00-04:00,7627.5,7628.5,7625.75,7628.25,7389
2026-06-15 11:06:00-04:00,7628.25,7628.25,7625.0,7625.75,4752
2026-06-15 11:07:00-04:00,7625.75,7627.5,7624.75,7627.25,4508
2026-06-15 11:08:00-04:00,7627.5,7628.75,7626.75,7628.75,1952
2026-06-15 11:09:00-04:00,7628.75,7629.0,7627.25,7628.0,2220
2026-06-15 11:10:00-04:00,7628.25,7629.25,7626.75,7628.5,5255
2026-06-15 11:11:00-04:00,7628.5,7628.5,7626.75,7627.0,4072
2026-06-15 11:12:00-04:00,7627.25,7628.0,7625.25,7627.75,4072
2026-06-15 11:13:00-04:00,7628.0,7628.25,7625.5,7626.75,5033
2026-06-15 11:14:00-04:00,7627.0,7628.75,7626.75,7628.0,1992
2026-06-15 11:15:00-04:00,7628.25,7629.5,7627.5,7628.75,3342
2026-06-15 11:16:00-04:00,7629.0,7629.0,7626.0,7627.0,2308
2026-06-15 11:17:00-04:00,7627.0,7627.75,7626.0,7626.5,1908
2026-06-15 11:18:00-04:00,7626.75,7628.25,7626.5,7627.0,3359
2026-06-15 11:19:00-04:00,7627.25,7627.75,7626.5,7627.5,4647
2026-06-15 11:20:00-04:00,7627.5,7630.5,7627.0,7630.25,3654
2026-06-15 11:21:00-04:00,7630.25,7632.0,7629.75,7630.0,4074
2026-06-15 11:22:00-04:00,7630.25,7631.25,7629.5,7629.75,5021
2026-06-15 11:23:00-04:00,7630.0,7630.5,7629.0,7630.25,1907
2026-06-15 11:24:00-04:00,7630.5,7630.75,7629.25,7629.5,9963
2026-06-15 11:25:00-04:00,7629.75,7630.75,7629.75,7630.25,5325
2026-06-15 11:26:00-04:00,7630.5,7630.75,7629.25,7630.25,3368
2026-06-15 11:27:00-04:00,7630.5,7631.0,7629.75,7630.75,4911
2026-06-15 11:28:00-04:00,7630.75,7632.25,7630.25,7631.75,5913
2026-06-15 11:29:00-04:00,7632.0,7634.0,7632.0,7632.75,8215
2026-06-15 11:30:00-04:00,7633.0,7634.0,7631.75,7633.5,6488
2026-06-15 11:31:00-04:00,7633.75,7634.25,7633.0,7633.5,5626
2026-06-15 11:32:00-04:00,7633.75,7636.0,7629.25,7634.75,8378
2026-06-15 11:33:00-04:00,7635.0,7635.0,7631.75,7631.75,3597
2026-06-15 11:34:00-04:00,7632.0,7632.75,7629.75,7630.0,2508
2026-06-15 11:35:00-04:00,7630.25,7632.5,7629.75,7630.5,2398
2026-06-15 11:36:00-04:00,7630.5,7631.5,7629.75,7630.0,4040
2026-06-15 11:37:00-04:00,7630.25,7633.0,7630.25,7632.5,2555
2026-06-15 11:38:00-04:00,7632.5,7635.0,7632.0,7634.25,3625
2026-06-15 11:39:00-04:00,7634.25,7634.25,7632.5,7634.0,4676
2026-06-15 11:40:00-04:00,7633.75,7635.5,7633.0,7635.0,4088
2026-06-15 11:41:00-04:00,7635.0,7635.0,7633.0,7633.5,3380
2026-06-15 11:42:00-04:00,7633.5,7636.25,7633.0,7636.25,3604
2026-06-15 11:43:00-04:00,7636.25,7636.5,7634.5,7636.0,3943
2026-06-15 11:44:00-04:00,7636.25,7637.0,7635.5,7636.0,2931
2026-06-15 11:45:00-04:00,7636.0,7638.25,7636.0,7637.75,3025
2026-06-15 11:46:00-04:00,7637.75,7637.75,7636.5,7637.0,2587
2026-06-15 11:47:00-04:00,7637.0,7639.75,7636.0,7639.25,3261
2026-06-15 11:48:00-04:00,7639.25,7639.5,7638.5,7639.25,2862
2026-06-15 11:49:00-04:00,7639.25,7642.25,7638.5,7641.5,4463
2026-06-15 11:50:00-04:00,7641.5,7643.0,7641.0,7642.75,4325
2026-06-15 11:51:00-04:00,7642.75,7643.0,7641.0,7641.0,1953
2026-06-15 11:52:00-04:00,7641.25,7641.5,7640.0,7640.5,3113
2026-06-15 11:53:00-04:00,7640.25,7642.0,7640.25,7641.5,2014
2026-06-15 11:54:00-04:00,7641.75,7643.0,7640.75,7641.75,3135
2026-06-15 11:55:00-04:00,7641.5,7641.5,7640.0,7641.0,2665
2026-06-15 11:56:00-04:00,7641.0,7642.25,7640.75,7641.75,2511
2026-06-15 11:57:00-04:00,7642.0,7644.5,7642.0,7643.75,3420
2026-06-15 11:58:00-04:00,7643.75,7643.75,7642.5,7643.0,2849
2026-06-15 11:59:00-04:00,7643.0,7643.75,7642.5,7643.25,2687
2026-06-15 12:00:00-04:00,7643.25,7645.5,7643.25,7645.5,4398
2026-06-15 12:01:00-04:00,7645.5,7648.5,7645.25,7648.5,4338
2026-06-15 12:02:00-04:00,7648.5,7648.75,7643.0,7645.5,8010
2026-06-15 12:03:00-04:00,7645.75,7647.5,7645.0,7645.75,2577
2026-06-15 12:04:00-04:00,7645.75,7647.25,7645.5,7646.0,2162
2026-06-15 12:05:00-04:00,7646.25,7647.0,7644.5,7644.5,2226
2026-06-15 12:06:00-04:00,7644.75,7645.5,7644.0,7645.0,5398
2026-06-15 12:07:00-04:00,7645.25,7646.75,7644.75,7645.75,2926
2026-06-15 12:08:00-04:00,7646.0,7646.25,7645.25,7645.75,3164
2026-06-15 12:09:00-04:00,7645.75,7645.75,7644.25,7644.75,3102
2026-06-15 12:10:00-04:00,7644.75,7646.75,7644.75,7645.5,3437
2026-06-15 12:11:00-04:00,7645.75,7646.0,7643.75,7643.75,2356
2026-06-15 12:12:00-04:00,7643.75,7645.5,7643.75,7644.75,3516
2026-06-15 12:13:00-04:00,7645.0,7645.0,7643.0,7643.25,2100
2026-06-15 12:14:00-04:00,7643.25,7643.75,7642.0,7643.25,5561
2026-06-15 12:15:00-04:00,7643.5,7645.0,7642.0,7642.25,4757
2026-06-15 12:16:00-04:00,7642.25,7642.75,7641.5,7642.5,3470
2026-06-15 12:17:00-04:00,7642.5,7642.75,7641.5,7641.5,2592
2026-06-15 12:18:00-04:00,7641.75,7643.0,7641.0,7641.5,2203
2026-06-15 12:19:00-04:00,7641.75,7643.75,7641.0,7643.25,2637
2026-06-15 12:20:00-04:00,7643.25,7645.25,7642.75,7644.0,2909
2026-06-15 12:21:00-04:00,7644.0,7646.0,7644.0,7645.25,2183
2026-06-15 12:22:00-04:00,7645.25,7646.0,7644.75,7645.75,3183
2026-06-15 12:23:00-04:00,7645.75,7646.0,7644.5,7645.5,2902
2026-06-15 12:24:00-04:00,7645.5,7646.5,7645.0,7646.0,2320
2026-06-15 12:25:00-04:00,7646.0,7647.0,7645.5,7646.5,2700
2026-06-15 12:26:00-04:00,7646.5,7647.0,7645.5,7646.0,2679
2026-06-15 12:27:00-04:00,7646.25,7646.25,7644.25,7645.5,2213
2026-06-15 12:28:00-04:00,7645.5,7647.25,7645.25,7646.25,3094
2026-06-15 12:29:00-04:00,7646.25,7647.5,7645.75,7646.75,3459
2026-06-15 12:30:00-04:00,7646.75,7648.25,7646.75,7647.75,2840
2026-06-15 12:31:00-04:00,7647.75,7648.0,7646.0,7646.25,2852
2026-06-15 12:32:00-04:00,7646.25,7646.75,7644.5,7645.0,4700
2026-06-15 12:33:00-04:00,7644.75,7646.25,7644.5,7645.0,2885
2026-06-15 12:34:00-04:00,7645.0,7645.5,7643.75,7644.0,2004
2026-06-15 12:35:00-04:00,7644.0,7645.25,7643.5,7644.5,2574
2026-06-15 12:36:00-04:00,7644.25,7645.25,7643.75,7644.0,1825
2026-06-15 12:37:00-04:00,7643.75,7644.0,7641.5,7642.5,2610
2026-06-15 12:38:00-04:00,7642.5,7642.5,7639.75,7640.5,3040
2026-06-15 12:39:00-04:00,7640.25,7641.5,7640.0,7641.0,3503
2026-06-15 12:40:00-04:00,7641.0,7641.75,7640.5,7641.25,2873
2026-06-15 12:41:00-04:00,7641.25,7641.25,7639.5,7640.25,2389
2026-06-15 12:42:00-04:00,7640.25,7644.25,7640.25,7642.5,4915
2026-06-15 12:43:00-04:00,7642.75,7642.75,7640.75,7641.0,2153
2026-06-15 12:44:00-04:00,7641.0,7642.0,7640.5,7641.0,4071
2026-06-15 12:45:00-04:00,7641.0,7641.0,7638.5,7638.75,2619
2026-06-15 12:46:00-04:00,7639.0,7639.75,7638.0,7639.0,2560
2026-06-15 12:47:00-04:00,7638.75,7639.0,7636.75,7638.0,2939
2026-06-15 12:48:00-04:00,7638.0,7639.75,7637.25,7638.75,2055
2026-06-15 12:49:00-04:00,7638.75,7639.0,7637.25,7638.5,2179
2026-06-15 12:50:00-04:00,7638.75,7639.5,7638.25,7638.75,3598
2026-06-15 12:51:00-04:00,7638.75,7641.5,7638.25,7640.75,3695
2026-06-15 12:52:00-04:00,7640.75,7641.25,7639.75,7640.0,2037
2026-06-15 12:53:00-04:00,7639.75,7640.75,7638.5,7640.75,2770
2026-06-15 12:54:00-04:00,7640.75,7640.75,7638.25,7638.75,5788
2026-06-15 12:55:00-04:00,7639.0,7639.5,7637.75,7637.75,2030
2026-06-15 12:56:00-04:00,7637.75,7639.5,7637.5,7638.5,3395
2026-06-15 12:57:00-04:00,7638.5,7640.25,7638.0,7640.25,5881
2026-06-15 12:58:00-04:00,7640.25,7641.5,7640.0,7641.25,5111
2026-06-15 12:59:00-04:00,7641.25,7641.25,7640.0,7640.5,4372
2026-06-15 13:00:00-04:00,7640.25,7640.5,7639.0,7639.75,4106
2026-06-15 13:01:00-04:00,7639.75,7642.25,7639.5,7641.5,2890
2026-06-15 13:02:00-04:00,7641.25,7641.5,7638.0,7638.25,4435
2026-06-15 13:03:00-04:00,7638.25,7638.5,7634.75,7638.0,8142
2026-06-15 13:04:00-04:00,7638.0,7640.5,7637.5,7639.75,1982
2026-06-15 13:05:00-04:00,7639.75,7641.25,7639.5,7640.25,1728
2026-06-15 13:06:00-04:00,7640.25,7640.25,7638.75,7639.5,2637
2026-06-15 13:07:00-04:00,7639.75,7640.25,7632.5,7637.75,6172
2026-06-15 13:08:00-04:00,7637.75,7639.0,7635.75,7636.0,2970
2026-06-15 13:09:00-04:00,7636.0,7637.0,7634.75,7635.75,2878
2026-06-15 13:10:00-04:00,7635.5,7637.0,7635.0,7636.25,1974
2026-06-15 13:11:00-04:00,7636.25,7638.75,7636.25,7638.5,2503
2026-06-15 13:12:00-04:00,7638.5,7640.75,7638.0,7639.5,3847
2026-06-15 13:13:00-04:00,7639.5,7641.0,7639.25,7640.5,1878
2026-06-15 13:14:00-04:00,7640.5,7641.0,7639.5,7639.75,1504
2026-06-15 13:15:00-04:00,7639.5,7641.0,7638.75,7640.75,3170
2026-06-15 13:16:00-04:00,7640.5,7644.0,7640.5,7643.75,2502
2026-06-15 13:17:00-04:00,7644.0,7644.0,7642.5,7643.5,2730
2026-06-15 13:18:00-04:00,7643.5,7643.75,7642.0,7642.75,1482
2026-06-15 13:19:00-04:00,7642.5,7642.5,7641.0,7641.75,1716
2026-06-15 13:20:00-04:00,7641.75,7642.5,7641.0,7641.5,2413
2026-06-15 13:21:00-04:00,7641.5,7643.5,7640.75,7643.0,1861
2026-06-15 13:22:00-04:00,7643.0,7644.75,7642.75,7644.25,2278
2026-06-15 13:23:00-04:00,7644.0,7644.5,7643.25,7644.0,7385
2026-06-15 13:24:00-04:00,7643.75,7644.0,7643.0,7643.5,3735
2026-06-15 13:25:00-04:00,7643.75,7644.5,7643.0,7644.5,3754
2026-06-15 13:26:00-04:00,7644.5,7644.5,7642.25,7643.0,4364
2026-06-15 13:27:00-04:00,7643.0,7643.75,7642.5,7643.5,1323
2026-06-15 13:28:00-04:00,7643.5,7646.5,7643.0,7644.25,4576
2026-06-15 13:29:00-04:00,7644.0,7644.25,7642.75,7643.5,4246
2026-06-15 13:30:00-04:00,7643.25,7645.25,7642.75,7644.75,3327
2026-06-15 13:31:00-04:00,7644.5,7645.25,7642.5,7642.75,2365
2026-06-15 13:32:00-04:00,7642.5,7642.5,7640.5,7640.75,3095
2026-06-15 13:33:00-04:00,7640.75,7640.75,7639.0,7640.0,2874
2026-06-15 13:34:00-04:00,7639.75,7641.5,7639.75,7641.25,3420
2026-06-15 13:35:00-04:00,7641.25,7643.25,7641.25,7643.0,2614
2026-06-15 13:36:00-04:00,7643.0,7643.75,7642.25,7643.75,2019
2026-06-15 13:37:00-04:00,7643.5,7643.75,7642.25,7642.5,1768
2026-06-15 13:38:00-04:00,7642.5,7642.75,7640.75,7642.25,2521
2026-06-15 13:39:00-04:00,7642.25,7642.5,7641.25,7642.25,2693
2026-06-15 13:40:00-04:00,7642.25,7642.5,7640.5,7640.5,2289
2026-06-15 13:41:00-04:00,7640.5,7641.5,7639.25,7641.25,2522
2026-06-15 13:42:00-04:00,7641.25,7641.25,7639.5,7640.25,1334
2026-06-15 13:43:00-04:00,7640.5,7641.0,7640.0,7640.5,2142
2026-06-15 13:44:00-04:00,7640.5,7640.75,7638.75,7639.5,1800
2026-06-15 13:45:00-04:00,7639.75,7640.0,7637.75,7638.75,3692
2026-06-15 13:46:00-04:00,7639.0,7640.5,7638.5,7640.0,1867
2026-06-15 13:47:00-04:00,7640.0,7640.0,7638.0,7638.0,2156
2026-06-15 13:48:00-04:00,7638.25,7639.25,7637.5,7638.75,1293
2026-06-15 13:49:00-04:00,7638.75,7640.0,7638.25,7639.25,1389
2026-06-15 13:50:00-04:00,7639.25,7639.25,7637.25,7637.25,2377
2026-06-15 13:51:00-04:00,7637.5,7637.75,7636.25,7637.0,3853
2026-06-15 13:52:00-04:00,7637.25,7638.5,7637.25,7637.25,1694
2026-06-15 13:53:00-04:00,7637.25,7639.5,7637.25,7639.5,1239
2026-06-15 13:54:00-04:00,7639.25,7640.0,7635.75,7636.0,3695
2026-06-15 13:55:00-04:00,7636.0,7636.25,7633.25,7633.75,2826
2026-06-15 13:56:00-04:00,7633.75,7634.75,7633.25,7634.0,3884
2026-06-15 13:57:00-04:00,7633.75,7634.25,7633.0,7633.75,2976
2026-06-15 13:58:00-04:00,7634.0,7634.25,7632.5,7633.75,2024
2026-06-15 13:59:00-04:00,7633.75,7633.75,7632.0,7633.5,2459
2026-06-15 14:00:00-04:00,7633.75,7635.0,7632.75,7633.25,2580
2026-06-15 14:01:00-04:00,7633.0,7633.25,7630.75,7631.25,2978
2026-06-15 14:02:00-04:00,7631.0,7631.0,7628.0,7630.0,6488
2026-06-15 14:03:00-04:00,7630.0,7630.25,7628.25,7629.25,3490
2026-06-15 14:04:00-04:00,7629.5,7631.25,7629.25,7629.75,3344
2026-06-15 14:05:00-04:00,7629.5,7631.75,7628.25,7631.75,2964
2026-06-15 14:06:00-04:00,7631.75,7633.75,7631.75,7632.25,3559
2026-06-15 14:07:00-04:00,7632.0,7632.25,7630.0,7631.0,4367
2026-06-15 14:08:00-04:00,7630.75,7631.25,7629.5,7630.25,2248
2026-06-15 14:09:00-04:00,7630.25,7632.0,7629.75,7631.5,2008
2026-06-15 14:10:00-04:00,7631.5,7633.5,7631.0,7633.25,6981
2026-06-15 14:11:00-04:00,7633.25,7634.0,7631.75,7632.5,2706
2026-06-15 14:12:00-04:00,7632.5,7632.75,7631.25,7631.25,4443
2026-06-15 14:13:00-04:00,7631.25,7633.5,7631.25,7633.0,1678
2026-06-15 14:14:00-04:00,7633.0,7633.75,7631.75,7633.5,2154
2026-06-15 14:15:00-04:00,7633.5,7635.5,7633.0,7634.0,2615
2026-06-15 14:16:00-04:00,7634.0,7634.75,7633.25,7634.0,3115
2026-06-15 14:17:00-04:00,7634.0,7634.25,7632.5,7634.0,2146
2026-06-15 14:18:00-04:00,7634.0,7635.5,7632.75,7633.0,1887
2026-06-15 14:19:00-04:00,7633.0,7634.25,7632.5,7632.75,1499
2026-06-15 14:20:00-04:00,7632.5,7633.0,7631.5,7632.0,1871
2026-06-15 14:21:00-04:00,7632.0,7632.75,7630.5,7632.25,2888
2026-06-15 14:22:00-04:00,7632.0,7633.25,7631.25,7631.5,1664
2026-06-15 14:23:00-04:00,7631.5,7632.5,7630.75,7632.25,5719
2026-06-15 14:24:00-04:00,7632.25,7633.25,7631.25,7631.25,1292
2026-06-15 14:25:00-04:00,7631.25,7631.75,7630.5,7630.5,1886
2026-06-15 14:26:00-04:00,7630.5,7632.75,7630.5,7631.75,1644
2026-06-15 14:27:00-04:00,7631.75,7632.25,7631.0,7631.5,5154
2026-06-15 14:28:00-04:00,7631.5,7632.0,7630.0,7630.25,1710
2026-06-15 14:29:00-04:00,7630.0,7630.5,7628.0,7628.75,4118
2026-06-15 14:30:00-04:00,7628.75,7629.75,7625.75,7627.5,3631
2026-06-15 14:31:00-04:00,7627.5,7628.0,7626.25,7627.25,2311
2026-06-15 14:32:00-04:00,7627.5,7631.0,7627.5,7630.5,3540
2026-06-15 14:33:00-04:00,7630.75,7631.0,7629.5,7630.0,2201
2026-06-15 14:34:00-04:00,7630.0,7631.5,7629.5,7629.75,1691
2026-06-15 14:35:00-04:00,7630.0,7630.5,7629.0,7629.25,1885
2026-06-15 14:36:00-04:00,7629.25,7630.5,7629.0,7630.5,1424
2026-06-15 14:37:00-04:00,7630.5,7633.0,7630.5,7633.0,4523
2026-06-15 14:38:00-04:00,7632.75,7634.5,7632.25,7634.5,2428
2026-06-15 14:39:00-04:00,7634.25,7634.25,7633.25,7633.75,1869
2026-06-15 14:40:00-04:00,7634.0,7634.25,7633.25,7633.25,1677
2026-06-15 14:41:00-04:00,7633.5,7635.25,7633.5,7634.5,3046
2026-06-15 14:42:00-04:00,7634.25,7635.0,7633.5,7633.75,2227
2026-06-15 14:43:00-04:00,7633.75,7633.75,7631.75,7633.5,1927
2026-06-15 14:44:00-04:00,7633.75,7634.5,7633.0,7634.25,1897
2026-06-15 14:45:00-04:00,7634.0,7636.25,7633.75,7634.75,2719
2026-06-15 14:46:00-04:00,7634.75,7635.5,7633.5,7633.5,2236
2026-06-15 14:47:00-04:00,7633.5,7635.25,7633.0,7634.5,1693
2026-06-15 14:48:00-04:00,7634.25,7635.0,7633.25,7635.0,1713
2026-06-15 14:49:00-04:00,7635.25,7635.25,7633.5,7633.75,2127
2026-06-15 14:50:00-04:00,7634.0,7634.75,7633.5,7634.75,1217
2026-06-15 14:51:00-04:00,7634.5,7634.5,7632.0,7633.25,1521
2026-06-15 14:52:00-04:00,7633.25,7634.0,7632.25,7633.5,1866
2026-06-15 14:53:00-04:00,7633.5,7634.25,7633.0,7634.0,1674
2026-06-15 14:54:00-04:00,7634.0,7634.0,7632.5,7633.25,1455
2026-06-15 14:55:00-04:00,7633.0,7633.75,7632.5,7633.5,1590
2026-06-15 14:56:00-04:00,7633.5,7634.25,7633.0,7634.25,1509
2026-06-15 14:57:00-04:00,7634.25,7634.5,7632.5,7632.75,1800
2026-06-15 14:58:00-04:00,7633.0,7633.25,7631.25,7631.5,2041
2026-06-15 14:59:00-04:00,7631.25,7632.0,7630.5,7631.5,2821
2026-06-15 15:00:00-04:00,7631.75,7632.25,7629.75,7630.0,4630
2026-06-15 15:01:00-04:00,7630.0,7631.25,7629.75,7630.75,2303
2026-06-15 15:02:00-04:00,7631.0,7632.25,7630.5,7631.25,2094
2026-06-15 15:03:00-04:00,7631.25,7631.5,7630.0,7630.25,1702
2026-06-15 15:04:00-04:00,7630.25,7630.5,7629.0,7629.75,2880
2026-06-15 15:05:00-04:00,7629.75,7631.25,7629.5,7630.75,1878
2026-06-15 15:06:00-04:00,7630.5,7631.0,7629.5,7629.5,2256
2026-06-15 15:07:00-04:00,7629.25,7630.25,7628.5,7629.75,3328
2026-06-15 15:08:00-04:00,7629.75,7631.5,7629.25,7630.25,2396
2026-06-15 15:09:00-04:00,7630.5,7630.75,7629.25,7630.25,1816
2026-06-15 15:10:00-04:00,7630.0,7632.75,7629.5,7632.5,3089
2026-06-15 15:11:00-04:00,7632.75,7632.75,7630.25,7630.25,3118
2026-06-15 15:12:00-04:00,7630.5,7630.75,7628.5,7630.0,2285
2026-06-15 15:13:00-04:00,7629.75,7631.75,7629.5,7631.25,1643
2026-06-15 15:14:00-04:00,7631.25,7632.25,7631.25,7632.0,2234
2026-06-15 15:15:00-04:00,7631.75,7633.5,7631.5,7633.25,1940
2026-06-15 15:16:00-04:00,7633.25,7634.5,7632.25,7633.75,3614
2026-06-15 15:17:00-04:00,7633.75,7634.5,7633.25,7634.0,1602
2026-06-15 15:18:00-04:00,7633.75,7633.75,7630.75,7630.75,1924
2026-06-15 15:19:00-04:00,7631.0,7632.0,7630.75,7631.5,1435
2026-06-15 15:20:00-04:00,7631.5,7631.75,7630.75,7631.0,2141
2026-06-15 15:21:00-04:00,7631.0,7631.25,7627.75,7627.75,2495
2026-06-15 15:22:00-04:00,7628.0,7629.0,7627.75,7628.25,3000
2026-06-15 15:23:00-04:00,7628.5,7630.25,7628.0,7629.25,2309
2026-06-15 15:24:00-04:00,7629.5,7629.5,7628.25,7628.25,1795
2026-06-15 15:25:00-04:00,7628.5,7629.25,7628.0,7628.5,2332
2026-06-15 15:26:00-04:00,7628.5,7629.0,7627.25,7628.0,2548
2026-06-15 15:27:00-04:00,7628.25,7628.25,7626.75,7627.0,1968
2026-06-15 15:28:00-04:00,7627.0,7627.25,7626.5,7626.75,1801
2026-06-15 15:29:00-04:00,7626.75,7627.75,7624.75,7625.0,4228
2026-06-15 15:30:00-04:00,7625.0,7627.0,7623.25,7626.25,5918
2026-06-15 15:31:00-04:00,7626.5,7627.0,7625.25,7626.25,2668
2026-06-15 15:32:00-04:00,7626.25,7628.0,7626.25,7627.25,2595
2026-06-15 15:33:00-04:00,7627.25,7628.25,7626.75,7627.25,2866
2026-06-15 15:34:00-04:00,7627.25,7627.5,7624.0,7624.25,3566
2026-06-15 15:35:00-04:00,7624.5,7625.25,7623.25,7624.0,2575
2026-06-15 15:36:00-04:00,7624.25,7625.0,7622.75,7624.75,3149
2026-06-15 15:37:00-04:00,7624.5,7625.5,7623.5,7624.0,2004
2026-06-15 15:38:00-04:00,7624.25,7625.5,7623.25,7625.0,3993
2026-06-15 15:39:00-04:00,7625.0,7625.25,7623.5,7624.75,2725
2026-06-15 15:40:00-04:00,7624.75,7626.75,7624.5,7626.0,4127
2026-06-15 15:41:00-04:00,7626.0,7626.5,7625.0,7625.25,3348
2026-06-15 15:42:00-04:00,7625.25,7625.5,7623.75,7624.75,3279
2026-06-15 15:43:00-04:00,7624.75,7626.5,7624.5,7625.75,3507
2026-06-15 15:44:00-04:00,7625.75,7626.5,7625.0,7625.5,4002
2026-06-15 15:45:00-04:00,7625.25,7626.5,7624.75,7625.0,4195
2026-06-15 15:46:00-04:00,7625.0,7627.25,7624.75,7627.0,3840
2026-06-15 15:47:00-04:00,7627.25,7628.0,7626.25,7627.5,4773
2026-06-15 15:48:00-04:00,7627.5,7630.25,7627.5,7630.0,7819
2026-06-15 15:49:00-04:00,7630.0,7631.25,7629.0,7629.25,5550
2026-06-15 15:50:00-04:00,7629.5,7629.5,7622.25,7622.5,11070
2026-06-15 15:51:00-04:00,7622.25,7623.0,7620.25,7622.0,9018
2026-06-15 15:52:00-04:00,7622.0,7622.5,7620.75,7621.25,7813
2026-06-15 15:53:00-04:00,7621.25,7622.5,7620.25,7621.5,11461
2026-06-15 15:54:00-04:00,7621.5,7624.0,7620.25,7621.75,9996
2026-06-15 15:55:00-04:00,7621.75,7623.25,7619.5,7620.5,11083
2026-06-15 15:56:00-04:00,7620.5,7620.5,7617.0,7617.75,9903
2026-06-15 15:57:00-04:00,7617.5,7618.5,7616.5,7617.25,11108
2026-06-15 15:58:00-04:00,7617.25,7621.0,7616.5,7620.75,17033
2026-06-15 15:59:00-04:00,7620.75,7631.25,7620.0,7630.0,103228
2026-06-15 16:00:00-04:00,7630.25,7631.75,7628.5,7629.5,25589
2026-06-15 16:01:00-04:00,7629.75,7630.75,7629.0,7630.0,6255
2026-06-15 16:02:00-04:00,7630.0,7630.75,7628.5,7629.0,2913
2026-06-15 16:03:00-04:00,7629.0,7630.25,7628.75,7629.75,3789
2026-06-15 16:04:00-04:00,7629.75,7630.25,7629.0,7629.25,2058
2026-06-15 16:05:00-04:00,7629.25,7629.25,7627.0,7627.5,3550
2026-06-15 16:06:00-04:00,7627.75,7628.5,7627.5,7627.75,1530
2026-06-15 16:07:00-04:00,7627.75,7629.0,7627.5,7628.0,854
2026-06-15 16:08:00-04:00,7628.0,7629.25,7627.75,7629.0,1026
2026-06-15 16:09:00-04:00,7629.0,7629.25,7628.25,7628.5,802
2026-06-15 16:10:00-04:00,7628.5,7628.5,7626.25,7626.5,691
2026-06-15 16:11:00-04:00,7626.5,7627.75,7626.25,7627.75,791
2026-06-15 16:12:00-04:00,7627.75,7628.75,7627.75,7628.25,965
2026-06-15 16:13:00-04:00,7628.25,7629.25,7628.0,7628.75,1414
2026-06-15 16:14:00-04:00,7629.0,7629.25,7627.5,7628.0,1019
2026-06-15 16:15:00-04:00,7628.0,7628.5,7627.25,7627.25,577
2026-06-15 16:16:00-04:00,7627.25,7627.25,7626.25,7627.0,436
2026-06-15 16:17:00-04:00,7627.0,7627.0,7625.75,7626.5,641
2026-06-15 16:18:00-04:00,7626.5,7627.75,7626.5,7627.25,543
2026-06-15 16:19:00-04:00,7627.25,7628.25,7627.0,7628.0,303
2026-06-15 16:20:00-04:00,7627.75,7628.25,7627.5,7627.5,249
2026-06-15 16:21:00-04:00,7627.5,7627.75,7627.0,7627.0,185
2026-06-15 16:22:00-04:00,7627.0,7627.0,7626.0,7626.25,257
2026-06-15 16:23:00-04:00,7626.25,7626.5,7624.75,7624.75,348
2026-06-15 16:24:00-04:00,7624.75,7625.0,7624.25,7624.75,228
2026-06-15 16:25:00-04:00,7624.5,7625.75,7624.25,7625.75,434
2026-06-15 16:26:00-04:00,7625.75,7626.25,7625.25,7625.75,565
2026-06-15 16:27:00-04:00,7625.75,7626.25,7625.25,7626.0,222
2026-06-15 16:28:00-04:00,7626.25,7626.25,7625.5,7625.5,438
2026-06-15 16:29:00-04:00,7625.5,7625.5,7625.25,7625.5,329
2026-06-15 16:30:00-04:00,7625.5,7627.25,7625.5,7627.0,327
2026-06-15 16:31:00-04:00,7627.0,7627.25,7626.5,7627.0,207
2026-06-15 16:32:00-04:00,7627.25,7628.0,7627.25,7627.5,546
2026-06-15 16:33:00-04:00,7627.5,7627.5,7626.25,7626.75,230
2026-06-15 16:34:00-04:00,7626.75,7627.75,7626.75,7627.5,143
2026-06-15 16:35:00-04:00,7627.5,7628.0,7627.25,7627.75,819
2026-06-15 16:36:00-04:00,7627.75,7628.0,7627.5,7627.75,235
2026-06-15 16:37:00-04:00,7627.75,7627.75,7627.25,7627.5,388
2026-06-15 16:38:00-04:00,7627.75,7628.0,7627.25,7627.5,438
2026-06-15 16:39:00-04:00,7627.75,7627.75,7627.0,7627.5,466
2026-06-15 16:40:00-04:00,7627.5,7628.0,7627.25,7627.75,596
2026-06-15 16:41:00-04:00,7627.5,7627.75,7627.25,7627.5,778
2026-06-15 16:42:00-04:00,7627.25,7627.75,7626.75,7626.75,649
2026-06-15 16:43:00-04:00,7626.75,7626.75,7626.0,7626.25,654
2026-06-15 16:44:00-04:00,7626.25,7626.5,7625.75,7626.25,655
2026-06-15 16:45:00-04:00,7626.0,7627.5,7625.75,7627.25,318
2026-06-15 16:46:00-04:00,7627.0,7627.75,7627.0,7627.5,209
2026-06-15 16:47:00-04:00,7627.75,7628.25,7627.25,7628.0,109
2026-06-15 16:48:00-04:00,7628.0,7628.75,7627.75,7628.75,190
2026-06-15 16:49:00-04:00,7628.5,7629.0,7627.5,7627.5,237
2026-06-15 16:50:00-04:00,7627.5,7627.5,7627.25,7627.5,175
2026-06-15 16:51:00-04:00,7627.5,7627.5,7626.5,7626.75,211
2026-06-15 16:52:00-04:00,7626.5,7626.75,7625.25,7625.5,346
2026-06-15 16:53:00-04:00,7625.5,7626.0,7624.75,7625.75,249
2026-06-15 16:54:00-04:00,7625.75,7626.25,7625.75,7626.25,119
2026-06-15 16:55:00-04:00,7626.5,7626.75,7626.25,7626.25,124
2026-06-15 16:56:00-04:00,7626.5,7626.5,7625.25,7625.75,254
2026-06-15 16:57:00-04:00,7626.0,7626.0,7624.75,7625.5,541
2026-06-15 16:58:00-04:00,7625.25,7626.5,7625.0,7625.25,334
2026-06-15 16:59:00-04:00,7625.25,7625.5,7624.0,7624.25,467
2026-06-15 18:00:00-04:00,7626.5,7630.25,7625.5,7627.75,0
2026-06-15 18:01:00-04:00,7627.5,7628.75,7627.0,7627.25,183
2026-06-15 18:02:00-04:00,7627.25,7629.0,7627.25,7629.0,109
2026-06-15 18:03:00-04:00,7629.0,7629.0,7625.25,7626.5,232
2026-06-15 18:04:00-04:00,7627.0,7627.25,7624.75,7626.0,98
2026-06-15 18:05:00-04:00,7625.75,7626.0,7624.25,7625.0,214
2026-06-15 18:06:00-04:00,7625.0,7625.75,7624.0,7625.0,279
2026-06-15 18:07:00-04:00,7625.0,7625.0,7623.75,7623.75,141
2026-06-15 18:08:00-04:00,7623.75,7626.25,7623.0,7625.75,262
2026-06-15 18:09:00-04:00,7625.75,7627.0,7625.75,7626.25,215
2026-06-15 18:10:00-04:00,7626.25,7626.25,7624.5,7624.75,118
2026-06-15 18:11:00-04:00,7624.75,7625.0,7622.25,7622.5,355
2026-06-15 18:12:00-04:00,7622.25,7622.25,7620.0,7620.25,648
2026-06-15 18:13:00-04:00,7620.5,7620.75,7618.5,7619.75,515
2026-06-15 18:14:00-04:00,7619.75,7621.0,7619.75,7620.75,206
2026-06-15 18:15:00-04:00,7621.0,7621.0,7619.75,7620.5,189
2026-06-15 18:16:00-04:00,7620.75,7621.25,7620.25,7620.75,130
2026-06-15 18:17:00-04:00,7620.75,7621.0,7619.0,7619.5,229
2026-06-15 18:18:00-04:00,7619.5,7620.25,7619.0,7619.25,191
2026-06-15 18:19:00-04:00,7619.5,7619.5,7617.0,7617.0,508
2026-06-15 18:20:00-04:00,7617.25,7619.5,7616.5,7618.75,489
2026-06-15 18:21:00-04:00,7618.25,7618.25,7616.75,7617.25,399
2026-06-15 18:22:00-04:00,7617.25,7618.75,7617.25,7617.75,261
2026-06-15 18:23:00-04:00,7617.5,7617.75,7615.5,7615.5,488
2026-06-15 18:24:00-04:00,7615.5,7616.5,7614.75,7615.25,377
2026-06-15 18:25:00-04:00,7615.5,7616.75,7614.75,7616.0,166
2026-06-15 18:26:00-04:00,7616.25,7616.5,7614.5,7615.0,206
2026-06-15 18:27:00-04:00,7614.75,7615.0,7614.0,7614.5,202
2026-06-15 18:28:00-04:00,7614.5,7614.75,7612.0,7614.5,577
2026-06-15 18:29:00-04:00,7614.75,7618.5,7614.5,7616.75,792
2026-06-15 18:30:00-04:00,7616.75,7618.75,7616.75,7617.5,336
2026-06-15 18:31:00-04:00,7617.5,7618.25,7616.75,7617.75,275
2026-06-15 18:32:00-04:00,7617.75,7618.0,7616.5,7616.75,451
2026-06-15 18:33:00-04:00,7617.0,7617.75,7616.0,7617.5,184
2026-06-15 18:34:00-04:00,7617.75,7618.5,7617.0,7617.0,97
2026-06-15 18:35:00-04:00,7617.0,7618.5,7617.0,7617.75,89
2026-06-15 18:36:00-04:00,7618.0,7618.25,7617.5,7617.5,63
2026-06-15 18:37:00-04:00,7617.5,7617.5,7615.75,7616.0,91
2026-06-15 18:38:00-04:00,7616.0,7617.0,7615.5,7616.25,67
2026-06-15 18:39:00-04:00,7616.0,7616.25,7615.25,7615.5,76
2026-06-15 18:40:00-04:00,7615.75,7616.5,7615.75,7616.25,45
2026-06-15 18:41:00-04:00,7616.25,7616.25,7615.75,7615.75,36
2026-06-15 18:42:00-04:00,7616.0,7616.0,7615.25,7615.5,50
2026-06-15 18:43:00-04:00,7615.25,7616.25,7615.25,7616.0,42
2026-06-15 18:44:00-04:00,7616.25,7616.5,7616.0,7616.0,37
2026-06-15 18:45:00-04:00,7616.0,7616.75,7616.0,7616.25,34
2026-06-15 18:46:00-04:00,7616.25,7616.5,7616.25,7616.5,31
2026-06-15 18:47:00-04:00,7616.75,7617.0,7616.75,7617.0,6
2026-06-15 18:48:00-04:00,7616.5,7616.5,7616.25,7616.5,84
2026-06-15 18:49:00-04:00,7616.75,7617.0,7615.5,7615.5,96
2026-06-15 18:50:00-04:00,7615.5,7618.25,7615.25,7617.75,290
2026-06-15 18:51:00-04:00,7617.5,7619.5,7616.75,7618.25,683
2026-06-15 18:52:00-04:00,7618.5,7618.5,7615.75,7615.75,134
2026-06-15 18:53:00-04:00,7616.0,7616.75,7615.5,7615.75,44
2026-06-15 18:54:00-04:00,7616.0,7616.25,7615.5,7616.25,41
2026-06-15 18:55:00-04:00,7616.5,7618.25,7616.5,7617.5,94
2026-06-15 18:56:00-04:00,7617.25,7618.5,7617.25,7618.25,63
2026-06-15 18:57:00-04:00,7618.25,7618.5,7617.5,7617.75,32
2026-06-15 18:58:00-04:00,7617.75,7617.75,7617.5,7617.75,23
2026-06-15 18:59:00-04:00,7617.5,7617.75,7617.25,7617.5,126
2026-06-15 19:00:00-04:00,7617.25,7618.0,7617.25,7617.5,92
2026-06-15 19:01:00-04:00,7617.5,7617.5,7616.0,7616.5,107
2026-06-15 19:02:00-04:00,7616.75,7618.5,7616.75,7617.5,119
2026-06-15 19:03:00-04:00,7617.25,7618.0,7617.0,7618.0,81
2026-06-15 19:04:00-04:00,7617.75,7617.75,7615.75,7616.75,145
2026-06-15 19:05:00-04:00,7616.5,7617.75,7615.5,7617.75,130
2026-06-15 19:06:00-04:00,7617.5,7617.5,7616.5,7616.5,76
2026-06-15 19:07:00-04:00,7616.5,7616.75,7615.75,7616.25,89
2026-06-15 19:08:00-04:00,7616.5,7616.5,7616.0,7616.25,39
2026-06-15 19:09:00-04:00,7616.25,7616.25,7616.0,7616.25,36
2026-06-15 19:10:00-04:00,7616.25,7617.25,7616.25,7617.0,59
2026-06-15 19:11:00-04:00,7617.0,7617.0,7616.0,7616.0,53
2026-06-15 19:12:00-04:00,7616.0,7616.5,7615.5,7615.5,89
2026-06-15 19:13:00-04:00,7615.25,7615.75,7615.0,7615.5,68
2026-06-15 19:14:00-04:00,7615.75,7615.75,7615.25,7615.5,59
2026-06-15 19:15:00-04:00,7615.75,7616.0,7615.75,7615.75,29
2026-06-15 19:16:00-04:00,7615.75,7616.5,7615.5,7615.75,27
2026-06-15 19:17:00-04:00,7615.75,7616.0,7615.25,7615.75,59
2026-06-15 19:18:00-04:00,7615.5,7615.5,7615.0,7615.0,38
2026-06-15 19:19:00-04:00,7615.25,7615.25,7614.5,7614.75,89
2026-06-15 19:20:00-04:00,7615.0,7615.75,7615.0,7615.25,68
2026-06-15 19:21:00-04:00,7615.25,7617.25,7615.25,7617.25,104
2026-06-15 19:22:00-04:00,7617.25,7617.75,7617.0,7617.5,56
2026-06-15 19:23:00-04:00,7617.25,7617.5,7617.25,7617.5,22
2026-06-15 19:24:00-04:00,7617.25,7619.5,7617.25,7619.25,238
2026-06-15 19:25:00-04:00,7619.25,7622.0,7618.5,7618.75,385
2026-06-15 19:26:00-04:00,7618.75,7620.0,7618.25,7619.5,124
2026-06-15 19:27:00-04:00,7620.0,7620.75,7619.5,7620.25,133
2026-06-15 19:28:00-04:00,7620.5,7621.75,7620.25,7621.0,174
2026-06-15 19:29:00-04:00,7621.0,7622.0,7620.5,7621.0,139
2026-06-15 19:30:00-04:00,7621.0,7621.75,7619.5,7619.5,129
2026-06-15 19:31:00-04:00,7619.75,7619.75,7618.5,7619.5,62
2026-06-15 19:32:00-04:00,7619.25,7619.25,7618.5,7618.5,54
2026-06-15 19:33:00-04:00,7618.5,7618.75,7618.25,7618.75,44
2026-06-15 19:34:00-04:00,7618.5,7618.5,7617.0,7617.75,117
2026-06-15 19:35:00-04:00,7618.0,7619.25,7618.0,7618.75,73
2026-06-15 19:36:00-04:00,7618.75,7618.75,7617.75,7618.0,28
2026-06-15 19:37:00-04:00,7617.75,7617.75,7616.5,7617.5,104
2026-06-15 19:38:00-04:00,7617.25,7618.0,7617.25,7617.75,37
2026-06-15 19:39:00-04:00,7617.5,7618.75,7617.5,7618.0,61
2026-06-15 19:40:00-04:00,7618.0,7618.0,7616.75,7617.25,81
2026-06-15 19:41:00-04:00,7617.25,7617.5,7616.75,7617.0,34
2026-06-15 19:42:00-04:00,7617.0,7617.25,7616.75,7617.0,57
2026-06-15 19:43:00-04:00,7617.0,7617.75,7617.0,7617.75,40
2026-06-15 19:44:00-04:00,7617.75,7619.25,7617.75,7618.75,77
2026-06-15 19:45:00-04:00,7619.0,7620.0,7618.5,7619.0,127
2026-06-15 19:46:00-04:00,7619.25,7620.5,7619.0,7619.75,159
2026-06-15 19:47:00-04:00,7620.0,7620.25,7619.25,7619.5,79
2026-06-15 19:48:00-04:00,7619.25,7619.25,7617.75,7618.25,173
2026-06-15 19:49:00-04:00,7618.5,7618.75,7618.0,7618.75,56
2026-06-15 19:50:00-04:00,7618.75,7620.0,7617.75,7618.5,88
2026-06-15 19:51:00-04:00,7618.75,7619.25,7618.75,7619.0,26
2026-06-15 19:52:00-04:00,7619.0,7620.25,7618.25,7619.75,116
2026-06-15 19:53:00-04:00,7620.0,7621.25,7619.75,7620.75,104
2026-06-15 19:54:00-04:00,7621.0,7621.5,7620.75,7621.25,65
2026-06-15 19:55:00-04:00,7621.25,7621.25,7620.0,7620.25,109
2026-06-15 19:56:00-04:00,7620.5,7620.5,7619.25,7619.75,67
2026-06-15 19:57:00-04:00,7619.75,7620.0,7619.25,7619.25,30
2026-06-15 19:58:00-04:00,7619.25,7620.25,7619.0,7620.25,79
2026-06-15 19:59:00-04:00,7620.75,7621.5,7620.5,7620.5,185
2026-06-15 20:00:00-04:00,7620.25,7621.0,7618.5,7620.25,223
2026-06-15 20:01:00-04:00,7620.25,7622.0,7620.0,7621.75,257
2026-06-15 20:02:00-04:00,7621.5,7621.5,7616.25,7618.0,218
2026-06-15 20:03:00-04:00,7617.75,7618.0,7615.5,7617.25,214
2026-06-15 20:04:00-04:00,7617.25,7618.75,7617.25,7618.5,102
2026-06-15 20:05:00-04:00,7618.25,7619.0,7617.75,7618.5,126
2026-06-15 20:06:00-04:00,7618.25,7622.0,7618.0,7621.5,341
2026-06-15 20:07:00-04:00,7621.25,7622.0,7620.25,7620.75,144
2026-06-15 20:08:00-04:00,7620.75,7621.0,7620.0,7620.5,54
2026-06-15 20:09:00-04:00,7620.5,7622.0,7620.5,7621.25,76
2026-06-15 20:10:00-04:00,7621.0,7622.5,7621.0,7622.0,108
2026-06-15 20:11:00-04:00,7622.0,7622.25,7620.75,7621.25,97
2026-06-15 20:12:00-04:00,7621.25,7621.25,7620.25,7620.75,65
2026-06-15 20:13:00-04:00,7621.0,7621.75,7620.5,7621.5,78
2026-06-15 20:14:00-04:00,7621.25,7621.25,7620.25,7620.75,97
2026-06-15 20:15:00-04:00,7620.75,7622.25,7620.0,7621.25,154
2026-06-15 20:16:00-04:00,7621.25,7622.25,7621.0,7621.0,160
2026-06-15 20:17:00-04:00,7621.25,7622.5,7619.75,7622.25,174
2026-06-15 20:18:00-04:00,7622.25,7623.75,7621.75,7621.75,144
2026-06-15 20:19:00-04:00,7622.0,7622.0,7621.5,7621.5,85
2026-06-15 20:20:00-04:00,7621.75,7621.75,7620.75,7621.0,123
2026-06-15 20:21:00-04:00,7620.75,7620.75,7619.5,7620.0,114
2026-06-15 20:22:00-04:00,7620.0,7620.25,7618.0,7618.5,249
2026-06-15 20:23:00-04:00,7618.0,7619.75,7617.75,7619.25,157
2026-06-15 20:24:00-04:00,7619.5,7620.0,7619.0,7619.25,98
2026-06-15 20:25:00-04:00,7619.0,7619.0,7617.5,7618.0,146
2026-06-15 20:26:00-04:00,7618.0,7620.0,7617.75,7619.0,123
2026-06-15 20:27:00-04:00,7619.0,7620.75,7619.0,7620.5,73
2026-06-15 20:28:00-04:00,7620.5,7621.5,7620.25,7621.0,129
2026-06-15 20:29:00-04:00,7621.0,7621.75,7620.75,7621.75,95
2026-06-15 20:30:00-04:00,7621.75,7623.25,7621.0,7622.75,200
2026-06-15 20:31:00-04:00,7622.75,7625.0,7622.75,7624.5,266
2026-06-15 20:32:00-04:00,7624.25,7625.0,7623.25,7623.25,195
2026-06-15 20:33:00-04:00,7623.5,7624.25,7620.0,7620.25,258
2026-06-15 20:34:00-04:00,7620.25,7622.25,7620.25,7621.5,134
2026-06-15 20:35:00-04:00,7621.5,7621.75,7616.75,7618.25,393
2026-06-15 20:36:00-04:00,7618.25,7619.25,7617.25,7617.75,134
2026-06-15 20:37:00-04:00,7618.0,7618.75,7618.0,7618.75,88
2026-06-15 20:38:00-04:00,7618.5,7618.5,7617.5,7617.75,88
2026-06-15 20:39:00-04:00,7617.75,7619.0,7617.5,7618.25,82
2026-06-15 20:40:00-04:00,7618.25,7619.5,7618.0,7619.0,127
2026-06-15 20:41:00-04:00,7619.0,7622.0,7619.0,7621.5,193
2026-06-15 20:42:00-04:00,7621.25,7621.25,7618.75,7619.0,127
2026-06-15 20:43:00-04:00,7619.25,7619.5,7617.25,7618.75,173
2026-06-15 20:44:00-04:00,7618.75,7619.0,7617.5,7617.75,94
2026-06-15 20:45:00-04:00,7617.5,7618.75,7616.75,7618.0,149
2026-06-15 20:46:00-04:00,7618.0,7618.75,7617.25,7618.5,91
2026-06-15 20:47:00-04:00,7618.5,7619.5,7617.75,7619.0,87
2026-06-15 20:48:00-04:00,7619.0,7619.25,7616.75,7617.25,84
2026-06-15 20:49:00-04:00,7617.25,7617.5,7615.25,7615.5,247
2026-06-15 20:50:00-04:00,7615.5,7616.0,7612.75,7613.25,515
2026-06-15 20:51:00-04:00,7613.25,7614.75,7613.25,7614.25,170
2026-06-15 20:52:00-04:00,7614.25,7615.0,7613.75,7614.75,136
2026-06-15 20:53:00-04:00,7614.5,7614.75,7613.0,7614.0,216
2026-06-15 20:54:00-04:00,7614.0,7614.5,7613.0,7614.5,77
2026-06-15 20:55:00-04:00,7614.5,7615.75,7614.25,7614.5,286
2026-06-15 20:56:00-04:00,7614.5,7616.75,7614.25,7616.75,155
2026-06-15 20:57:00-04:00,7616.5,7616.75,7615.75,7615.75,92
2026-06-15 20:58:00-04:00,7616.0,7616.0,7615.25,7615.5,57
2026-06-15 20:59:00-04:00,7615.25,7616.5,7615.25,7615.5,195
2026-06-15 21:00:00-04:00,7615.25,7616.0,7614.5,7616.0,155
2026-06-15 21:01:00-04:00,7616.0,7617.5,7615.5,7617.25,181
2026-06-15 21:02:00-04:00,7617.0,7617.5,7616.0,7616.25,96
2026-06-15 21:03:00-04:00,7616.5,7618.0,7615.5,7618.0,200
2026-06-15 21:04:00-04:00,7618.0,7618.75,7617.25,7618.5,122
2026-06-15 21:05:00-04:00,7618.5,7618.75,7616.25,7617.25,127
2026-06-15 21:06:00-04:00,7617.5,7617.5,7615.25,7615.25,103
2026-06-15 21:07:00-04:00,7615.5,7615.5,7614.0,7614.75,148
2026-06-15 21:08:00-04:00,7614.75,7615.75,7614.5,7614.5,168
2026-06-15 21:09:00-04:00,7615.0,7615.0,7613.75,7614.25,125
2026-06-15 21:10:00-04:00,7614.5,7615.0,7613.75,7614.5,239
2026-06-15 21:11:00-04:00,7614.5,7615.0,7614.0,7614.5,84
2026-06-15 21:12:00-04:00,7614.75,7616.5,7614.25,7615.0,228
2026-06-15 21:13:00-04:00,7615.0,7615.0,7613.5,7613.5,125
2026-06-15 21:14:00-04:00,7613.75,7616.0,7613.75,7615.5,101
2026-06-15 21:15:00-04:00,7615.0,7616.0,7614.5,7615.5,113
2026-06-15 21:16:00-04:00,7615.75,7616.75,7615.25,7616.5,113
2026-06-15 21:17:00-04:00,7617.0,7617.75,7616.75,7617.0,135
2026-06-15 21:18:00-04:00,7617.0,7617.0,7615.25,7615.25,132
2026-06-15 21:19:00-04:00,7615.25,7615.75,7614.5,7615.5,159
2026-06-15 21:20:00-04:00,7615.5,7617.5,7615.5,7617.0,69
2026-06-15 21:21:00-04:00,7617.25,7617.25,7615.5,7616.0,73
2026-06-15 21:22:00-04:00,7616.0,7617.5,7616.0,7617.25,86
2026-06-15 21:23:00-04:00,7617.0,7617.5,7616.25,7617.25,112
2026-06-15 21:24:00-04:00,7617.5,7617.5,7616.0,7616.0,90
2026-06-15 21:25:00-04:00,7616.0,7617.75,7616.0,7617.75,67
2026-06-15 21:26:00-04:00,7617.25,7617.25,7616.25,7617.0,113
2026-06-15 21:27:00-04:00,7617.0,7618.5,7616.75,7618.25,101
2026-06-15 21:28:00-04:00,7618.0,7618.0,7616.25,7616.75,119
2026-06-15 21:29:00-04:00,7616.75,7616.75,7616.25,7616.5,129
2026-06-15 21:30:00-04:00,7616.75,7617.5,7615.25,7617.5,171
2026-06-15 21:31:00-04:00,7617.25,7617.75,7616.75,7617.75,91
2026-06-15 21:32:00-04:00,7617.5,7617.75,7616.75,7617.0,69
2026-06-15 21:33:00-04:00,7617.0,7617.0,7615.5,7616.25,126
2026-06-15 21:34:00-04:00,7616.0,7616.75,7615.25,7616.75,98
2026-06-15 21:35:00-04:00,7616.75,7617.0,7615.0,7615.0,125
2026-06-15 21:36:00-04:00,7615.0,7615.75,7614.75,7615.0,133
2026-06-15 21:37:00-04:00,7615.25,7617.0,7615.0,7617.0,84
2026-06-15 21:38:00-04:00,7617.0,7617.5,7616.75,7617.25,57
2026-06-15 21:39:00-04:00,7617.25,7618.0,7616.5,7617.25,200
2026-06-15 21:40:00-04:00,7617.25,7617.5,7616.75,7616.75,113
2026-06-15 21:41:00-04:00,7617.0,7617.25,7616.0,7616.0,227
2026-06-15 21:42:00-04:00,7616.0,7616.5,7615.25,7615.75,146
2026-06-15 21:43:00-04:00,7615.75,7616.25,7615.5,7615.5,68
2026-06-15 21:44:00-04:00,7615.75,7616.75,7615.75,7616.0,98
2026-06-15 21:45:00-04:00,7615.75,7616.25,7615.5,7616.0,63
2026-06-15 21:46:00-04:00,7616.25,7617.0,7616.25,7616.5,100
2026-06-15 21:47:00-04:00,7616.75,7618.0,7616.75,7617.75,138
2026-06-15 21:48:00-04:00,7617.75,7618.75,7617.5,7618.0,150
2026-06-15 21:49:00-04:00,7618.25,7618.5,7617.5,7618.0,70
2026-06-15 21:50:00-04:00,7618.25,7618.25,7617.75,7618.25,45
2026-06-15 21:51:00-04:00,7618.0,7618.0,7616.75,7617.0,76
2026-06-15 21:52:00-04:00,7617.5,7617.5,7616.25,7616.75,81
2026-06-15 21:53:00-04:00,7616.75,7616.75,7614.75,7615.75,100
2026-06-15 21:54:00-04:00,7615.75,7615.75,7615.0,7615.75,81
2026-06-15 21:55:00-04:00,7615.75,7615.75,7614.0,7614.5,184
2026-06-15 21:56:00-04:00,7614.5,7616.5,7614.25,7614.75,275
2026-06-15 21:57:00-04:00,7615.0,7615.5,7614.75,7615.0,76
2026-06-15 21:58:00-04:00,7615.25,7615.75,7615.25,7615.5,46
2026-06-15 21:59:00-04:00,7615.5,7616.25,7615.5,7616.25,57
2026-06-15 22:00:00-04:00,7616.25,7617.0,7616.0,7616.75,179
2026-06-15 22:01:00-04:00,7616.75,7616.75,7614.75,7615.5,140
2026-06-15 22:02:00-04:00,7615.75,7616.0,7614.75,7615.0,100
2026-06-15 22:03:00-04:00,7615.0,7616.0,7615.0,7615.5,42
2026-06-15 22:04:00-04:00,7615.5,7615.5,7614.5,7615.0,109
2026-06-15 22:05:00-04:00,7615.25,7615.25,7614.75,7614.75,23
2026-06-15 22:06:00-04:00,7614.75,7616.5,7614.75,7616.5,53
2026-06-15 22:07:00-04:00,7616.5,7617.75,7616.25,7617.25,147
2026-06-15 22:08:00-04:00,7617.0,7618.0,7616.75,7616.75,176
2026-06-15 22:09:00-04:00,7616.25,7616.75,7615.5,7616.25,50
2026-06-15 22:10:00-04:00,7616.0,7616.0,7615.0,7615.0,64
2026-06-15 22:11:00-04:00,7615.25,7615.5,7614.75,7614.75,78
2026-06-15 22:12:00-04:00,7614.75,7615.25,7613.75,7614.5,250
2026-06-15 22:13:00-04:00,7614.5,7615.0,7614.25,7614.5,57
2026-06-15 22:14:00-04:00,7614.25,7615.5,7614.25,7615.5,73
2026-06-15 22:15:00-04:00,7615.25,7616.75,7615.0,7616.75,152
2026-06-15 22:16:00-04:00,7616.5,7618.25,7616.5,7618.0,217
2026-06-15 22:17:00-04:00,7618.0,7618.25,7617.25,7617.25,81
2026-06-15 22:18:00-04:00,7617.0,7617.25,7616.5,7616.75,65
2026-06-15 22:19:00-04:00,7616.75,7617.75,7616.75,7616.75,63
2026-06-15 22:20:00-04:00,7616.75,7617.25,7616.5,7617.0,36
2026-06-15 22:21:00-04:00,7616.75,7617.25,7616.75,7617.0,40
2026-06-15 22:22:00-04:00,7617.0,7617.25,7616.75,7617.25,91
2026-06-15 22:23:00-04:00,7617.5,7618.25,7617.5,7617.75,98
2026-06-15 22:24:00-04:00,7617.75,7617.75,7617.0,7617.0,73
2026-06-15 22:25:00-04:00,7616.75,7617.0,7616.5,7616.75,53
2026-06-15 22:26:00-04:00,7616.75,7617.0,7616.5,7617.0,34
2026-06-15 22:27:00-04:00,7616.75,7617.25,7616.75,7617.0,34
2026-06-15 22:28:00-04:00,7616.75,7617.0,7616.5,7617.0,69
2026-06-15 22:29:00-04:00,7617.25,7617.25,7616.5,7616.5,88
2026-06-15 22:30:00-04:00,7616.75,7617.75,7616.25,7617.5,99
2026-06-15 22:31:00-04:00,7617.5,7618.0,7617.25,7618.0,47
2026-06-15 22:32:00-04:00,7618.25,7619.75,7618.25,7619.5,231
2026-06-15 22:33:00-04:00,7619.25,7619.25,7618.25,7618.25,64
2026-06-15 22:34:00-04:00,7618.5,7619.75,7618.25,7619.25,134
2026-06-15 22:35:00-04:00,7619.25,7620.25,7619.25,7620.0,201
2026-06-15 22:36:00-04:00,7620.25,7621.0,7619.75,7620.0,248
2026-06-15 22:37:00-04:00,7619.75,7620.5,7619.5,7620.5,85
2026-06-15 22:38:00-04:00,7620.25,7620.75,7620.0,7620.0,40
2026-06-15 22:39:00-04:00,7620.25,7620.25,7619.25,7619.5,70
2026-06-15 22:40:00-04:00,7619.25,7619.75,7618.25,7618.5,59
2026-06-15 22:41:00-04:00,7618.5,7618.75,7618.25,7618.75,40
2026-06-15 22:42:00-04:00,7618.75,7619.0,7618.5,7619.0,83
2026-06-15 22:43:00-04:00,7619.0,7619.25,7618.5,7619.0,39
2026-06-15 22:44:00-04:00,7619.0,7619.5,7619.0,7619.5,46
2026-06-15 22:45:00-04:00,7619.5,7619.5,7619.0,7619.25,67
2026-06-15 22:46:00-04:00,7619.0,7619.75,7619.0,7619.75,118
2026-06-15 22:47:00-04:00,7619.75,7620.25,7619.75,7619.75,51
2026-06-15 22:48:00-04:00,7619.75,7620.25,7619.5,7620.25,40
2026-06-15 22:49:00-04:00,7620.0,7620.25,7619.0,7619.25,149
2026-06-15 22:50:00-04:00,7619.25,7619.25,7618.5,7618.75,32
2026-06-15 22:51:00-04:00,7618.5,7619.0,7618.0,7618.25,94
2026-06-15 22:52:00-04:00,7618.5,7618.5,7617.25,7617.25,81
2026-06-15 22:53:00-04:00,7617.25,7617.25,7616.5,7617.0,133
2026-06-15 22:54:00-04:00,7617.25,7617.25,7617.0,7617.0,35
2026-06-15 22:55:00-04:00,7616.75,7617.0,7616.75,7616.75,127
2026-06-15 22:56:00-04:00,7616.5,7616.5,7615.75,7616.5,146
2026-06-15 22:57:00-04:00,7616.75,7618.0,7616.75,7618.0,80
2026-06-15 22:58:00-04:00,7618.0,7618.25,7618.0,7618.25,35
2026-06-15 22:59:00-04:00,7617.75,7618.0,7617.5,7617.5,43
2026-06-15 23:00:00-04:00,7617.75,7618.25,7617.25,7617.25,94
2026-06-15 23:01:00-04:00,7617.5,7617.75,7617.0,7617.5,277
2026-06-15 23:02:00-04:00,7617.25,7618.25,7617.25,7618.25,50
2026-06-15 23:03:00-04:00,7618.25,7618.25,7618.0,7618.25,36
2026-06-15 23:04:00-04:00,7618.25,7618.75,7618.0,7618.75,52
2026-06-15 23:05:00-04:00,7618.5,7619.25,7618.5,7619.0,68
2026-06-15 23:06:00-04:00,7619.0,7620.25,7619.0,7619.75,91
2026-06-15 23:07:00-04:00,7619.75,7620.5,7619.25,7619.5,175
2026-06-15 23:08:00-04:00,7619.5,7620.0,7619.5,7619.5,68
2026-06-15 23:09:00-04:00,7619.5,7619.5,7619.0,7619.0,61
2026-06-15 23:10:00-04:00,7619.25,7619.5,7618.75,7619.0,37
2026-06-15 23:11:00-04:00,7619.0,7619.5,7619.0,7619.0,31
2026-06-15 23:12:00-04:00,7619.0,7619.0,7618.5,7618.75,40
2026-06-15 23:13:00-04:00,7618.75,7619.0,7618.25,7618.25,51
2026-06-15 23:14:00-04:00,7618.25,7618.25,7617.25,7617.75,63
2026-06-15 23:15:00-04:00,7617.5,7618.0,7617.25,7618.0,49
2026-06-15 23:16:00-04:00,7618.0,7618.75,7618.0,7618.75,49
2026-06-15 23:17:00-04:00,7618.75,7619.25,7618.5,7618.5,69
2026-06-15 23:18:00-04:00,7618.5,7619.5,7618.5,7619.5,39
2026-06-15 23:19:00-04:00,7619.25,7620.25,7618.0,7620.25,200
2026-06-15 23:20:00-04:00,7620.0,7621.25,7619.5,7620.5,130
2026-06-15 23:21:00-04:00,7620.75,7621.25,7619.5,7619.75,102
2026-06-15 23:22:00-04:00,7620.0,7620.75,7619.75,7620.25,362
2026-06-15 23:23:00-04:00,7620.25,7621.0,7620.0,7621.0,39
2026-06-15 23:24:00-04:00,7621.25,7622.25,7621.0,7622.0,129
2026-06-15 23:25:00-04:00,7622.0,7623.0,7622.0,7623.0,111
2026-06-15 23:26:00-04:00,7623.0,7623.5,7622.5,7622.5,127
2026-06-15 23:27:00-04:00,7622.5,7622.5,7622.0,7622.0,103
2026-06-15 23:28:00-04:00,7621.75,7622.5,7621.75,7621.75,143
2026-06-15 23:29:00-04:00,7621.75,7622.5,7621.5,7621.75,131
2026-06-15 23:30:00-04:00,7621.5,7622.5,7621.5,7622.0,161
2026-06-15 23:31:00-04:00,7622.0,7622.25,7621.5,7621.75,177
2026-06-15 23:32:00-04:00,7622.0,7622.5,7621.0,7622.25,225
2026-06-15 23:33:00-04:00,7622.5,7624.25,7622.5,7624.25,140
2026-06-15 23:34:00-04:00,7624.25,7624.75,7623.5,7624.5,135
2026-06-15 23:35:00-04:00,7624.75,7627.5,7624.25,7626.25,426
2026-06-15 23:36:00-04:00,7626.25,7626.5,7626.0,7626.0,70
2026-06-15 23:37:00-04:00,7626.0,7626.25,7625.0,7625.0,106
2026-06-15 23:38:00-04:00,7625.25,7626.5,7625.0,7626.25,111
2026-06-15 23:39:00-04:00,7626.0,7627.25,7626.0,7626.75,105
2026-06-15 23:40:00-04:00,7626.5,7627.0,7626.25,7626.75,71
2026-06-15 23:41:00-04:00,7626.75,7627.5,7626.5,7627.0,137
2026-06-15 23:42:00-04:00,7627.0,7627.25,7626.5,7627.25,90
2026-06-15 23:43:00-04:00,7627.25,7627.25,7626.0,7626.5,114
2026-06-15 23:44:00-04:00,7626.25,7627.0,7626.25,7626.5,129
2026-06-15 23:45:00-04:00,7626.5,7626.75,7625.0,7625.25,86
2026-06-15 23:46:00-04:00,7625.25,7625.75,7624.25,7624.25,124
2026-06-15 23:47:00-04:00,7624.5,7624.5,7623.5,7624.5,107
2026-06-15 23:48:00-04:00,7624.25,7624.75,7624.25,7624.25,70
2026-06-15 23:49:00-04:00,7624.0,7624.75,7624.0,7624.75,69
2026-06-15 23:50:00-04:00,7624.5,7625.25,7624.5,7624.75,82
2026-06-15 23:51:00-04:00,7625.0,7625.0,7624.0,7624.0,75
2026-06-15 23:52:00-04:00,7624.0,7624.0,7622.5,7622.75,158
2026-06-15 23:53:00-04:00,7622.75,7623.0,7621.5,7622.25,191
2026-06-15 23:54:00-04:00,7622.0,7622.75,7621.75,7622.0,72
2026-06-15 23:55:00-04:00,7622.0,7622.5,7621.0,7622.5,86
2026-06-15 23:56:00-04:00,7622.5,7622.5,7622.0,7622.0,87
2026-06-15 23:57:00-04:00,7622.0,7622.75,7622.0,7622.75,94
2026-06-15 23:58:00-04:00,7622.75,7622.75,7622.25,7622.25,40
