id,date,source,candidate,type,reference_in_force,convention,wf_roc,wf_sortino,lb_roc,lb_sortino,ref_lb_roc,lb_ratio,verdict_as_printed,dup_of,judgment
L001,2026-09-05,"ORB.md crown-change section (2026-09-05): 'Runner-up ... #239, the #234 config with breakeven 0.8 ... a $94,268 lockbox'","LANE ORB: #239 (#234 + breakeven 0.8 R), leg alone, lockbox $94,268",LANE,ORB #234 (LB not printed beside it),other,,,94268,,,,runner-up on the drought; later Q6 / book_shadow_orb239,,JUDGMENT: a pre-scope (09-05) leg-level LB print of a #234 variant on ORB's own lockbox window; reference LB not in the same line -> ratio blank. Kept in K_lane because the brief has no date cut for lane reads.
L002,2026-09-05,"ORB.md crown-change table (2026-09-05): #314 'lockbox $92,102 at PF 1.561'","LANE ORB: #314 crown (#234's entry with the exits changed: stop 2.5x, target 5.0R, breakeven 0.5R, filters 0.75 / 0.80), leg alone",LANE,ORB #234 (LB not printed beside it),other,,,92102,,,,"PASS on all seven checks; crowned on risk, not money",,"JUDGMENT: #314 is its own validated run rather than a one-knob variant of #234; included in K_lane (flagged) because it is the lane's leg-level read of the seat candidate against #234. The round-7 #325 filter (lockbox $99,844) is on the #314 crown -> not counted."
L003,2026-09-24,RESEARCH_LEDGER.md:2.18 (tools/rocfrontier/rebal_book.py),"BOOK #397 + month-end rebalancing leg (ES, K=5, threshold 2%) x1 contract",ADD,#397,other,,,,,,,"0 of 20 weightings clear the house bar; nearest: lockbox net +3.5%, lockbox drawdown +6.0% vs 5% tolerance -> not a leg",,"JUDGMENT: only this weighting has a printed LB figure (+3.5% LB net, +6.0% LB drawdown, both relative to #397, no ROC) -> lb_ratio left blank per rule; the other 19 weightings are verdict-only ('the lockbox drawdown rises in every one') and are NOT counted (K is a floor). Convention = pre-10r MAR/net on #397 marked to market."
L004,2026-09-25,BOOK_ROUND58_ML.txt:1 + 4 (BOOK.md 10g),#397 FRONTIER as run (ORB #297 + ENGU-Q #335 R2 leg + TTM #369 x3 + NOISE #304),REF,#397,other,97.4,,306.3,,306.3,1.0000,reference (pre ROC 97.4 / lockbox ROC 306.3 at k=1),,"ROC %/yr on $100k at k-scaled size (k set so pre-lockbox DD = $34,449); unadjusted masters."
L005,2026-09-25,BOOK_ROUND58_ML.txt:4 58a (BOOK.md 10g),#397 + NOISE #398 x0.5 (add-on),ADD,#397,other,103.0,,317.2,,306.3,1.0356,fails 3 (15/0 yrs),,
L006,2026-09-25,BOOK_ROUND58_ML.txt:4 58a (BOOK.md 10g) + BOOK.md 10g table,"#397 + NOISE #398 x1 (add-on, 'closest overall')",ADD,#397,other,108.5,,328.2,,306.3,1.0715,misses the drawdown clause (fails 3),,
L007,2026-09-25,BOOK_ROUND58_ML.txt:4 58a (BOOK.md 10g),#397 with NOISE #382 in the NOISE slot (k 0.914),SWAP,#397,other,99.2,,294.9,,306.3,0.9628,fails 1 2 4,,"JUDGMENT: the same swap at own size was printed on 2026-09-24 in BOOK_ROUND56_ROC.txt (LB 327.6 vs 306.3), which is outside the registered source list (pre-10g); this is the first in-scope print."
L008,2026-09-25,BOOK_ROUND58_ML.txt:4 58a (BOOK.md 10g),#397 with NOISE #382 + NOISE #398 x1 (stage-1 pick on pre ROC),COMBO,#397,other,109.1,,314.6,,306.3,1.0271,fails 3,,
L009,2026-09-25,BOOK_ROUND58_ML.txt:4 58a (BOOK.md 10g),#397 with NOISE #382 + its rf CUT in the NOISE slot,SWAP,#397,other,89.3,,264.4,,306.3,0.8632,fails 1 2 4,,ML-gated leg in the seat; typed SWAP (one leg replaced).
L010,2026-09-25,BOOK_ROUND58_ML.txt:4 58a (BOOK.md 10g),#397 with NOISE #382 + its rf HYBRID in the NOISE slot,SWAP,#397,other,91.3,,264.6,,306.3,0.8639,fails 1 2 3 4,,ML-sized leg; arguably SIZE (hybrid = size_norm) - typed SWAP because the slot's run changes too.
L011,2026-09-25,BOOK_ROUND58_ML.txt:4 58a (BOOK.md 10g),#397 + DIP on ES #425 x0.5 (add-on),ADD,#397,other,56.0,,165.1,,306.3,0.5390,fails 1 2 4,,
L012,2026-09-25,BOOK_ROUND58_ML.txt:4 58a (BOOK.md 10g),#397 + DIP on ES #425 x1 (add-on),ADD,#397,other,36.5,,103.8,,306.3,0.3389,fails 1 2 4,,
L013,2026-09-25,BOOK_ROUND58_ML.txt:4 58a (BOOK.md 10g),#397 with ENGU-Q #335 champion + rf CUT in the ENGU-Q slot (NOISE #304),SWAP,#397,other,88.5,,270.6,,306.3,0.8834,fails 1 2 3 4,,
L014,2026-09-25,BOOK_ROUND58_ML.txt:4 58a (BOOK.md 10g),#397 with ENGU-Q #335 champion + rf HYBRID in the ENGU-Q slot (NOISE #304),SWAP,#397,other,71.9,,238.5,,306.3,0.7786,fails 1 2 3 4,,58a scored 60 books; only these 10 candidates are printed - the other 50 are unprinted and NOT counted (K is a floor).
L015,2026-09-25,BOOK_ROUND58_ML.txt:4 58c (BOOK.md 10g) + 7 + BOOK.md 10g table,#397 with NOISE #422 (validated 1.75x compression tilt) in the NOISE slot,SWAP,#397,other,105.7,,322.7,,306.3,1.0535,"misses bar 3 only (LB DD at close $27,955 vs cap $26,625) - owner call",,"JUDGMENT: #422 is #304's own trades re-sized 1.75x on compression, so this is arguably SIZE; typed SWAP because it is a validated run put in the seat (the 10k/10r rows treat it the same way). Re-read on roll-corrected masters as #444 (dup row)."
L016,2026-09-25,BOOK_ROUND58_ML.txt:4 58c (BOOK.md 10g),#397 with NOISE #304 + KEEL v12 (leak-fixed) in the NOISE slot,SIZE,#397,other,89.0,,290.5,,306.3,0.9484,fails 1 2 4,,KEEL v12 is an ML size overlay on the leg -> SIZE (judgment call; could be read as an ML-sized SWAP).
L017,2026-09-25,BOOK_ROUND58_ML.txt:4 58c (BOOK.md 10g),"#397 with NOISE #382 + KEEL v12 (leak-fixed, live Webull cfg) in the NOISE slot",SIZE,#397,other,102.7,,301.8,,306.3,0.9853,fails 2 3 4,,SIZE by the same call; the base leg is also swapped to #382.
L018,2026-09-25,BOOK_ROUND58_ML.txt:4 58c (BOOK.md 10g),#397 with NOISE #304 + KEEL v12 (as shipped) in the NOISE slot,SIZE,#397,other,99.2,,325.3,,306.3,1.0620,fails 1 3 4,,
L019,2026-09-25,BOOK_ROUND58_ML.txt:4 58c (BOOK.md 10g),#397 with NOISE #382 + KEEL v12 (as shipped) in the NOISE slot,SIZE,#397,other,102.9,,299.4,,306.3,0.9775,fails 2 3,,
L020,2026-09-25,BOOK_ROUND58_ML.txt:4 58d (BOOK.md 10g) + 5 + BOOK.md 10g table,#397 with ENGU-Q et@0.55 CUT + NOISE #422 (the 58d book),COMBO,#397,other,103.3,,321.0,,306.3,1.0480,"PASS (every clause, thin margins), then REFUTED by the adversarial check",,PAST PASS '58d'. Two legs changed -> COMBO.
L021,2026-09-25,BOOK_ROUND58_ML.txt:4 58d (BOOK.md 10g),#397 with ENGU-Q et@0.55 CUT + NOISE #304,SWAP,#397,other,95.0,,304.5,,306.3,0.9941,fails 1 2 4,,
L022,2026-09-25,BOOK_ROUND58_ML.txt:4 58d (BOOK.md 10g),#397 with ENGU-Q et@0.55 HYBRID + NOISE #304,SWAP,#397,other,85.9,,279.8,,306.3,0.9135,fails 1 2 4,,
L023,2026-09-25,BOOK_ROUND58_ML.txt:4 58d (BOOK.md 10g),#397 with ENGU-Q et@0.55 HYBRID + NOISE #422,COMBO,#397,other,93.4,,294.6,,306.3,0.9618,fails 1 2 4,,
L024,2026-09-25,"BOOK_ROUND58_ML.txt:5 (adversarial check, 'Is it leverage')",the 58d book with the #422 tilt at the tradable 1.7x (with the ENGU-Q cut),SIZE,#397,other,102.8,,319.9,,306.3,1.0444,FAILS bar 4 (9/15 years),,JUDGMENT: a sizing variant of the 58d book printed against the bar; counted as a SIZE look.
L025,2026-09-25,"BOOK_ROUND58_ML.txt:5 (adversarial check, 'Is it leverage')",the 58d book with the #422 tilt at the tradable 1.8x (with the ENGU-Q cut),SIZE,#397,other,103.9,,322.1,,306.3,1.0516,"FAILS bar 3 (DD $26,666)",,As above.
L026,2026-09-25,"BOOK_ROUND58_ML.txt:5 (adversarial check, 'Is it leverage')",#397 with flat NOISE #304 x1.2 in the NOISE slot (leverage control for the #422 tilt),SIZE,#397,other,93.04,,289.59,,306.3,0.9454,FAIL,,"JUDGMENT: a leverage control, but its LB figure was printed against the bar -> counted as a SIZE look. The roll-step removal, ET day-stamping, boundary-move and 2026-09-24 extension re-reads of the 58d book are re-reads of the same candidate (no rows). 58b's two volatility-dial books printed no LB figure (pre ROC only) -> not counted."
L027,2026-09-25,BOOK_ROUND58_ML.txt:6 (the #335 gate moved onto #397's ENGU-Q leg),"LANE ENGU-Q: run #335's rf@0.45 CUT applied to #397's/#463's ENGU-Q leg (R2 defaults, cost 0.783), leg alone, book view by exit day",LANE,"ENGU-Q leg ungated (LB $107,941)",other,,,14705,,107941,0.1362,"no validated gate exists for that leg (LB $14,705 vs $107,941 ungated)",,"JUDGMENT: leg-level read printed in BOOK_ROUND58_ML.txt (not a lane file); the leg IS #463's ENGU-Q leg, so K_lane. Figures are LB net $, not ROC."
L028,2026-09-25,BOOK_ROUND58_ML.txt:6 (the #335 gate moved onto #397's ENGU-Q leg),"LANE ENGU-Q: run #335's rf@0.45 HYBRID applied to #397's/#463's ENGU-Q leg, leg alone",LANE,"ENGU-Q leg ungated (LB $107,941)",other,,,23762,,107941,0.2201,"LB $23,762 vs $107,941 ungated",,As above (LB net $).
L029,2026-09-25,BOOK_ROUND58_ML.txt:4 58d (the leg's own bake-off),"LANE ENGU-Q: the leg's own chosen gate et@0.55 (5-model x 4-cutoff bake-off on #397's ENGU-Q leg), leg alone, counted by entry date",LANE,"ENGU-Q leg ungated (LB $87,790)",other,,,86040,,87790,0.9801,"LOCKBOX FAILED ($86,040 vs $87,790; DD $47,032 vs $41,889)",,"LB net $, entry-date stamped. ml_evidence.csv rows for TTM #369 (also a #463 leg) print no figure in git -> not counted."
L030,2026-09-26,BOOK.md:10h,#396 (reference),REF,#396,other,98.5,,307.3,,307.3,1.0000,"reference, 8/8 PASS",,"ROC %/yr on $100k at stated size (15.06 y pre / 1.0 y LB), unadjusted masters."
L031,2026-09-26,BOOK.md:10h,#366 (reference),REF,#366,other,92.7,,290.0,,290.0,1.0000,"reference, 8/8 PASS",,
L032,2026-09-26,BOOK.md:10h,#430 = re-run of #417: #396 with NOISE #382 in the NOISE slot,SWAP,#396,other,111.2,,328.7,,307.3,1.0696,8/8 PASS; NOISE-slot choice stays an owner call,,Re-run on roll-corrected masters as #438 (REF per the registered rule).
L033,2026-09-26,BOOK.md:10h,#429 = re-run of #418: #366 with NOISE #382 in the NOISE slot,SWAP,#366,other,105.4,,311.4,,290.0,1.0738,8/8 PASS; owner call,,
L034,2026-09-26,BOOK.md:10h,#431 = re-run of #419: #396 + TTIBS #300 as a fifth leg,ADD,#396,other,123.4,,344.1,,307.3,1.1198,8/8 PASS but the add does not pay for its drawdown (about 65.5 / 182.8 at #396's drawdown),,The broken #417/#418/#419 print no figures in 10h -> no rows.
L035,2026-09-26,BOOK.md:10i,#435 = #366 roll-corrected,REF,#366/#396/#397 (roll-corrected twins),other,84.4,,277.1,,,,"8/8 PASS; ranking restated, no decision",,Context row per the registered rule (#435-#438).
L036,2026-09-26,BOOK.md:10i,#436 = #396 roll-corrected,REF,#366/#396/#397 (roll-corrected twins),other,89.1,,294.4,,,,"8/8 PASS; ranking restated, no decision",,Context row per the registered rule (#435-#438).
L037,2026-09-26,BOOK.md:10i,#437 = #397 roll-corrected,REF,#366/#396/#397 (roll-corrected twins),other,88.1,,293.3,,,,"8/8 PASS; ranking restated, no decision",,Context row per the registered rule (#435-#438).
L038,2026-09-26,BOOK.md:10i,#438 = #430 roll-corrected,REF,#366/#396/#397 (roll-corrected twins),other,101.9,,315.7,,,,"8/8 PASS; ranking restated, no decision",,"Context row per the registered rule (#435-#438). JUDGMENT: #438 is the #430 candidate (NOISE #382 swap) on corrected masters; the rule names it a REF, so it is not a look."
L039,2026-09-26,BOOK.md:10j,#440 = #436 + DIP on ES #432 at $100k notional (seat),ADD,#436,other,112.1,4.07,327.2,6.99,294.4,1.1114,FAIL - both drawdown clauses,,
L040,2026-09-26,BOOK.md:10j,#439 = #436 + DIP on ES #432 at $50k notional (seat),ADD,#436,other,100.7,4.23,310.3,6.64,294.4,1.0540,FAIL - whole-run drawdown,,
L041,2026-09-26,BOOK.md:10j,#441 = DIP on ES $100k + DIP on NQ $100k (its own two-leg book),COMBO,#436,other,59.9,2.32,70.5,5.14,294.4,0.2395,not gated (24.8 / 29.2 at #436's drawdown),,JUDGMENT: a standalone candidate book whose LB was printed in the reference table -> counted (COMBO).
L042,2026-09-26,"NOISE.md '2026-09-26 - ROUND 61' (#422 NOISE-55 bar MET; tape to 2026-09-16, #422's stretches)","LANE NOISE #422 (#463's NOISE leg) sealed year vs the crown #304: $65,470 vs $50,081 at DD $20,992 vs $19,423, MAR 3.12 vs 2.58; vs #382's cell LB 67.2 %/yr vs 72.4",REF,NOISE #304 / #382,other,49.6,4.49,67.2,3.34,,,"pre-registered bar MET (validate PASS, overfit 0.19)",,"Lane reference context for #422 (its own validate read; LB window = the validate's 12 months to 2026-07-16). The late-fill stress read (#422 LB MAR 3.20 -> 3.19) is a stress test, not a candidate -> not counted."
L043,2026-09-27,BOOK.md:10k (round 60),"#445 = #437 with TTM = run #428's cell (roll guard, entry cutoff 5)",SWAP,#437,other,87.6,4.02,295.6,6.37,293.3,1.0078,no bar (the TTM chat's leg call),,"Also printed as V428 in docs/BOOK_397_ADOPTION_STAGED.md section 5 (same lane, same figures)."
L044,2026-09-27,BOOK.md:10k (round 60),#444 = #437 with NOISE = run #422 (1.75x compression tilt),SWAP,#437,other,96.4,4.21,309.8,6.48,293.3,1.0563,"MISSES clause 3 only, by $767 (LB DD at close $27,955 vs cap $27,188)",L015,PAST PASS '#444'. JUDGMENT: the same candidate as 58c's '#422 in #397's NOISE slot' re-run on the roll-corrected masters by the same lane -> recorded as a dup; the alternative count (data-basis re-runs as looks) is given in LOOKS_COUNT.md.
L045,2026-09-27,BOOK.md:10k (round 60),#446 = #437 with NOISE = run #382 (2x tilt),SWAP,#437,other,100.9,4.04,314.7,5.97,293.3,1.0730,"MISSES clause 3, both readings (at scale 0.973: 98.1 / 306.1)",L007,JUDGMENT: same candidate as 58a's '#382 in #397's NOISE slot' on corrected masters -> dup (same call as #444).
L046,2026-09-27,BOOK.md:10k (round 60b),#449 = #436 with NOISE #422 in the NOISE slot,SWAP,#436,other,97.5,4.18,310.8,6.42,294.4,1.0557,CLEARS all four clauses (15 of 15 years),,PAST PASS '#449' (the adoption read; became #463 on the fixed TTM files). Distinct from #444: different base book (#396 vs #397 lineage).
L047,2026-09-27,BOOK.md:10k (round 60b),#448 = #435 with TTM = R347 (the #428 roll-guard cell sized 3 / 4 / 7 whole ES contracts),SWAP,#435,other,88.8,4.01,293.8,6.25,277.1,1.0603,no bar (TTM chat's leg call),,Arguably SIZE (same mechanism re-sized); typed SWAP because the cell changes (#369 -> #428).
L048,2026-09-27,BOOK.md:10k (round 60b),#450 = #437 with TTM = R347,SWAP,#437,other,87.8,4.03,292.7,6.31,293.3,0.9980,no bar (TTM chat's leg call),,Also printed as V428_347 in docs/BOOK_397_ADOPTION_STAGED.md section 5.
L049,2026-09-27,docs/BOOK_397_ADOPTION_STAGED.md:5 (linked from BOOK.md 10k),V347 = #437 with its TTM #369 cell at 3 / 4 / 7 whole contracts instead of 3 / 4.5 / 6.75,SIZE,#437,other,88.3,4.00,290.7,6.26,293.3,0.9911,"'an execution detail, not a decision' (+0.2 pre, -2.6 lockbox)",,JUDGMENT: source is not in the registered list but is linked from BOOK.md 10k; a leg-level contract-rounding rule printed against #437 -> SIZE look.
L050,2026-09-27,"BOOK.md:10l (round 61 grid of 18; common windows WF 2016-10-17..2025-06-13, LB 2025-08-14..2026-06-24)",#449 (reference; LB ROC as run 295.0 / at the WF $30k size 197.3),REF,#449,other,104.0,4.12,197.3,4.53,197.3,1.0000,reference,,ROC %/yr at a $30k drawdown valued daily on the round-61 SUB-WINDOW (not the full lockbox year); lb_roc = the at-$30k figure the bar used.
L051,2026-09-27,"BOOK.md:10l (round 61 grid of 18; common windows WF 2016-10-17..2025-06-13, LB 2025-08-14..2026-06-24)",#437 (reference),REF,#449,other,99.7,3.83,198.8,4.35,197.3,1.0076,reference,,
L052,2026-09-27,"BOOK.md:10l (round 61 grid of 18; common windows WF 2016-10-17..2025-06-13, LB 2025-08-14..2026-06-24)",#435 (reference),REF,#449,other,97.0,3.70,187.4,4.05,197.3,0.9498,reference,,
L053,2026-09-27,"BOOK.md:10l (round 61 grid of 18; common windows WF 2016-10-17..2025-06-13, LB 2025-08-14..2026-06-24)",round-61 best: best of the 18-book grid = NOISE #422 raw + ORB #257 raw + ENGU-Q book leg + TTM #368 KEEL x3 (LB as run 402.9),COMBO,#449,other,148.3,5.24,284.6,6.19,197.3,1.4425,"misses clause (4) (LB DD at the WF-matched size $33,098, +9.8%)",,PAST PASS 'round-61 best'. Its TTM #368 KEEL leg is not roll-safe (BOOK.md 10l).
L054,2026-09-27,"BOOK.md:10l (round 61 grid of 18; common windows WF 2016-10-17..2025-06-13, LB 2025-08-14..2026-06-24) + persisted run #456","#456 = the same with TTM #455 (best roll-safe, rank 2) (LB as run 282.5)",COMBO,#449,other,147.2,4.32,258.4,4.36,197.3,1.3097,misses clause (4) (+41% LB DD at the matched size); as run #456 on the standard window 99.1 / 293.1 vs #449 310.8,,"The standard-window persisted run (#456: 293.1 vs 310.8 -> 0.941) is the same candidate; recorded here, not as a second row."
L055,2026-09-27,BOOK.md:10l ('The ML legs add nothing in the book at matched drawdown' - each ML leg swapped for its raw twin inside the best book),best book with ORB = #314 HYBRID DD tree (ML) instead of #257 raw,COMBO,#449,other,137.4,,283.4,,197.3,1.4364,adds nothing (283.4 vs 284.2 raw),,"JUDGMENT: reference LB (197.3) is the section's table reference, not the same bullet; LB at the WF $30k size on the sub-window. One of the 18 grid books."
L056,2026-09-27,BOOK.md:10l ('The ML legs add nothing in the book at matched drawdown' - each ML leg swapped for its raw twin inside the best book),best book with ORB = #314 raw (the tree's raw twin),COMBO,#449,other,145.8,,284.2,,197.3,1.4404,raw twin of the tree read,,As above.
L057,2026-09-27,BOOK.md:10l ('The ML legs add nothing in the book at matched drawdown' - each ML leg swapped for its raw twin inside the best book),best book with ENGU-Q = #335 champion HYBRID DD rf (ML),COMBO,#449,other,80.8,,129.4,,197.3,0.6559,adds nothing (129.4 vs 164.9 raw); stored hybrid lockbox overstates a frozen gate by 24%,,As above.
L058,2026-09-27,BOOK.md:10l ('The ML legs add nothing in the book at matched drawdown' - each ML leg swapped for its raw twin inside the best book),best book with ENGU-Q = #335 champion raw,COMBO,#449,other,97.3,,164.9,,197.3,0.8358,raw twin of the rf read,,As above.
L059,2026-09-27,BOOK.md:10l ('The ML legs add nothing in the book at matched drawdown' - each ML leg swapped for its raw twin inside the best book),best book with TTM = #368 raw (KEEL's raw twin),COMBO,#449,other,149.8,,256.6,,197.3,1.3006,KEEL higher in the lockbox (284.6 vs 256.6) but only on 11 trades,,"As above. 7 of the 18 grid books have a printed LB figure (best, #456, these 5); the other 11 are unprinted (median WF only) and NOT counted. 'DIP #452 added to the best book' printed WF only (148.3 -> 87.9) -> not counted."
L060,2026-09-27,"BOOK.md:10l ('DIP on ES #452 as a seat', vs #436, standard window)",#453 = #436 + DIP on ES #452 at $100k (seat),ADD,#436,other,121.6,,318.6,,294.4,1.0822,"FAIL (whole-run DD $111,845 vs cap $48,364; LB DD $29,536 vs $28,881)",,"JUDGMENT: #452 is the roll-corrected re-validate of #432, so this is a different leg run from #440 (counted as its own look); arguable dup of b440."
L061,2026-09-27,"BOOK.md:10l ('DIP on ES #452 as a seat', vs #436)",#454 = #436 + DIP on ES #452 at $50k (seat),ADD,#436,other,105.5,,306.3,,294.4,1.0404,"FAIL (whole-run DD $77,511)",,Arguable dup of b439 (same call as #453).
L062,2026-09-27,"BOOK.md:10l addendum B (NOISE sizing legs on #456's legs; WF 2016-07-13..2025-06-13, LB 2025-08-14..2026-06-29)",#449 itself (reference; LB as run 293.3 / at the WF $30k size 196.2),REF,#449,other,101.5,4.14,196.2,,196.2,1.0000,reference,,
L063,2026-09-27,"BOOK.md:10l addendum B (NOISE sizing legs on #456's legs; WF 2016-07-13..2025-06-13, LB 2025-08-14..2026-06-29)",#456's legs with NOISE = #422 raw (= #456; LB as run 280.9),COMBO,#449,other,143.6,4.34,256.9,,196.2,1.3094,misses (4),L054,Dup: the same #456 re-read on addendum B's slightly different windows.
L064,2026-09-27,"BOOK.md:10l addendum B (NOISE sizing legs on #456's legs; WF 2016-07-13..2025-06-13, LB 2025-08-14..2026-06-29)","#456's legs with NOISE #422 + the fixed tilts (compression 1.5x, Friday 1.5x, half size before Fed statements, cap 3) (LB as run 315.1)",SIZE,#449,other,158.1,4.80,279.8,,196.2,1.4261,misses (4) vs #449 at the matched size; BEATS #456; at own size beats #449 on every read (LB 315.1 vs 293.3),,Leg-level sizing package on the NOISE leg -> SIZE. Persisted as run #457 (dup row). The tilts were chosen reading #243/#304's lockbox (flagged in 10l).
L065,2026-09-27,"BOOK.md:10l addendum B (NOISE sizing legs on #456's legs; WF 2016-07-13..2025-06-13, LB 2025-08-14..2026-06-29)",#456's legs with NOISE #422 + KEEL 7-seed (LB as run 300.5),SIZE,#449,other,168.0,4.81,266.1,,196.2,1.3563,misses (4) vs #449; BEATS #456; adds nothing on the ORB #314 base,,SIZE (ML size overlay). The ORB #314-base reads printed WF only -> not counted.
L066,2026-09-27,"BOOK.md:10l addendum B (NOISE sizing legs on #456's legs; WF 2016-07-13..2025-06-13, LB 2025-08-14..2026-06-29)",#456's legs with NOISE #382 + the fixed tilts (LB as run 323.5),SIZE,#449,other,148.3,4.72,256.7,,196.2,1.3084,misses (4) vs #449; misses (1)(3) vs #456,,SIZE by the same call; the base NOISE leg is also swapped (#382).
L067,2026-09-27,"BOOK.md:10l ('Persisted as run #457', standard window)",#457 = #456's legs with the NOISE #422 leg carrying the paper compression gate (= addendum B's #422 + fixed tilts),SIZE,#449,other,112.3,,322.9,,310.8,1.0389,"a test, not an adoption; LB DD at close 9% deeper than #449's",L064,Dup: the same candidate persisted on the standard window (vs #449's 310.8). Addendum C (lockbox concentration) re-reads only REF/dup books -> no rows.
L068,2026-09-27,ENGUQ.md '2026-09-27 - the hold cap on roll-corrected prices',"LANE ENGU-Q: hold cap 8,740 bars on the crown's defaults cell (best of 5 failing caps 6,900 / 7,820 / 8,280 / 8,740 / 9,660)",LANE,"ENGU-Q crown defaults cell (ADJ tape, cost 0.533)",other,,,112565,,,,FAIL (clause a: sealed year ex-top-10 PF 0.548-0.585 < 1.0; clause c),,"JUDGMENT: only cap 8,740's sealed net ($112,565) is printed numerically; the other four caps print a PF range only -> 1 LANE look counted, 4 verdict-only. Reference LB not printed in the same paragraph -> ratio blank."
L069,2026-09-27,NOISE.md '2026-09-27 - ROUND 62: NOISE #422 + KEEL v12 is sound' (ROC on $100k at one contract; #422's stretches),LANE NOISE: #422 + KEEL v12 stack (default seed; three seeds 123-152 %/yr LB),LANE,NOISE #422 alone (LB 67.2 %/yr in the round-61 section),other,82.9,5.04,122.6,4.41,,,"sound (the double count is not a defect); 'mostly leverage' - adds WF ROC, lowers WF MAR 2.82 -> 2.60",,JUDGMENT: #422-alone LB is printed in a different section (67.2) -> ref left blank per the same-table rule. Three seeds = one candidate.
L070,2026-09-27,NOISE.md '2026-09-27 - ROUND 62: NOISE #422 + KEEL v12 is sound' (ROC on $100k at one contract; #422's stretches),LANE NOISE: #422 + KEEL v12 with KEEL's squeeze multiplier taken OUT (three seeds),LANE,#422 + KEEL v12 (LB 123-152 %/yr),other,,,,,,,worse on money and return per drawdown at every seed (LB 98-116 %/yr at MAR 3.62-4.40 vs 123-152 at 3.99-5.18),,LB printed as a range over three seeds (98-116) -> lb_roc left blank; counted as one LANE look (figure printed).
L071,2026-09-27,"NOISE.md '2026-09-27 - ROUND 62' RESULT - NOISE #447 (NOISE-56, CT422V), continuous replay at skip 95","LANE NOISE: #422's cell with the vol-skip memory at 68 prior sessions (live engine's window), skip 95",LANE,NOISE #422 (252 sessions; sealed-year PF 1.319),other,,,,,,,"bar MET (non-inferiority): sealed-year PF 1.427 vs 1.319 (WF 1.507 vs 1.499), drawdown identical",,"LB figure is a profit factor (1.427 vs 1.319 -> 1.08x), not ROC -> lb_roc blank. 9 fenced cells; only the 68 / 160 / 252 cells at skip 95 are printed (6 unprinted)."
L072,2026-09-27,"NOISE.md '2026-09-27 - ROUND 62' RESULT - NOISE #447 (NOISE-56, CT422V), continuous replay at skip 95","LANE NOISE: #422's cell with the memory at 160 sessions, skip 95",LANE,NOISE #422 (252 sessions; sealed-year PF 1.319),other,,,,,,,sealed-year PF 1.416 vs 1.319 (WF 1.512 vs 1.499),,As above.
L073,2026-09-28,BOOK.md:10m (re-run on the FIXED TTM files),#463 = #449 on the fixed legs (reference),REF,#463,other,90.2,,273.8,5.65,273.8,1.0000,reference (clause 5 base),,
L074,2026-09-28,BOOK.md:10m (re-run on the FIXED TTM files),"#461 = #437 (= #397, staged) on the fixed legs",REF,#463,other,80.8,,256.3,5.51,273.8,0.9361,FAIL clause 5 vs #449,,
L075,2026-09-28,BOOK.md:10m (re-run on the FIXED TTM files),"#460 = #435 (= #366, adopted) on the fixed legs",REF,#463,other,79.4,,252.1,5.32,273.8,0.9207,FAIL clause 5 vs #449,,
L076,2026-09-28,BOOK.md:10m (re-run on the FIXED TTM files),#466 = #457 (#456 + NOISE fixed tilts) on the fixed TTM files,SIZE,#463,other,105.2,,284.5,5.53,273.8,1.0391,"PASS clause 5; leads every read, tilts not clean",L064,Dup: bug-fix re-run of #457.
L077,2026-09-28,BOOK.md:10m (re-run on the FIXED TTM files),#462 = #456 on the fixed TTM files,COMBO,#463,other,92.0,,254.7,5.26,273.8,0.9302,PASS clause 5,L054,Dup: bug-fix re-run of #456.
L078,2026-09-28,BOOK.md:10m (re-run on the FIXED TTM files),#465 = #450 (#397 + TTM R347) on the fixed files,SWAP,#463,other,80.6,,254.4,5.48,273.8,0.9291,PASS clause 5,L048,Dup: bug-fix re-run of #450.
L079,2026-09-28,BOOK.md:10m (re-run on the FIXED TTM files),#464 = #448 (#366 + TTM R347) on the fixed files,SWAP,#463,other,81.7,,255.4,5.43,273.8,0.9328,PASS clause 5,L047,Dup: bug-fix re-run of #448.
L080,2026-09-28,"BOOK.md:10n (adoption; ROC at a $30k drawdown valued daily, pre-lockbox / lockbox)",#463 = #449 ADOPTED (as run 90.2 / 273.8),REF,#463,old,60.3,3.15,164.8,4.15,164.8,1.0000,"ADOPTED; LB net without its biggest trade $182,457",,OLD $30k convention; the 'WF' column here is the whole pre-lockbox stretch at $30k.
L081,2026-09-28,"BOOK.md:10n (adoption; ROC at a $30k drawdown valued daily, pre-lockbox / lockbox)",#468 = #463 with TTM #458 (roll-safe cell sized 3 / 4 / 7 ES) in place of #459 x3 (as run 90.0 / 271.9),SWAP,#463,old,72.1,3.18,163.6,4.12,164.8,0.9927,"holds the drawdown, misses on return (163.6 vs 164.8 at $30k) - #463 adopted as is",,"One of the ten calibration reads. Arguably SIZE (same mechanism, roll-safe cell re-sized); typed SWAP because the cell (#455/#458) differs from #459."
L082,2026-09-28,"BOOK.md:10n (adoption; ROC at a $30k drawdown valued daily, pre-lockbox / lockbox)",#460 = #366 re-run (previous book),REF,#463,old,57.1,2.88,151.7,3.85,164.8,0.9205,#463 better on every read,,Context row per the rule.
L083,2026-09-28,"BOOK.md:10o (round 62; WF 2016-07-01..2025-06-29, LB 2025-06-30..2026-06-30; old $30k convention)",#463 raw twin (reference),REF,#463,old,92.7,3.82,164.8,4.15,164.8,1.0000,reference,,
L084,2026-09-28,"BOOK.md:10o (round 62; WF 2016-07-01..2025-06-29, LB 2025-06-30..2026-06-30; old $30k convention)",V: book vol target fixed in dollars from IS (clip 0.5-2.0; size sat on the 0.5 floor),SIZE,#463,old,95.8,3.87,164.8,4.15,164.8,1.0000,"FAIL (lockbox exactly x0.5, ROC at $30k unchanged)",,
L085,2026-09-28,"BOOK.md:10o (round 62; WF 2016-07-01..2025-06-29, LB 2025-06-30..2026-06-30; old $30k convention)","V2: book vol target vs its own trailing year (20-day vol / median of prior 250 days, clip 0.5-2.0)",SIZE,#463,old,116.1,3.91,259.3,4.79,164.8,1.5734,PASS both stretches; a tail hedge (two episodes); not adopted -> nightly VT shadow,,PAST PASS 'V2'. Re-read under the unified convention in RISK r1 (ledger 2.47: P3 reproduces 116.12 / 259.28) and by the VT shadow line -> no new rows.
L086,2026-09-28,"BOOK.md:10o (round 62; WF 2016-07-01..2025-06-29, LB 2025-06-30..2026-06-30; old $30k convention)","V2-500: V2 sensitivity, 500-day reference",SIZE,#463,old,111.9,3.92,239.5,4.70,164.8,1.4533,PASS,,PAST PASS 'V2-500'.
L087,2026-09-28,"BOOK.md:10o (round 62; WF 2016-07-01..2025-06-29, LB 2025-06-30..2026-06-30; old $30k convention)","V2-60: V2 sensitivity, 60-day lookback",SIZE,#463,old,123.3,3.76,203.5,4.10,164.8,1.2348,FAIL (misses lockbox Sortino 4.10 vs 4.15),,
L088,2026-09-28,"BOOK.md:10o (round 62; WF 2016-07-01..2025-06-29, LB 2025-06-30..2026-06-30; old $30k convention)",O: ORB x NOISE same-direction overlap trades at half size,SIZE,#463,old,87.4,3.61,146.9,3.64,164.8,0.8914,FAIL,,The overlap diagnostic that motivated AG had a same-bar look-ahead (10r); the O verdict stands.
L089,2026-09-28,"BOOK.md:10o (round 62; WF 2016-07-01..2025-06-29, LB 2025-06-30..2026-06-30; old $30k convention)",O sensitivity: skip the overlap trades entirely,SIZE,#463,old,81.5,3.29,126.7,3.02,164.8,0.7688,FAIL,,"JUDGMENT: a skip rule (size 0 on a subset) typed SIZE, as the registered type list has no FILTER type."
L090,2026-09-28,"ENGUQ.md '2026-09-28 - ENGU-Q #335 restated' + 'owner decisions, the new house yardstick'","LANE ENGU-Q #335 paper / NinjaTrader cell (#463's ENGU-Q leg), roll-corrected, sealed year 116 trades / $74,869, DD valued daily $50,485",REF,ENGU-Q #335 paper cell,unified,26.6,,47.4,,47.4,1.0000,"sealed year fails the ex-biggest-trade minimum (-$16,283); 'no longer counts as evidence'",,Lane reference context (not a candidate).
L091,2026-09-28,"ENGUQ.md '2026-09-28 - ENGU-Q #335 restated' + 'owner decisions, the new house yardstick'",LANE ENGU-Q: the rf HYBRID gate on the paper cell (leg alone),LANE,"ENGU-Q #335 paper cell (sealed +$74,869)",other,,,-17067,,74869,-0.2280,"the gate turns a sealed +$74,869 into -$17,067 ('hurts the cell that is traded')",,"LB net $. The same gate on the validate champion cell (+$110,209 at 2.4 contracts) is not #463's leg -> not counted."
L092,2026-09-28,"ENGUQ.md '2026-09-28 - round 62, the cash-session entry window' (raw twin LB 44.4 / 3.38)","LANE ENGU-Q: R62 cash-session gate S1 (entries 09:30-16:00 ET), leg alone",LANE,ENGU-Q raw twin (LB 44.4),unified,33.2,3.59,62.6,5.70,44.4,1.4099,"FAILS its pre-registered bar (2 of 6 clauses: WF Sortino, LB ex-biggest -$2,567); forward shadow ENGUQ_335_S1",,Leg-level read of the Q3 candidate by its own lane (the book-level read is Q3 / #475).
L093,2026-09-28,"ENGUQ.md '2026-09-28 - round 62, the cash-session entry window' (raw twin LB 44.4 / 3.38) plateau table ('reported and never selected from')","LANE ENGU-Q: entry window 09:00-16:00, leg alone",LANE,ENGU-Q raw twin (LB 44.4),unified,31.4,3.41,56.1,5.06,44.4,1.2635,"plateau row, reported; LB ex-biggest -$10,105",,Plateau rows printed with LB figures against the raw twin -> LANE looks. S2's book-level read is in MDL r1 (its own row).
L094,2026-09-28,"ENGUQ.md '2026-09-28 - round 62, the cash-session entry window' (raw twin LB 44.4 / 3.38) plateau table ('reported and never selected from')","LANE ENGU-Q: entry window 10:00-16:00, leg alone",LANE,ENGU-Q raw twin (LB 44.4),unified,27.3,3.14,50.6,4.92,44.4,1.1396,"plateau row, reported; LB ex-biggest -$9,236",,Plateau rows printed with LB figures against the raw twin -> LANE looks. S2's book-level read is in MDL r1 (its own row).
L095,2026-09-28,"ENGUQ.md '2026-09-28 - round 62, the cash-session entry window' (raw twin LB 44.4 / 3.38) plateau table ('reported and never selected from')","LANE ENGU-Q: entry window 09:30-15:00, leg alone",LANE,ENGU-Q raw twin (LB 44.4),unified,36.3,3.59,35.7,4.42,44.4,0.8041,"plateau row, reported; LB ex-biggest -$22,966",,Plateau rows printed with LB figures against the raw twin -> LANE looks. S2's book-level read is in MDL r1 (its own row).
L096,2026-09-28,"ENGUQ.md '2026-09-28 - round 62, the cash-session entry window' (raw twin LB 44.4 / 3.38) plateau table ('reported and never selected from')","LANE ENGU-Q: entry window 09:30-16:30, leg alone",LANE,ENGU-Q raw twin (LB 44.4),unified,33.5,3.60,58.4,4.98,44.4,1.3153,"plateau row, reported; LB ex-biggest -$8,452",,Plateau rows printed with LB figures against the raw twin -> LANE looks. S2's book-level read is in MDL r1 (its own row).
L097,2026-09-28,"ENGUQ.md '2026-09-28 - round 62, the cash-session entry window' (raw twin LB 44.4 / 3.38) plateau table ('reported and never selected from')","LANE ENGU-Q: entry window 08:00-17:00 (= S2, the volume-defined window), leg alone",LANE,ENGU-Q raw twin (LB 44.4),unified,30.5,3.40,72.3,5.55,44.4,1.6284,"plateau row, reported; LB ex-biggest +$773 - 'not a pass and not recorded as one'",,Plateau rows printed with LB figures against the raw twin -> LANE looks. S2's book-level read is in MDL r1 (its own row).
L098,2026-09-29,BOOK.md:10p (TTM sleeve as a book test; old $30k convention),#463 (adopted; reference),REF,#463,old,92.7,3.82,164.3,4.15,164.3,1.0000,"reference; LB without its biggest trade $182,457",,"Note the reference prints 164.3 here and in 10q, 164.8 in 10n/10o (same convention, as printed)."
L099,2026-09-29,BOOK.md:10p (TTM sleeve as a book test; old $30k convention),#469 = TTM 4-cell sleeve (ES 30m / ES 15m / NQ 30m / NQ 15m at #299's settings) IN PLACE of TTM x3,SWAP,#463,old,82.9,3.90,149.1,3.89,164.3,0.9075,FAIL (loses ROC at $30k in both stretches),,Calibration read.
L100,2026-09-29,BOOK.md:10p (TTM sleeve as a book test; old $30k convention),#470 = the sleeve ADDED as a fifth component,ADD,#463,old,82.6,4.08,166.9,4.37,164.3,1.0158,"FAIL (wins the lockbox and Sortino, loses WF ROC at $30k: pre DD $56,477)",,Calibration read. The KEEL shadow (#463 with TTM #458 x KEEL v12) printed no backtest LB figure in git -> not counted; VT = V2 (dup).
L101,2026-09-30,BOOK.md:10q (old $30k convention; re-scored in 10r),Q1a ORB #314 in the ORB seat (run #473) - old convention print,SWAP,#463,old,124.1,3.95,156.1,3.95,164.3,0.9501,FAIL,L113,Dup: the same candidate under the old convention (10q); verdicts unchanged by the 10r re-score.
L102,2026-09-30,BOOK.md:10q (old $30k convention; re-scored in 10r),Q1b ORB #257 in the ORB seat (run #474) - old convention print,SWAP,#463,old,107.3,3.93,155.2,3.89,164.3,0.9446,FAIL,L114,Dup: the same candidate under the old convention (10q); verdicts unchanged by the 10r re-score.
L103,2026-09-30,BOOK.md:10q (old $30k convention; re-scored in 10r),Q2 NOISE #398 (hourly squeeze filter) in the NOISE seat (run #472) - old convention print,SWAP,#463,old,68.6,3.30,181.1,3.75,164.3,1.1023,FAIL,L115,Dup: the same candidate under the old convention (10q); verdicts unchanged by the 10r re-score.
L104,2026-09-30,BOOK.md:10q (old $30k convention; re-scored in 10r),Q2ctx NOISE #304 raw in the NOISE seat (run #471) - old convention print,SWAP,#463,old,84.0,3.54,154.4,3.94,164.3,0.9397,context,L116,Dup: the same candidate under the old convention (10q); verdicts unchanged by the 10r re-score.
L105,2026-09-30,BOOK.md:10q (old $30k convention; re-scored in 10r),Q3 ENGU-Q cash-session gate S1 in the ENGU-Q seat (run #475) - old convention print,SWAP,#463,old,83.5,3.89,198.5,4.61,164.3,1.2082,FAIL,L117,Dup: the same candidate under the old convention (10q); verdicts unchanged by the 10r re-score.
L106,2026-09-30,BOOK.md:10q (old $30k convention; re-scored in 10r),"Q4 ORB #314 + ENGU-Q gate S1 together, post-hoc (run #476) - old convention print",COMBO,#463,old,109.6,4.03,187.6,4.37,164.3,1.1418,PASS,L118,Dup: the same candidate under the old convention (10q); verdicts unchanged by the 10r re-score.
L107,2026-09-30,BOOK.md:10q (old $30k convention; re-scored in 10r),Q5 + ENGU-Q on ES #442 as a fifth leg (run #477) - old convention print,ADD,#463,old,98.4,3.49,185.7,3.68,164.3,1.1302,FAIL,L119,Dup: the same candidate under the old convention (10q); verdicts unchanged by the 10r re-score.
L108,2026-09-30,"ORB_ROUND63_BOOK463_LEG.md (ORB lane; WF 2016-07-13..2025-06-29, LB 2025-06-30..2026-06-30; #234 incumbent 94.0 / 3.88 / 155.5 / 4.22)",ORB lane re-read: #314 (crown) in #463's ORB seat,SWAP,#463 (#234 incumbent),unified,125.7,4.02,147.3,4.02,155.5,0.9473,FAIL - lockbox lower,L113,Dup: re-read of Q1a by another lane (same candidate).
L109,2026-09-30,"ORB_ROUND63_BOOK463_LEG.md (ORB lane; WF 2016-07-13..2025-06-29, LB 2025-06-30..2026-06-30; #234 incumbent 94.0 / 3.88 / 155.5 / 4.22)",ORB lane re-read: #257 (money pick) in #463's ORB seat,SWAP,#463 (#234 incumbent),unified,108.7,3.99,146.3,3.96,155.5,0.9408,FAIL - lockbox lower,L114,Dup: re-read of Q1b by another lane.
L110,2026-09-30,"ORB_ROUND63_BOOK463_LEG.md (ORB lane; WF 2016-07-13..2025-06-29, LB 2025-06-30..2026-06-30; #234 incumbent 94.0 / 3.88 / 155.5 / 4.22)",ORB lane read: #239 (breakeven 0.8) in #463's ORB seat,SWAP,#463 (#234 incumbent),unified,101.9,3.90,158.7,4.31,155.5,1.0206,"PASS (narrowly) - 'recommendation for an owner call, not an adoption'",L120,"Dup: the ORB lane printed this on 09-30, the Frontier lane as Q6 / #478 on 10-01; one candidate, recorded once (Frontier row primary because the registered calibration set names Q6 from 10r)."
L111,2026-09-30,"ENGUQ.md '2026-09-30 - round 65, distance below the recent high' (raw twin LB 44.4 / 3.38)","LANE ENGU-Q: signal close within max_room_atr of the prior 1,380-bar high (pre-registered arm), leg alone",LANE,ENGU-Q raw twin (LB 44.4),unified,22.8,3.65,55.1,3.90,44.4,1.2410,"FAIL (3 clauses); sealed net $74,869 -> $72,708; ex-biggest -$18,746",,The 4 / 6 / 12 / 16 ATR plateau is 'reported in the harness output' only -> not counted.
L112,2026-10-01,BOOK.md:10r (unified convention; first printed in 10q on 2026-09-30 under the old convention),"#463 (reference, unified: WF 93.8 / 3.82 / DD $44,849; LB 155.5 / 4.15 / DD $49,855; LB without its biggest trade $167,144)",REF,#463,unified,93.8,3.82,155.5,4.15,155.5,1.0000,reference,,
L113,2026-10-01,BOOK.md:10r (unified convention; first printed in 10q on 2026-09-30 under the old convention),Q1a ORB #314 in the ORB seat (run #473),SWAP,#463,unified,125.6,3.95,147.3,3.95,155.5,0.9473,FAIL,,Calibration read (one of the ten). First printed 2026-09-30 in 10q (old convention: 124.1 / 3.95; LB 156.1 / 3.95 vs 164.3) - recorded as a dup row; one candidate = one look.
L114,2026-10-01,BOOK.md:10r (unified convention; first printed in 10q on 2026-09-30 under the old convention),Q1b ORB #257 in the ORB seat (run #474),SWAP,#463,unified,108.5,3.93,146.3,3.89,155.5,0.9408,FAIL,,Calibration read (one of the ten). First printed 2026-09-30 in 10q (old convention: 107.3 / 3.93; LB 155.2 / 3.89 vs 164.3) - recorded as a dup row; one candidate = one look.
L115,2026-10-01,BOOK.md:10r (unified convention; first printed in 10q on 2026-09-30 under the old convention),Q2 NOISE #398 (hourly squeeze filter) in the NOISE seat (run #472),SWAP,#463,unified,69.6,3.30,169.0,3.75,155.5,1.0868,FAIL,,Calibration read (one of the ten). First printed 2026-09-30 in 10q (old convention: 68.6 / 3.30; LB 181.1 / 3.75 vs 164.3) - recorded as a dup row; one candidate = one look.
L116,2026-10-01,BOOK.md:10r (unified convention; first printed in 10q on 2026-09-30 under the old convention),Q2ctx NOISE #304 raw in the NOISE seat (run #471),SWAP,#463,unified,85.1,3.54,145.6,3.94,155.5,0.9363,context (the adopted #422 tilt beats its raw twin in both stretches),,"JUDGMENT: a 'context' row, but it is a candidate book (NOISE #304 raw in the seat) printed with its LB against #463 -> counted as a look, and it is one of the ten calibration reads. Calibration read (one of the ten). First printed 2026-09-30 in 10q (old convention: 84.0 / 3.54; LB 154.4 / 3.94 vs 164.3) - recorded as a dup row; one candidate = one look."
L117,2026-10-01,BOOK.md:10r (unified convention; first printed in 10q on 2026-09-30 under the old convention),Q3 ENGU-Q cash-session gate S1 in the ENGU-Q seat (run #475),SWAP,#463,unified,84.5,3.89,188.4,4.61,155.5,1.2116,FAIL (information only; the gate is the ENGU-Q lane's forward shadow),,Calibration read (one of the ten). First printed 2026-09-30 in 10q (old convention: 83.5 / 3.89; LB 198.5 / 4.61 vs 164.3) - recorded as a dup row; one candidate = one look.
L118,2026-10-01,BOOK.md:10r (unified convention; first printed in 10q on 2026-09-30 under the old convention),"Q4 ORB #314 + ENGU-Q gate S1 together, post-hoc (run #476)",COMBO,#463,unified,111.0,4.03,177.6,4.37,155.5,1.1421,"PASS (post-hoc) -> forward paper shadow book_shadow_q4, never an adoption",,"PAST PASS 'Q4' (post-hoc, data-mined by construction; also printed as 'Q4 RESULT (local)' in docs/PREREG_frontier_bookq_2026-09-30.txt: WF 109.6 vs 92.7, LB 187.6 vs 164.3). Calibration read (one of the ten). First printed 2026-09-30 in 10q (old convention: 109.6 / 4.03; LB 187.6 / 4.37 vs 164.3) - recorded as a dup row; one candidate = one look."
L119,2026-10-01,BOOK.md:10r (unified convention; first printed in 10q on 2026-09-30 under the old convention),Q5 + ENGU-Q on ES #442 as a fifth leg (run #477),ADD,#463,unified,103.1,3.49,149.6,3.68,155.5,0.9621,"FAIL (Sortino falls in both stretches; LB DD $59,238)",,Calibration read (one of the ten). First printed 2026-09-30 in 10q (old convention: 98.4 / 3.49; LB 185.7 / 3.68 vs 164.3) - recorded as a dup row; one candidate = one look.
L120,2026-10-01,BOOK.md:10r (unified convention; first printed in 10q on 2026-09-30 under the old convention),Q6 ORB #239 (#234's settings with breakeven 0.8 R) in the ORB seat (run #478),SWAP,#463,unified,101.8,3.84,158.7,4.23,155.5,1.0206,PASS (clears the bar narrowly in both stretches) -> owner call: shadow first (book_shadow_orb239); #463 stays adopted,,PAST PASS 'Q6'. The ORB lane printed the same read on 2026-09-30 (ORB_ROUND63_BOOK463_LEG.md) - dup row.
L121,2026-10-01,docs/PREREG_frontier_shadows_2026-09-29.txt (AG CORRECTION 2026-10-01; also BOOK.md 10r 'AG at 1.5x is flat on walk-forward'),AG agreement tilt: 1.5x on an ORB (#234) / NOISE (#422) trade entering while the other leg is open the same way (fill-time rule),SIZE,#463,old,92.8,,177.7,,164.8,1.0783,"'the round-62 evidence is gone' (tilted trades PF 1.35 vs 1.38); retired 2026-10-01, no forward read",,"JUDGMENT: the only printed LB figure is 'LB 177.7 at $30k' beside 'WF 92.8 vs 92.7' (old convention); #463's old-convention LB (164.8) is taken from 10o, not the same line -> ratio is a judgment. Counted as a SIZE look because the LB figure was printed against #463."
L122,2026-10-02,"ORB_ROUND64_BE1R_RIDE.md 'BOOK #463 with the ORB leg swapped' (unified, round-63 windows; #463 reads WF 94.0 / LB 155.5 there)",P2 = #234 + ride (target removed) in #463's ORB seat,SWAP,#463,unified,94.0,3.88,144.8,3.93,155.5,0.9312,FAIL - the book keeps #234,,ORB lane's book-level read (not a re-read of an existing candidate). A leg-exit variant in the seat -> SWAP.
L123,2026-10-02,"ORB_ROUND64_BE1R_RIDE.md 'BOOK #463 with the ORB leg swapped' (unified, round-63 windows; #463 reads WF 94.0 / LB 155.5 there)",P1 = #314 + breakeven 1.0 R + ride in #463's ORB seat,SWAP,#463,unified,119.4,,144.0,,155.5,0.9260,"FAIL on the lockbox, the same way #314 itself failed (Q1a / #473)",,Distinct from Q1a (#314 unchanged); counted.
L124,2026-10-02,"ORB_ROUND64_BE1R_RIDE.md figures table (one contract; ORB's own windows WF 2016-07-13..2025-08-12, LB 2025-08-13..2026-08-13)",LANE ORB #234 twin (#463's ORB leg) standalone,REF,ORB #234,unified,34.2,2.08,103.8,2.99,103.8,1.0000,reference twin (reproduces its stored lockbox),,Lane reference context; note the ORB lane's lockbox window differs from the book's.
L125,2026-10-02,ORB_ROUND64_BE1R_RIDE.md figures table,"LANE ORB: P2 = #234 + ride, standalone (4 trades change in sixteen years)",LANE,ORB #234 twin (LB 103.8),unified,34.2,2.08,83.1,2.40,103.8,0.8006,"FAIL (one lockbox trade, 2026-06-09, is the whole gap: -$17,765)",,P1 / D1 / D2 are #314 variants (not #463's leg) -> not in K_lane.
L126,2026-10-02,NOISE.md '2026-10-02 - ROUND 68: breakeven at +1R' (ledger 2.46),"LANE NOISE: breakeven at +1R on a bar close, then ride, on #422 (raw twin = #422, crown exit)",LANE,NOISE #422 (WF 84.6 / 4.49; LB 118.1),unified,83.9,4.45,127.8,,118.1,1.0821,DEAD (WF ROC and Sortino fall a little; only the lockbox improves),,The same rule on #382 (85.7 -> 87.8) is not #463's leg -> not counted.
L127,2026-10-02,"tools/data/ttmsqz_r22a_breakeven.txt (TTM round 22, prereg tools/TTM_R22_PREREG.txt; LB from 2025-07-01)","LANE TTM #459 twin (#463's TTM leg, one unit): WF 340 trades / $62,315; LB 15 trades / $10,401",REF,TTM #459,unified,21.0,1.91,155.2,8.47,155.2,1.0000,"reference twin (parity 355 / $72,716)",,Lane reference context; TTM.md itself prints no #459 lockbox read (its book rows #361 / #371 predate #463).
L128,2026-10-02,"tools/data/ttmsqz_r22a_breakeven.txt (TTM round 22, prereg tools/TTM_R22_PREREG.txt; LB from 2025-07-01)","LANE TTM: 22A breakeven at +1R, then the normal exits, on #459",LANE,TTM #459 twin (LB 155.2),unified,20.4,1.89,155.2,8.47,155.2,1.0000,FAIL (WF ROC and Sortino below the twin; LB identical: the rule barely acts),,
L129,2026-10-02,"tools/data/ttmsqz_r22a_breakeven.txt (TTM round 22, prereg tools/TTM_R22_PREREG.txt; LB from 2025-07-01)","LANE TTM: 22B breakeven at +1R, then ride, on #459",LANE,TTM #459 twin (LB 155.2),unified,20.2,1.87,155.2,8.47,155.2,1.0000,FAIL,,Round 21a's stack cells (ES 15m / NQ 30m / NQ 15m / sleeves) and round 20's cells are not variants of #459 -> not in K_lane.
L130,2026-10-02,"ENGUQ.md '2026-10-02 - round 66, initial risk width' (raw twin LB 44.4 / 3.38, ex-biggest -$16,283)","LANE ENGU-Q: entry only if initial risk >= 8.83 ATR (pre-registered arm), leg alone",LANE,ENGU-Q raw twin (LB 44.4),unified,26.5,3.06,59.1,4.27,44.4,1.3311,"FAILS (3 clauses: WF ROC, WF Sortino, mechanism); clause 4 passes for the first time (+$614)",,
L131,2026-10-02,"ENGUQ.md '2026-10-02 - round 66, initial risk width' (raw twin LB 44.4 / 3.38, ex-biggest -$16,283) plateau ('reported and not selected from')","LANE ENGU-Q: risk >= 7.12 ATR, leg alone",LANE,"ENGU-Q raw twin (ex-biggest -$16,283)",unified,,,,,,,"sealed year without its biggest trade -$22,468 (not monotone in the threshold)",,Only the ex-top-trade sealed figure is printed -> lb_roc blank; counted as a LANE look (an LB figure was printed against the twin). WF ROC for the lattice 28.1 / 26.5 / 15.5 / 13.2 printed without thresholds attached.
L132,2026-10-02,"ENGUQ.md '2026-10-02 - round 66, initial risk width' (raw twin LB 44.4 / 3.38, ex-biggest -$16,283) plateau ('reported and not selected from')","LANE ENGU-Q: risk >= 11.53 ATR, leg alone",LANE,"ENGU-Q raw twin (ex-biggest -$16,283)",unified,,,,,,,"sealed year without its biggest trade -$20,652 (not monotone in the threshold)",,Only the ex-top-trade sealed figure is printed -> lb_roc blank; counted as a LANE look (an LB figure was printed against the twin). WF ROC for the lattice 28.1 / 26.5 / 15.5 / 13.2 printed without thresholds attached.
L133,2026-10-02,"ENGUQ.md '2026-10-02 - round 66, initial risk width' (raw twin LB 44.4 / 3.38, ex-biggest -$16,283) plateau ('reported and not selected from')","LANE ENGU-Q: risk >= 15.02 ATR, leg alone",LANE,"ENGU-Q raw twin (ex-biggest -$16,283)",unified,,,,,,,"sealed year without its biggest trade -$17,140 (not monotone in the threshold)",,Only the ex-top-trade sealed figure is printed -> lb_roc blank; counted as a LANE look (an LB figure was printed against the twin). WF ROC for the lattice 28.1 / 26.5 / 15.5 / 13.2 printed without thresholds attached.
L134,2026-10-04,"docs/MDL_MAP_R1.md + RESEARCH_LEDGER.md:2.51 (rule-U records; unified; bars WF 98.5 / 3.816, LB 155.54 / 4.150) 'Re-sizing'",#463 with NOISE #422 at a quarter more size (+25%),SIZE,#463,unified,99.8,3.97,156.3,4.24,155.54,1.0049,lifts both stretches (a yardstick a NOISE tilt must beat; 'not a recommendation'),,Printed to 2 dp in the ledger row (99.83 / 3.967; 156.32 / 4.240).
L135,2026-10-04,"docs/MDL_MAP_R1.md + RESEARCH_LEDGER.md:2.51 (rule-U records; unified; bars WF 98.5 / 3.816, LB 155.54 / 4.150) 'Re-sizing'",#463 with NOISE #422 at double size,SIZE,#463,unified,116.4,,158.2,,155.54,1.0171,lifts both stretches,,"'+25..100% of ORB, ENGU-Q or TTM' and the four leave-one-out books were read but print no LB number -> not counted (verdict-only)."
L136,2026-10-04,"docs/MDL_MAP_R1.md + RESEARCH_LEDGER.md:2.51 (rule-U records; unified; bars WF 98.5 / 3.816, LB 155.54 / 4.150) 'Where today's candidates sit'",#463 with the ENGU-Q cash-session gate S2 (08:00-17:00 ET) in the ENGU-Q seat,SWAP,#463,unified,81.3,,168.1,,155.54,1.0808,"worse walk-forward, better sealed year",,"New look (S2's book-level read appears only here; S1 = Q3 is a dup, own row)."
L137,2026-10-04,"docs/MDL_MAP_R1.md + RESEARCH_LEDGER.md:2.51 (rule-U records; unified; bars WF 98.5 / 3.816, LB 155.54 / 4.150) 'Where today's candidates sit'",#463 + DIP on NQ #433 as a seat,ADD,#463,unified,69.3,,164.5,,155.54,1.0576,"worse walk-forward, better sealed year",,"JUDGMENT: the 2026-09-09 'DIP on NQ fifth-seat rejection' (BOOK.md section 10, pre-10g) is outside the registered scope and was against a different base -> counted here as a new look."
L138,2026-10-04,"docs/MDL_MAP_R1.md + RESEARCH_LEDGER.md:2.51 (rule-U records; unified; bars WF 98.5 / 3.816, LB 155.54 / 4.150) 'Where today's candidates sit'",#463 + DIP on ES #452 as a seat,ADD,#463,unified,51.8,,141.1,,155.54,0.9072,"worse in both (DIP loses in the same weeks the book does, 2020)",,"JUDGMENT: #452 as a seat was read on #436 (#453 / #454); base #463 is a different reference book -> new look. NQBRD 0.70 prints WF only (LB sealed) -> not counted; the 224,000 synthetic legs are not looks."
L139,2026-10-04,"docs/MDL_MAP_R1.md + RESEARCH_LEDGER.md:2.51 (rule-U records; unified; bars WF 98.5 / 3.816, LB 155.54 / 4.150) 'Where today's candidates sit'",MDL reference seat: ORB #239 in the ORB seat (101.76 / 158.74),SWAP,#463,unified,101.8,,158.7,,155.54,1.0203,'the only shadow that clears both bars' (= run #478),L120,Dup of Q6.
L140,2026-10-04,"docs/MDL_MAP_R1.md + RESEARCH_LEDGER.md:2.51 (rule-U records; unified; bars WF 98.5 / 3.816, LB 155.54 / 4.150) 'Where today's candidates sit'",MDL reference seat: ORB #257 in the ORB seat (108.52 / 146.33),SWAP,#463,unified,108.5,,146.3,,155.54,0.9406,"lifts WF, loses the sealed year",L114,Dup of Q1b.
L141,2026-10-04,"docs/MDL_MAP_R1.md + RESEARCH_LEDGER.md:2.51 (rule-U records; unified; bars WF 98.5 / 3.816, LB 155.54 / 4.150) 'Where today's candidates sit'",MDL reference seat: ENGU-Q gate S1 in the ENGU-Q seat (82.69 / 186.69),SWAP,#463,unified,82.7,,186.7,,155.54,1.2003,"worse WF, better sealed year",L117,Dup of Q3 (figures differ slightly from #475's 84.5 / 188.4: rebuilt from rule-U records).
