root,switch_sec,switch_et,utc_day,old,new,master_idx_1m_eth,master_jump,prev_bar_et,contract_offset,source
ES,1276214400,2010-06-10 20:00,2010-06-11,ESM0,ESU0,5679,-4.0,2010-06-10 19:59,-4.0,databento_raw
ES,1284076800,2010-09-09 20:00,2010-09-10,ESU0,ESZ0,93845,-5.0,2010-09-09 19:59,-5.0,databento_raw
ES,1291939200,2010-12-09 19:00,2010-12-10,ESZ0,ESH1,182169,-5.0,2010-12-09 18:59,-5.0,databento_raw
ES,1299801600,2011-03-10 19:00,2011-03-11,ESH1,ESM1,268368,-4.75,2011-03-10 18:59,-4.75,databento_raw
ES,1307664000,2011-06-09 20:00,2011-06-10,ESM1,ESU1,355709,-5.5,2011-06-09 19:59,-5.25,databento_raw
ES,1315526400,2011-09-08 20:00,2011-09-09,ESU1,ESZ1,444405,-5.75,2011-09-08 19:59,-5.75,databento_raw
ES,1323388800,2011-12-08 19:00,2011-12-09,ESZ1,ESH2,533606,-6.0,2011-12-08 18:59,-6.0,databento_raw
ES,1331251200,2012-03-08 19:00,2012-03-09,ESH2,ESM2,618139,-5.75,2012-03-08 18:59,-5.5,databento_raw
ES,1339113600,2012-06-07 20:00,2012-06-08,ESM2,ESU2,706334,-7.0,2012-06-07 19:59,-6.75,databento_raw
ES,1347580800,2012-09-13 20:00,2012-09-14,ESU2,ESZ2,801096,-7.0,2012-09-13 19:59,-6.75,databento_raw
ES,1355443200,2012-12-13 19:00,2012-12-14,ESZ2,ESH3,887572,-6.25,2012-12-13 18:59,-6.0,databento_raw
ES,1362700800,2013-03-07 19:00,2013-03-08,ESH3,ESM3,962512,-5.25,2013-03-07 18:59,-5.0,databento_raw
ES,1371168000,2013-06-13 20:00,2013-06-14,ESM3,ESU3,1055345,-6.0,2013-06-13 19:59,-5.75,databento_raw
ES,1379030400,2013-09-12 20:00,2013-09-13,ESU3,ESZ3,1140990,-6.5,2013-09-12 19:59,-6.5,databento_raw
ES,1386892800,2013-12-12 19:00,2013-12-13,ESZ3,ESH4,1227847,-6.0,2013-12-12 18:59,-6.0,databento_raw
ES,1394755200,2014-03-13 20:00,2014-03-14,ESH4,ESM4,1309319,-7.0,2014-03-13 19:59,-7.0,databento_raw
ES,1402869600,2014-06-15 18:00,2014-06-15,ESM4,ESU4,1394096,-16.25,2014-06-11 17:14,-7.25,databento_raw
ES,1410480000,2014-09-11 20:00,2014-09-12,ESU4,ESZ4,1479289,-7.75,2014-09-11 19:59,-7.75,databento_raw
ES,1418342400,2014-12-11 19:00,2014-12-12,ESZ4,ESH5,1562367,-6.5,2014-12-11 18:59,-6.5,databento_raw
ES,1426204800,2015-03-12 20:00,2015-03-13,ESH5,ESM5,1645941,-7.25,2015-03-12 19:59,-7.5,databento_raw
ES,1434067200,2015-06-11 20:00,2015-06-12,ESM5,ESU5,1733206,-8.0,2015-06-11 19:58,-7.75,databento_raw
ES,1441929600,2015-09-10 20:00,2015-09-11,ESU5,ESZ5,1821558,-9.5,2015-09-10 19:59,-9.75,databento_raw
ES,1449792000,2015-12-10 19:00,2015-12-11,ESZ5,ESH6,1909606,-8.0,2015-12-10 18:59,-8.25,databento_raw
ES,1457654400,2016-03-10 19:00,2016-03-11,ESH6,ESM6,1994749,-9.25,2016-03-10 18:59,-9.25,databento_raw
ES,1465516800,2016-06-09 20:00,2016-06-10,ESM6,ESU6,2081703,-9.0,2016-06-09 19:59,-9.25,databento_raw
ES,1473379200,2016-09-08 20:00,2016-09-09,ESU6,ESZ6,2169366,-6.75,2016-09-08 19:59,-7.0,databento_raw
ES,1481241600,2016-12-08 19:00,2016-12-09,ESZ6,ESH7,2257188,-5.5,2016-12-08 18:59,-5.5,databento_raw
ES,1489104000,2017-03-09 19:00,2017-03-10,ESH7,ESM7,2341776,-3.25,2017-03-09 18:59,-3.25,databento_raw
ES,1496966400,2017-06-08 20:00,2017-06-09,ESM7,ESU7,2427924,-2.25,2017-06-08 19:59,-2.25,databento_raw
ES,1504828800,2017-09-07 20:00,2017-09-08,ESU7,ESZ7,2514861,-1.75,2017-09-07 19:59,-1.75,databento_raw
ES,1512691200,2017-12-07 19:00,2017-12-08,ESZ7,ESH8,2601994,2.5,2017-12-07 18:59,2.5,databento_raw
ES,1520805600,2018-03-11 18:00,2018-03-11,ESH8,ESM8,2688235,5.25,2018-03-09 16:59,4.75,databento_raw
ES,1528668000,2018-06-10 18:00,2018-06-10,ESM8,ESU8,2775207,-2.5,2018-06-08 16:59,3.5,databento_raw
ES,1536883200,2018-09-13 20:00,2018-09-14,ESU8,ESZ8,2868596,5.25,2018-09-13 19:59,5.0,databento_raw
ES,1544745600,2018-12-13 19:00,2018-12-14,ESZ8,ESH9,2956246,4.0,2018-12-13 18:59,3.75,databento_raw
ES,1552003200,2019-03-07 19:00,2019-03-08,ESH9,ESM9,3034530,5.0,2019-03-07 18:59,5.0,databento_raw
ES,1560470400,2019-06-13 20:00,2019-06-14,ESM9,ESU9,3128409,4.0,2019-06-13 19:59,4.0,databento_raw
ES,1568332800,2019-09-12 20:00,2019-09-13,ESU9,ESZ9,3216343,1.75,2019-09-12 19:59,1.75,databento_raw
ES,1576195200,2019-12-12 19:00,2019-12-13,ESZ9,ESH0,3304495,3.0,2019-12-12 18:59,3.0,databento_raw
ES,1584309600,2020-03-15 18:00,2020-03-15,ESH0,ESM0,3390407,-33.25,2020-03-13 16:59,-12.0,databento_raw
ES,1592172000,2020-06-14 18:00,2020-06-14,ESM0,ESU0,3476490,-52.5,2020-06-12 16:59,-11.25,databento_raw
ES,1599782400,2020-09-10 20:00,2020-09-11,ESU0,ESZ0,3563002,-10.5,2020-09-10 19:59,-10.5,databento_raw
ES,1607644800,2020-12-10 19:00,2020-12-11,ESZ0,ESH1,3651226,-8.5,2020-12-10 18:59,-8.25,databento_raw
ES,1615507200,2021-03-11 19:00,2021-03-12,ESH1,ESM1,3736548,-9.5,2021-03-11 18:59,-9.5,databento_raw
ES,1623369600,2021-06-10 20:00,2021-06-11,ESM1,ESU1,3824606,-9.5,2021-06-10 19:59,-9.25,databento_raw
ES,1631232000,2021-09-09 20:00,2021-09-10,ESU1,ESZ1,3913631,-9.25,2021-09-09 19:59,-9.5,databento_raw
ES,1639094400,2021-12-09 19:00,2021-12-10,ESZ1,ESH2,4002788,-7.5,2021-12-09 18:59,-7.5,databento_raw
ES,1646956800,2022-03-10 19:00,2022-03-11,ESH2,ESM2,4090621,-9.5,2022-03-10 18:59,-9.25,databento_raw
ES,1655071200,2022-06-12 18:00,2022-06-12,ESM2,ESU2,4180018,-28.25,2022-06-10 16:59,1.25,databento_raw
ES,1662933600,2022-09-11 18:00,2022-09-11,ESU2,ESZ2,4268993,29.75,2022-09-09 16:59,17.75,databento_raw
ES,1670799600,2022-12-11 18:00,2022-12-11,ESZ2,ESH3,4358226,34.25,2022-12-09 16:59,33.0,databento_raw
ES,1678665600,2023-03-12 20:00,2023-03-13,ESH3,ESM3,4444798,32.25,2023-03-12 19:59,32.25,databento_raw
ES,1686520800,2023-06-11 18:00,2023-06-11,ESM3,ESU3,4533617,45.0,2023-06-09 16:59,43.75,databento_raw
ES,1694383200,2023-09-10 18:00,2023-09-10,ESU3,ESZ3,4622268,50.5,2023-09-08 16:59,49.25,databento_raw
ES,1702252800,2023-12-10 19:00,2023-12-11,ESZ3,ESH4,4711504,51.75,2023-12-10 18:58,52.0,databento_raw
ES,1710115200,2024-03-10 20:00,2024-03-11,ESH4,ESM4,4797944,63.0,2024-03-10 19:59,63.25,databento_raw
ES,1718575200,2024-06-16 18:00,2024-06-16,ESM4,ESU4,4892728,64.25,2024-06-14 16:59,64.5,databento_raw
ES,1726444800,2024-09-15 20:00,2024-09-16,ESU4,ESZ4,4981534,61.5,2024-09-15 19:59,61.5,databento_raw
ES,1734307200,2024-12-15 19:00,2024-12-16,ESZ4,ESH5,5070676,70.75,2024-12-15 18:59,70.75,databento_raw
ES,1742169600,2025-03-16 20:00,2025-03-17,ESH5,ESM5,5156501,52.0,2025-03-16 19:59,52.25,databento_raw
ES,1750032000,2025-06-15 20:00,2025-06-16,ESM5,ESU5,5244579,51.5,2025-06-15 19:59,51.75,databento_raw
ES,1757894400,2025-09-14 20:00,2025-09-15,ESU5,ESZ5,5333319,57.0,2025-09-14 19:59,56.75,databento_raw
ES,1765756800,2025-12-14 19:00,2025-12-15,ESZ5,ESH6,5421826,59.5,2025-12-14 18:59,59.5,databento_raw
ES,1773619200,2026-03-15 20:00,2026-03-16,ESH6,ESM6,5508118,49.75,2026-03-15 19:59,49.5,databento_raw
ES,1781475000,2026-06-14 18:10,2026-06-14,,,5596582,65.25,2026-06-12 16:59,,inferred_after_raw_end
ES,1789337400,2026-09-13 18:10,2026-09-13,,,5646514,-50.0,2026-09-11 16:59,,inferred_after_raw_end
