ticker,report_et
MSFT,2002-01-17 16:00
AAPL,2002-04-17 16:00
MSFT,2002-04-18 16:00
AMZN,2002-04-23 16:00
NVDA,2002-05-22 16:00
AAPL,2002-07-16 16:00
MSFT,2002-07-18 16:00
AMZN,2002-07-23 17:00
NVDA,2002-08-15 16:00
AAPL,2002-10-16 16:00
MSFT,2002-10-17 16:00
AMZN,2002-10-24 16:00
NVDA,2002-11-07 16:00
AAPL,2003-01-15 16:00
MSFT,2003-01-16 16:00
AMZN,2003-01-23 16:00
NVDA,2003-02-13 16:00
MSFT,2003-04-15 16:00
AAPL,2003-04-16 16:00
AMZN,2003-04-24 16:00
NVDA,2003-05-08 16:00
AAPL,2003-07-16 16:00
MSFT,2003-07-17 16:00
AMZN,2003-07-22 16:00
NVDA,2003-08-07 16:00
AAPL,2003-10-15 16:00
AMZN,2003-10-21 16:00
MSFT,2003-10-23 16:00
NVDA,2003-11-06 16:00
AAPL,2004-01-14 16:00
MSFT,2004-01-22 16:00
AMZN,2004-01-27 16:00
NVDA,2004-02-12 16:00
AAPL,2004-04-14 16:00
AMZN,2004-04-22 16:00
MSFT,2004-04-22 16:00
NVDA,2004-05-06 16:00
AAPL,2004-07-14 06:00
AMZN,2004-07-22 16:00
MSFT,2004-07-22 16:00
NVDA,2004-08-05 16:00
AAPL,2004-10-13 16:00
AMZN,2004-10-21 16:00
GOOGL,2004-10-21 16:00
MSFT,2004-10-21 16:00
NVDA,2004-11-04 16:00
AAPL,2005-01-12 16:00
MSFT,2005-01-27 16:00
GOOGL,2005-02-01 16:00
AMZN,2005-02-02 16:00
NVDA,2005-02-17 16:00
AAPL,2005-04-13 16:00
GOOGL,2005-04-21 16:00
AMZN,2005-04-26 16:00
MSFT,2005-04-28 16:00
NVDA,2005-05-12 16:00
AAPL,2005-07-13 16:00
GOOGL,2005-07-21 16:00
MSFT,2005-07-21 16:00
AMZN,2005-07-26 16:00
NVDA,2005-08-11 16:00
AAPL,2005-10-11 16:00
GOOGL,2005-10-20 16:00
AMZN,2005-10-25 16:00
MSFT,2005-10-27 16:00
AAPL,2006-01-18 16:00
MSFT,2006-01-26 16:00
GOOGL,2006-01-31 16:00
AMZN,2006-02-02 16:00
NVDA,2006-02-16 16:00
AAPL,2006-04-19 16:00
GOOGL,2006-04-20 16:00
AMZN,2006-04-25 16:00
MSFT,2006-04-27 16:00
NVDA,2006-05-11 16:00
AAPL,2006-07-19 16:00
GOOGL,2006-07-20 16:00
MSFT,2006-07-20 16:00
AMZN,2006-07-25 16:00
AAPL,2006-10-18 16:00
GOOGL,2006-10-19 16:00
AMZN,2006-10-24 16:00
MSFT,2006-10-26 16:00
NVDA,2006-11-09 16:00
AAPL,2007-01-17 16:00
MSFT,2007-01-25 16:00
GOOGL,2007-01-31 16:00
AMZN,2007-02-01 16:00
NVDA,2007-02-13 16:00
GOOGL,2007-04-19 16:00
AMZN,2007-04-24 16:00
AAPL,2007-04-25 16:00
MSFT,2007-04-26 16:00
NVDA,2007-05-10 16:00
GOOGL,2007-07-19 16:00
MSFT,2007-07-19 16:00
AMZN,2007-07-24 16:00
AAPL,2007-07-25 16:00
NVDA,2007-08-09 16:00
GOOGL,2007-10-18 16:00
AAPL,2007-10-22 16:00
AMZN,2007-10-23 16:00
MSFT,2007-10-25 16:00
NVDA,2007-11-08 16:00
AAPL,2008-01-22 16:00
MSFT,2008-01-24 16:00
AMZN,2008-01-30 16:00
GOOGL,2008-01-31 16:00
NVDA,2008-02-13 17:00
GOOGL,2008-04-17 16:00
AAPL,2008-04-23 16:00
AMZN,2008-04-23 16:00
MSFT,2008-04-24 16:00
NVDA,2008-05-08 16:00
GOOGL,2008-07-17 16:00
MSFT,2008-07-17 16:00
AAPL,2008-07-21 16:00
AMZN,2008-07-23 16:00
NVDA,2008-08-12 16:00
GOOGL,2008-10-16 16:00
AAPL,2008-10-21 16:00
AMZN,2008-10-22 16:00
MSFT,2008-10-23 16:00
NVDA,2008-11-06 16:00
AAPL,2009-01-21 16:00
MSFT,2009-01-22 09:00
GOOGL,2009-01-22 16:00
AMZN,2009-01-29 16:00
NVDA,2009-02-10 16:00
GOOGL,2009-04-16 16:00
AAPL,2009-04-22 16:00
AMZN,2009-04-23 16:00
MSFT,2009-04-23 16:00
NVDA,2009-05-07 16:00
GOOGL,2009-07-16 16:00
AAPL,2009-07-21 16:00
AMZN,2009-07-23 16:00
MSFT,2009-07-23 16:00
NVDA,2009-08-06 16:00
GOOGL,2009-10-15 16:00
AAPL,2009-10-19 16:00
AMZN,2009-10-22 16:00
MSFT,2009-10-23 08:00
NVDA,2009-11-05 16:00
GOOGL,2010-01-21 16:00
AAPL,2010-01-25 16:00
AMZN,2010-01-28 16:00
MSFT,2010-01-28 16:00
NVDA,2010-02-17 16:00
AAPL,2010-04-20 20:00
MSFT,2010-04-22 15:00
AMZN,2010-04-22 16:00
GOOGL,2010-05-05 19:00
NVDA,2010-05-13 16:00
GOOGL,2010-07-15 16:00
AAPL,2010-07-20 16:00
AMZN,2010-07-22 16:00
MSFT,2010-07-22 16:00
NVDA,2010-08-12 16:00
GOOGL,2010-10-14 16:00
AAPL,2010-10-18 16:00
AMZN,2010-10-21 16:00
MSFT,2010-10-28 16:00
TSLA,2010-11-09 16:00
NVDA,2010-11-11 16:00
AAPL,2011-01-18 16:00
GOOGL,2011-01-20 16:00
AMZN,2011-01-27 16:00
MSFT,2011-01-27 19:00
TSLA,2011-02-15 16:00
NVDA,2011-02-16 16:00
GOOGL,2011-04-14 16:00
AAPL,2011-04-20 16:00
AMZN,2011-04-26 16:00
MSFT,2011-04-28 16:00
TSLA,2011-05-04 16:00
NVDA,2011-05-12 16:00
GOOGL,2011-07-14 16:00
AAPL,2011-07-19 16:00
MSFT,2011-07-21 16:00
AMZN,2011-07-26 16:00
TSLA,2011-08-03 16:00
NVDA,2011-08-11 16:00
GOOGL,2011-10-13 16:00
AAPL,2011-10-18 16:00
MSFT,2011-10-20 16:00
AMZN,2011-10-25 16:00
TSLA,2011-11-02 17:00
NVDA,2011-11-10 16:00
GOOGL,2012-01-19 16:00
MSFT,2012-01-19 16:00
AAPL,2012-01-24 16:00
AMZN,2012-01-31 16:00
NVDA,2012-02-15 16:00
TSLA,2012-02-15 16:00
GOOGL,2012-04-12 16:00
MSFT,2012-04-19 16:00
AAPL,2012-04-24 16:00
AMZN,2012-04-26 16:00
TSLA,2012-05-09 16:00
NVDA,2012-05-11 07:00
GOOGL,2012-07-19 16:00
MSFT,2012-07-19 16:00
AAPL,2012-07-24 16:00
TSLA,2012-07-25 16:00
AMZN,2012-07-26 16:00
META,2012-07-26 16:00
NVDA,2012-08-09 16:00
GOOGL,2012-10-18 12:00
MSFT,2012-10-18 16:00
META,2012-10-23 16:00
AAPL,2012-10-25 16:00
AMZN,2012-10-25 16:00
TSLA,2012-11-05 06:00
NVDA,2012-11-08 16:00
GOOGL,2013-01-22 16:00
AAPL,2013-01-23 16:00
MSFT,2013-01-24 16:00
AMZN,2013-01-29 16:00
META,2013-01-30 16:00
NVDA,2013-02-13 16:00
TSLA,2013-02-20 16:00
GOOGL,2013-04-18 16:00
MSFT,2013-04-18 16:00
AAPL,2013-04-23 16:00
AMZN,2013-04-25 16:00
META,2013-05-01 16:00
TSLA,2013-05-08 17:00
NVDA,2013-05-09 16:00
GOOGL,2013-07-18 16:00
MSFT,2013-07-18 16:00
AAPL,2013-07-23 16:00
META,2013-07-24 16:00
AMZN,2013-07-25 16:00
TSLA,2013-08-07 16:00
NVDA,2013-08-08 16:00
GOOGL,2013-10-17 16:00
AMZN,2013-10-24 16:00
MSFT,2013-10-24 16:00
AAPL,2013-10-28 16:00
META,2013-10-30 16:00
TSLA,2013-11-05 16:00
NVDA,2013-11-07 16:00
MSFT,2014-01-23 16:00
AAPL,2014-01-27 16:00
META,2014-01-29 16:00
AMZN,2014-01-30 16:00
GOOGL,2014-01-30 16:00
NVDA,2014-02-12 16:00
TSLA,2014-02-19 16:00
GOOGL,2014-04-16 16:00
AAPL,2014-04-23 16:00
META,2014-04-23 16:00
AMZN,2014-04-24 16:00
MSFT,2014-04-24 16:00
NVDA,2014-05-08 16:00
TSLA,2014-05-09 16:00
GOOGL,2014-07-17 16:00
AAPL,2014-07-22 16:00
MSFT,2014-07-22 16:00
META,2014-07-23 16:00
AMZN,2014-07-24 16:00
TSLA,2014-07-31 16:00
NVDA,2014-08-07 16:00
GOOGL,2014-10-16 16:00
AAPL,2014-10-20 16:00
AMZN,2014-10-23 16:00
MSFT,2014-10-23 16:00
META,2014-10-28 16:00
TSLA,2014-11-05 16:00
NVDA,2014-11-06 16:00
MSFT,2015-01-26 16:00
AAPL,2015-01-27 16:00
META,2015-01-28 16:00
AMZN,2015-01-29 16:00
GOOGL,2015-01-29 16:00
NVDA,2015-02-11 16:00
TSLA,2015-02-11 17:00
META,2015-04-22 16:00
AMZN,2015-04-23 16:00
GOOGL,2015-04-23 16:00
MSFT,2015-04-23 16:00
AAPL,2015-04-27 16:00
TSLA,2015-05-06 16:00
NVDA,2015-05-07 16:00
GOOGL,2015-07-16 16:00
AAPL,2015-07-21 16:00
MSFT,2015-07-21 16:00
AMZN,2015-07-23 16:00
META,2015-07-29 16:00
TSLA,2015-08-05 16:00
NVDA,2015-08-06 16:00
AMZN,2015-10-22 16:00
GOOGL,2015-10-22 16:00
MSFT,2015-10-22 16:00
AAPL,2015-10-27 16:00
TSLA,2015-11-03 16:00
META,2015-11-04 16:00
NVDA,2015-11-05 16:00
AAPL,2016-01-26 16:00
META,2016-01-27 16:00
AMZN,2016-01-28 16:00
MSFT,2016-01-28 16:00
GOOGL,2016-02-01 16:00
TSLA,2016-02-10 16:00
NVDA,2016-02-17 16:00
GOOGL,2016-04-21 16:00
MSFT,2016-04-21 16:00
AAPL,2016-04-26 16:00
META,2016-04-27 16:00
AMZN,2016-04-28 16:00
TSLA,2016-05-04 16:00
NVDA,2016-05-12 21:00
MSFT,2016-07-19 16:00
AAPL,2016-07-26 16:00
META,2016-07-27 16:00
AMZN,2016-07-28 16:00
GOOGL,2016-07-28 16:00
TSLA,2016-08-03 16:00
NVDA,2016-08-11 16:00
MSFT,2016-10-20 16:00
AAPL,2016-10-25 16:00
TSLA,2016-10-26 16:00
AMZN,2016-10-27 16:00
GOOGL,2016-10-27 16:00
META,2016-11-02 16:00
NVDA,2016-11-10 16:00
GOOGL,2017-01-26 16:00
MSFT,2017-01-26 16:00
AAPL,2017-01-31 16:00
META,2017-02-01 16:00
AMZN,2017-02-02 16:00
NVDA,2017-02-09 16:00
TSLA,2017-02-22 16:00
AMZN,2017-04-27 16:00
GOOGL,2017-04-27 16:00
MSFT,2017-04-27 16:00
AAPL,2017-05-02 16:00
META,2017-05-03 16:00
TSLA,2017-05-03 16:00
NVDA,2017-05-09 16:00
MSFT,2017-07-20 16:00
GOOGL,2017-07-24 16:00
META,2017-07-26 16:00
AMZN,2017-07-27 16:00
AAPL,2017-08-01 16:00
TSLA,2017-08-02 16:00
NVDA,2017-08-10 16:00
AMZN,2017-10-26 16:00
GOOGL,2017-10-26 16:00
MSFT,2017-10-26 16:00
META,2017-11-01 16:00
TSLA,2017-11-01 16:00
AAPL,2017-11-02 16:00
NVDA,2017-11-09 16:00
META,2018-01-31 16:00
MSFT,2018-01-31 16:00
AAPL,2018-02-01 16:00
AMZN,2018-02-01 16:00
GOOGL,2018-02-01 16:00
TSLA,2018-02-07 16:00
NVDA,2018-02-08 16:00
GOOGL,2018-04-23 16:00
META,2018-04-25 16:00
AMZN,2018-04-26 16:00
MSFT,2018-04-26 16:00
AAPL,2018-05-01 16:00
TSLA,2018-05-02 16:00
NVDA,2018-05-10 16:00
MSFT,2018-07-19 16:00
GOOGL,2018-07-23 16:00
META,2018-07-25 16:00
AMZN,2018-07-26 16:00
AAPL,2018-07-31 16:00
TSLA,2018-08-01 16:00
NVDA,2018-08-16 16:00
MSFT,2018-10-24 16:00
TSLA,2018-10-24 16:00
AMZN,2018-10-25 16:00
GOOGL,2018-10-25 16:00
META,2018-10-30 16:00
AAPL,2018-11-01 16:00
NVDA,2018-11-15 16:00
AAPL,2019-01-29 16:00
META,2019-01-30 16:00
MSFT,2019-01-30 16:00
TSLA,2019-01-30 16:00
AMZN,2019-01-31 16:00
GOOGL,2019-02-04 16:00
NVDA,2019-02-14 16:00
META,2019-04-24 16:00
MSFT,2019-04-24 16:00
TSLA,2019-04-24 17:00
AMZN,2019-04-25 16:00
GOOGL,2019-04-29 16:00
AAPL,2019-04-30 16:00
NVDA,2019-05-16 16:00
MSFT,2019-07-18 16:00
META,2019-07-24 16:00
TSLA,2019-07-24 16:00
AMZN,2019-07-25 16:00
GOOGL,2019-07-25 16:00
AAPL,2019-07-30 16:00
NVDA,2019-08-15 16:00
MSFT,2019-10-23 16:00
TSLA,2019-10-23 16:00
AMZN,2019-10-24 16:00
GOOGL,2019-10-28 16:00
AAPL,2019-10-30 16:00
META,2019-10-30 16:00
NVDA,2019-11-14 16:00
AAPL,2020-01-28 16:00
META,2020-01-29 16:00
MSFT,2020-01-29 16:00
TSLA,2020-01-29 16:00
AMZN,2020-01-30 16:00
GOOGL,2020-02-03 16:00
NVDA,2020-02-13 16:00
GOOGL,2020-04-28 16:00
TSLA,2020-04-29 12:00
MSFT,2020-04-29 16:00
META,2020-04-29 17:00
AAPL,2020-04-30 17:00
AMZN,2020-04-30 17:00
NVDA,2020-05-21 16:00
MSFT,2020-07-22 16:00
TSLA,2020-07-22 16:00
AAPL,2020-07-30 16:00
AMZN,2020-07-30 16:00
GOOGL,2020-07-30 16:00
META,2020-07-30 16:00
NVDA,2020-08-19 16:00
TSLA,2020-10-21 18:00
MSFT,2020-10-27 16:00
AAPL,2020-10-29 16:00
AMZN,2020-10-29 16:00
GOOGL,2020-10-29 16:00
META,2020-10-29 16:00
NVDA,2020-11-18 16:00
MSFT,2021-01-26 16:00
AAPL,2021-01-27 16:00
META,2021-01-27 16:00
TSLA,2021-01-27 16:00
AMZN,2021-02-02 16:00
GOOGL,2021-02-02 16:00
NVDA,2021-02-24 16:00
TSLA,2021-04-26 16:00
GOOGL,2021-04-27 16:00
MSFT,2021-04-27 16:00
AAPL,2021-04-28 16:00
META,2021-04-28 16:00
AMZN,2021-04-29 16:00
NVDA,2021-05-26 16:00
TSLA,2021-07-26 16:00
AAPL,2021-07-27 16:00
GOOGL,2021-07-27 16:00
MSFT,2021-07-27 16:00
META,2021-07-28 16:00
AMZN,2021-07-29 16:00
NVDA,2021-08-18 16:00
TSLA,2021-10-20 15:00
META,2021-10-25 16:00
GOOGL,2021-10-26 16:00
MSFT,2021-10-26 16:00
AAPL,2021-10-28 16:00
AMZN,2021-10-28 16:00
NVDA,2021-11-17 16:00
MSFT,2022-01-25 16:00
TSLA,2022-01-26 16:00
AAPL,2022-01-27 16:00
GOOGL,2022-02-01 16:00
META,2022-02-02 16:00
AMZN,2022-02-03 16:00
NVDA,2022-02-16 16:00
TSLA,2022-04-20 16:00
GOOGL,2022-04-26 16:00
MSFT,2022-04-26 16:00
META,2022-04-27 16:00
AAPL,2022-04-28 16:00
AMZN,2022-04-28 16:00
NVDA,2022-05-25 16:00
TSLA,2022-07-20 17:00
GOOGL,2022-07-26 16:00
MSFT,2022-07-26 16:00
META,2022-07-27 16:00
AAPL,2022-07-28 16:00
AMZN,2022-07-28 16:00
NVDA,2022-08-24 16:00
TSLA,2022-10-19 17:00
GOOGL,2022-10-25 16:00
MSFT,2022-10-25 16:00
META,2022-10-26 16:00
AAPL,2022-10-27 16:00
AMZN,2022-10-27 16:00
NVDA,2022-11-16 16:00
MSFT,2023-01-24 16:00
TSLA,2023-01-25 16:00
META,2023-02-01 16:00
AAPL,2023-02-02 16:00
AMZN,2023-02-02 16:00
GOOGL,2023-02-02 16:00
NVDA,2023-02-22 16:00
TSLA,2023-04-19 16:00
GOOGL,2023-04-25 16:00
MSFT,2023-04-25 16:00
META,2023-04-26 16:00
AMZN,2023-04-27 16:00
AAPL,2023-05-04 16:00
NVDA,2023-05-24 16:00
TSLA,2023-07-19 16:00
GOOGL,2023-07-25 16:00
MSFT,2023-07-25 16:00
META,2023-07-26 16:00
AAPL,2023-08-03 16:00
AMZN,2023-08-03 16:00
NVDA,2023-08-23 16:00
TSLA,2023-10-18 16:00
GOOGL,2023-10-24 16:00
MSFT,2023-10-24 16:00
META,2023-10-25 16:00
AMZN,2023-10-26 16:00
AAPL,2023-11-02 16:00
NVDA,2023-11-21 16:00
TSLA,2024-01-24 16:00
GOOGL,2024-01-30 16:00
MSFT,2024-01-30 16:00
AAPL,2024-02-01 16:00
AMZN,2024-02-01 16:00
META,2024-02-01 16:00
NVDA,2024-02-21 16:00
TSLA,2024-04-23 16:00
META,2024-04-24 16:00
GOOGL,2024-04-25 16:00
MSFT,2024-04-25 16:00
AMZN,2024-04-30 16:00
AAPL,2024-05-02 16:00
NVDA,2024-05-22 16:00
GOOGL,2024-07-23 16:00
TSLA,2024-07-23 20:00
MSFT,2024-07-30 16:00
META,2024-07-31 16:00
AMZN,2024-08-01 12:00
AAPL,2024-08-01 16:00
NVDA,2024-08-28 16:00
TSLA,2024-10-23 16:00
GOOGL,2024-10-29 16:00
META,2024-10-30 16:00
MSFT,2024-10-30 16:00
AAPL,2024-10-31 16:00
AMZN,2024-10-31 16:00
NVDA,2024-11-20 16:00
META,2025-01-29 16:00
MSFT,2025-01-29 16:00
TSLA,2025-01-29 16:00
AAPL,2025-01-30 16:00
GOOGL,2025-02-04 16:00
AMZN,2025-02-06 16:00
NVDA,2025-02-26 16:00
TSLA,2025-04-22 16:00
GOOGL,2025-04-24 16:00
META,2025-04-30 16:00
MSFT,2025-04-30 16:00
AAPL,2025-05-01 16:00
AMZN,2025-05-01 16:00
NVDA,2025-05-28 16:00
GOOGL,2025-07-23 16:00
TSLA,2025-07-23 16:00
META,2025-07-30 16:00
MSFT,2025-07-30 16:00
AAPL,2025-07-31 16:00
AMZN,2025-07-31 16:00
NVDA,2025-08-27 16:00
TSLA,2025-10-22 16:00
GOOGL,2025-10-29 16:00
META,2025-10-29 16:00
MSFT,2025-10-29 16:00
AAPL,2025-10-30 16:00
AMZN,2025-10-30 16:00
NVDA,2025-11-19 16:00
META,2026-01-28 16:00
MSFT,2026-01-28 16:00
TSLA,2026-01-28 16:00
AAPL,2026-01-29 16:00
GOOGL,2026-02-04 16:00
AMZN,2026-02-05 16:00
NVDA,2026-02-25 16:00
TSLA,2026-04-22 16:00
AMZN,2026-04-29 16:00
GOOGL,2026-04-29 16:00
META,2026-04-29 16:00
MSFT,2026-04-29 16:00
AAPL,2026-04-30 16:00
NVDA,2026-05-20 16:00
GOOGL,2026-07-22 16:00
TSLA,2026-07-22 16:00
META,2026-07-29 16:00
MSFT,2026-07-29 16:00
AAPL,2026-07-30 16:00
AMZN,2026-07-30 16:00
NVDA,2026-08-26 16:00
TSLA,2026-10-21 16:00
GOOGL,2026-10-28 16:00
META,2026-10-28 16:00
MSFT,2026-10-28 16:00
AAPL,2026-10-29 16:00
AMZN,2026-10-29 16:00
NVDA,2026-11-17 15:00
