month,wikipedia_revid,revision_utc,method,list_note,members,patch_added,patch_removed
2016-06-01,721054565,2016-05-19T14:37:55Z,regex,"current as of the close of trading on April 19, 2016",108,,
2016-07-01,724714021,2016-06-11T00:48:01Z,wikitext,"current as of the close of trading on April 19, 2016",105,XRAY,BATRA BATRK LMCA LMCK
2016-08-01,724714021,2016-06-11T00:48:01Z,wikitext,"current as of the close of trading on April 19, 2016",105,MCHP XRAY,BATRA BATRK ENDP LMCA LMCK
2016-09-01,736475746,2016-08-27T19:27:20Z,wikitext,"current as of the close of trading on April 19, 2016",105,MCHP XRAY,BATRA BATRK ENDP LMCA LMCK
2016-10-01,740788637,2016-09-23T08:49:28Z,wikitext,"current as of the close of trading on April 19, 2016",105,MCHP XRAY,BATRA BATRK ENDP LMCA LMCK
2016-11-01,746371083,2016-10-27T00:48:24Z,wikitext,"current as of the close of trading on April 19, 2016",105,MCHP SHPG XRAY,BATRA BATRK ENDP LLTC LMCA LMCK
2016-12-01,752320089,2016-11-30T16:38:09Z,wikitext,"current as of the close of trading on November 14, 2016",105,,
2017-01-01,757096239,2016-12-28T19:39:38Z,wikitext,"current as of the close of trading on December 16, 2016",105,,
2017-02-01,762845555,2017-01-31T01:33:09Z,wikitext,"current as of the close of trading on December 16, 2016",105,,
2017-03-01,767083265,2017-02-23T21:17:10Z,wikitext,"current as of the close of trading on December 16, 2016",105,,
2017-04-01,773187457,2017-03-31T21:23:05Z,wikitext,"current as of the close of trading on December 16, 2016",105,,
2017-05-01,777713141,2017-04-28T20:14:50Z,wikitext,"current as of the close of trading on April 27, 2017",105,,
2017-06-01,783207331,2017-05-31T20:07:22Z,wikitext,"current as of the close of trading on April 27, 2017",105,,
2017-07-01,786655416,2017-06-20T19:21:14Z,wikitext,"current as of the close of trading on June 16, 2017",107,,
2017-08-01,792688573,2017-07-28T00:53:33Z,wikitext,"current as of the close of trading on June 16, 2017",107,,
2017-09-01,798247435,2017-08-31T20:09:35Z,wikitext,"current as of the close of trading on June 16, 2017",107,,
2017-10-01,803018596,2017-09-29T23:15:06Z,wikitext,"current as of the close of trading on June 16, 2017",107,,
2017-11-01,808089184,2017-10-31T20:24:34Z,wikitext,"current as of the close of trading on October 23, 2017",107,,
2017-12-01,812610878,2017-11-28T21:08:29Z,wikitext,"current as of the close of trading on October 23, 2017",107,,
2018-01-01,816915712,2017-12-24T17:09:21Z,wikitext,"current as of the close of trading on December 15, 2017",106,,
2018-02-01,822520144,2018-01-26T21:08:29Z,wikitext,"current as of the close of trading on December 15, 2017",104,,
2018-03-01,828106481,2018-02-28T16:25:33Z,wikitext,"current as of the close of trading on December 15, 2017",104,,
2018-04-01,831899585,2018-03-22T18:51:02Z,wikitext,"current as of the close of trading on February 27, 2018",104,,
2018-05-01,838896259,2018-04-30T00:04:07Z,wikitext,"current as of the close of trading on February 27, 2018",103,,
2018-06-01,843366245,2018-05-28T17:46:59Z,regex,"current as of the close of trading on February 27, 2018",103,,
2018-07-01,847793599,2018-06-27T20:25:31Z,regex,"current as of the close of trading on February 27, 2018",103,,
2018-08-01,852699124,2018-07-30T19:39:09Z,regex,"current as of the close of trading on July 23, 2018",103,,
2018-09-01,857294890,2018-08-30T20:11:17Z,regex,"current as of the close of trading on July 23, 2018",103,,
2018-10-01,858798412,2018-09-09T17:39:18Z,regex,"current as of the close of trading on July 23, 2018",103,,
2018-11-01,866461468,2018-10-30T13:45:27Z,regex,"current as of the close of trading on July 23, 2018",103,,
2018-12-01,869592924,2018-11-19T16:17:13Z,regex,"current as of the close of trading on November 16, 2018",103,,
2019-01-01,875257543,2018-12-25T00:35:29Z,regex,"current as of the close of trading on December 24, 2018",103,,
2019-02-01,881016095,2019-01-30T22:26:44Z,table,"current as of the close of trading on December 24, 2018",103,,
2019-03-01,884888976,2019-02-24T18:01:14Z,table,"current as of the close of trading on December 24, 2018",103,,
2019-04-01,888562557,2019-03-19T23:15:00Z,table,"current as of the close of trading on March 18, 2019",105,,
2019-05-01,894872135,2019-04-30T15:11:38Z,table,"current as of the close of trading on April 29, 2019",103,,
2019-06-01,899583356,2019-05-31T00:54:33Z,table,"current as of the close of trading on April 29, 2019",103,,
2019-07-01,899583356,2019-05-31T00:54:33Z,table,"current as of the close of trading on April 29, 2019",103,,
2019-08-01,908090467,2019-07-27T10:52:08Z,table,"current as of the close of trading on April 29, 2019",103,,
2019-09-01,909843163,2019-08-07T23:36:09Z,table,"current as of the close of trading on April 29, 2019",103,,
2019-10-01,917838365,2019-09-25T18:39:18Z,table,"current as of the close of trading on April 29, 2019",103,,
2019-11-01,923476294,2019-10-28T20:08:55Z,table,"current as of the close of trading on April 29, 2019",103,,
2019-12-01,928626822,2019-11-30T16:07:07Z,table,"current as of the close of trading on November 22, 2019",103,,
2020-01-01,933321893,2019-12-31T06:42:01Z,table,"current as of the open of trading on December 23, 2019",103,,
2020-02-01,938520141,2020-01-31T18:31:52Z,table,"current as of the open of trading on December 23, 2019",103,,
2020-03-01,941703939,2020-02-20T04:27:48Z,table,"current as of the open of trading on December 23, 2019",103,,
2020-04-01,944390238,2020-03-07T15:31:24Z,table,"current as of the open of trading on December 23, 2019",103,,
2020-05-01,953923975,2020-04-29T19:25:10Z,table,"current as of the open of trading on April 29, 2020",103,,
2020-06-01,959294807,2020-05-28T02:22:19Z,table,"current as of the open of trading on April 30, 2020",103,,
2020-07-01,965043448,2020-06-29T02:19:52Z,table,"current as of the open of trading on April 30, 2020",103,,
2020-08-01,969266760,2020-07-24T11:26:04Z,table,"current as of the open of trading on June 22, 2020",103,,
2020-09-01,976030055,2020-08-31T20:01:59Z,table,"current as of the open of trading on August 24, 2020",103,,
2020-10-01,980704158,2020-09-27T23:34:32Z,table,"current as of the open of trading on August 24, 2020",103,,
2020-11-01,986104052,2020-10-29T20:24:48Z,table,"current as of the open of trading on October 19, 2020",103,,
2020-12-01,989467113,2020-11-19T04:06:30Z,table,"current as of the open of trading on October 19, 2020",103,,
2021-01-01,997352084,2020-12-31T03:04:32Z,table,"current as of the open of trading on December 21, 2020",102,,
2021-02-01,1002784973,2021-01-26T01:22:05Z,table,"current as of the open of trading on December 21, 2020",102,,
2021-03-01,1009137889,2021-02-26T22:48:28Z,table,"current as of the open of trading on December 21, 2020",102,,
2021-04-01,1015153678,2021-03-30T22:14:59Z,table,"current as of the open of trading on December 21, 2020",102,,
2021-05-01,1019858318,2021-04-25T20:22:01Z,table,"current as of the open of trading on December 21, 2020",102,,
2021-06-01,1022290305,2021-05-09T17:24:57Z,table,"current as of the open of trading on December 21, 2020",102,,
2021-07-01,1031130008,2021-06-30T00:07:12Z,table,"current as of the open of trading on December 21, 2020",102,,
2021-08-01,1035684059,2021-07-27T03:22:34Z,table,"current as of the open of trading on December 21, 2020",102,,
2021-09-01,1041535953,2021-08-31T02:41:20Z,table,"current as of the open of trading on December 21, 2020",102,,
2021-10-01,1046359393,2021-09-25T07:46:17Z,table,"current as of the open of trading on September 4th, 2021",102,,
2021-11-01,1052549955,2021-10-29T20:37:14Z,table,"current as of the open of trading on September 4th, 2021",102,,
2021-12-01,1056753112,2021-11-23T10:02:00Z,table,"current as of the open of trading on November 4th, 2021",102,,
2022-01-01,1062339614,2021-12-27T21:50:26Z,table,"current as of the open of trading on December 20th, 2021",101,,
2022-02-01,1067911522,2022-01-25T19:52:19Z,table,"current as of the open of trading on December 20th, 2021",101,,
2022-03-01,1074500543,2022-02-28T15:56:35Z,table,"current as of the open of trading on February 22nd, 2022",102,,
2022-04-01,1079704774,2022-03-28T05:47:22Z,table,"current as of the open of trading on February 22nd, 2022",102,,
2022-05-01,1084873761,2022-04-27T03:10:27Z,table,"current as of the open of trading on February 22nd, 2022",102,,
2022-06-01,1089610542,2022-05-24T19:43:44Z,table,"current as of the open of trading on February 22nd, 2022",102,,
2022-07-01,1094882625,2022-06-25T03:54:48Z,table,"current as of the open of trading on February 22nd, 2022",102,,
2022-08-01,1099990937,2022-07-23T17:24:15Z,table,"current as of the open of trading on February 22nd, 2022",102,,
2022-09-01,1099990937,2022-07-23T17:24:15Z,table,"current as of the open of trading on February 22nd, 2022",102,,
2022-10-01,1112139276,2022-09-24T21:29:04Z,table,"current as of the open of trading on February 22nd, 2022",102,,
2022-11-01,1113848071,2022-10-03T14:43:38Z,table,"current as of the open of trading on February 22nd, 2022",102,,
2022-12-01,1124706982,2022-11-30T03:02:01Z,table,"current as of the open of trading on November 21, 2022",102,,
2023-01-01,1128627537,2022-12-21T03:37:04Z,table,"current as of the open of trading on December 19, 2022",101,,
2023-02-01,1136723836,2023-01-31T20:34:44Z,table,"current as of the open of trading on December 19, 2022",101,,
2023-03-01,1139833100,2023-02-17T03:56:53Z,table,"current as of the open of trading on December 19, 2022",101,,
2023-04-01,1147466925,2023-03-31T04:15:59Z,table,"current as of the open of trading on December 19, 2022",101,,
2023-05-01,1148916577,2023-04-09T02:04:54Z,table,"current as of the open of trading on December 19, 2022",101,,
2023-06-01,1157597289,2023-05-29T17:52:02Z,table,"current as of the open of trading on December 19, 2022",101,,
2023-07-01,1162420528,2023-06-29T01:54:58Z,table,"current as of the open of trading on June 20, 2023",101,,
2023-08-01,1165811635,2023-07-17T15:30:01Z,table,"current as of the open of trading on July 17, 2023",101,,
2023-09-01,1171643554,2023-08-22T11:41:00Z,table,"current as of the open of trading on July 17, 2023",101,,
2023-10-01,1177429481,2023-09-27T15:16:37Z,table,"current as of the open of trading on July 17, 2023",101,,
2023-11-01,1181632142,2023-10-24T07:51:53Z,table,"current as of the open of trading on July 17, 2023",101,,
2023-12-01,1185831340,2023-11-19T07:45:49Z,table,"current as of the open of trading on July 17, 2023",101,,
2024-01-01,1192374888,2023-12-29T00:46:45Z,table,"current as of the open of trading on December 18, 2023",101,,
2024-02-01,1200595893,2024-01-29T21:26:16Z,table,"current as of the open of trading on December 18, 2023",101,,
2024-03-01,1211099105,2024-02-29T21:17:27Z,table,"current as of the open of trading on December 18, 2023",101,,
2024-04-01,1215402327,2024-03-24T22:48:39Z,table,"current as of the open of trading on March 18, 2024",101,,
2024-05-01,1221294485,2024-04-29T01:46:10Z,table,"current as of the open of trading on March 18, 2024",101,,
2024-06-01,1226340404,2024-05-30T00:51:14Z,table,"current as of the open of trading on March 18, 2024",101,,
2024-07-01,1231547544,2024-06-28T22:15:08Z,table,"current as of the open of trading on June 24, 2024",101,,
2024-08-01,1236671800,2024-07-26T00:01:37Z,table,"current as of the open of trading on June 24, 2024",101,,
2024-09-01,1243178377,2024-08-30T23:53:11Z,table,"current as of the open of trading on June 24, 2024",101,,
2024-10-01,1246243401,2024-09-17T19:46:48Z,table,"current as of the open of trading on June 24, 2024",101,,
2024-11-01,1253583359,2024-10-26T19:38:53Z,table,"current as of the open of trading on June 24, 2024",101,,
2024-12-01,1259981949,2024-11-28T04:15:15Z,table,"current as of the open of trading on November 18, 2024",101,,
2025-01-01,1265020752,2024-12-24T17:38:38Z,table,"current as of the open of trading on November 18, 2024",101,,
2025-02-01,1273111564,2025-01-31T19:52:36Z,table,"current as of the open of trading on December 23, 2024",101,,
2025-03-01,1277651003,2025-02-25T22:28:51Z,table,"current as of the open of trading on December 23, 2024",101,,
2025-04-01,1283205731,2025-03-31T01:53:04Z,table,"current as of the open of trading on December 23, 2024",101,,
2025-05-01,1288092072,2025-04-30T11:22:18Z,table,"current as of the open of trading on December 23, 2024",101,,
2025-06-01,1293291155,2025-05-31T21:52:16Z,table,"current as of the open of trading on May 19, 2025",101,,
2025-07-01,1297071611,2025-06-24T00:44:34Z,table,"current as of the open of trading on May 19, 2025",101,,
2025-08-01,1303281182,2025-07-30T02:31:37Z,table,"current as of the open of trading on July 28, 2025",101,,
2025-09-01,1308059729,2025-08-27T07:52:41Z,table,"current as of the open of trading on August 10, 2025",101,,
2025-10-01,1313819214,2025-09-28T08:32:24Z,table,"current as of the open of trading on August 10, 2025",101,,
2025-11-01,1319703087,2025-10-31T10:36:56Z,table,"current as of the open of trading on August 10, 2025",101,,
2025-12-01,1324961478,2025-11-30T12:54:08Z,table,"current as of the open of trading on October 30, 2025",102,,
2026-01-01,1330182941,2025-12-29T23:23:14Z,table,"current as of the open of trading on December 22, 2025",101,,
2026-02-01,1334180983,2026-01-22T01:14:58Z,table,"current as of the open of trading on January 20, 2026",101,,
2026-03-01,1340907033,2026-02-28T11:10:00Z,table,"current as of the open of trading on January 20, 2026",101,,
2026-04-01,1341560910,2026-03-03T21:49:12Z,table,"current as of the open of trading on January 20, 2026",101,,
2026-05-01,1351903947,2026-04-30T21:08:35Z,table,"current as of the open of trading on January 20, 2026",101,,
2026-06-01,1356794469,2026-05-29T21:23:11Z,table,,101,,
2026-07-01,1361872969,2026-06-30T15:59:09Z,table,,101,,
