ticker,from,to
AAL,2016-06-01,2020-05-01
AAPL,2016-06-01,
ABNB,2022-01-01,
ADBE,2016-06-01,
ADI,2016-06-01,
ADP,2016-06-01,
ADSK,2016-06-01,
AEP,2021-01-01,
AKAM,2016-06-01,2018-01-01
ALAB,2026-07-01,
ALGN,2017-11-01,2024-01-01
ALNY,2026-01-01,
ALXN,2016-06-01,2021-08-01
AMAT,2016-06-01,
AMD,2019-01-01,
AMGN,2016-06-01,
AMZN,2016-06-01,
ANSS,2020-01-01,2025-08-01
APP,2024-12-01,
ARM,2024-07-01,
ASML,2018-01-01,
ATVI,2016-06-01,2023-08-01
AVGO,2016-06-01,
AXON,2025-01-01,
AZN,2022-03-01,2026-02-01
BATRA,2016-06-01,2016-07-01
BATRK,2016-06-01,2016-07-01
BBBY,2016-06-01,2017-01-01
BIDU,2016-06-01,2023-01-01
BIIB,2016-06-01,2026-01-01
BKNG,2018-04-01,
BKR,2023-01-01,
BMRN,2016-06-01,2021-01-01
CA,2016-06-01,2018-12-01
CCEP,2024-01-01,
CDNS,2018-01-01,
CDW,2020-01-01,2022-01-01
CDW,2024-01-01,2026-01-01
CEG,2022-03-01,
CELG,2016-06-01,2019-12-01
CERN,2016-06-01,2022-01-01
CHKP,2016-06-01,2022-01-01
CHTR,2016-06-01,2026-07-01
CMCSA,2016-06-01,
COST,2016-06-01,
CPRT,2020-01-01,
CRWD,2021-09-01,
CRWV,2026-07-01,
CSCO,2016-06-01,
CSGP,2020-01-01,2020-09-01
CSGP,2023-01-01,2026-06-01
CSX,2016-06-01,
CTAS,2017-01-01,
CTRP,2016-06-01,2019-12-01
CTSH,2016-06-01,2026-07-01
CTXS,2016-06-01,2021-01-01
DASH,2024-01-01,
DDOG,2022-01-01,
DISCA,2016-06-01,2018-01-01
DISCK,2016-06-01,2018-01-01
DISH,2016-06-01,2018-08-01
DLTR,2016-06-01,2024-12-01
DOCU,2020-08-01,2023-01-01
DXCM,2020-05-01,
EA,2016-06-01,
EBAY,2016-06-01,2024-01-01
ENDP,2016-06-01,2016-08-01
ENPH,2022-12-01,2024-01-01
ESRX,2016-06-01,2019-01-01
EXC,2019-12-01,
EXPE,2016-06-01,2021-01-01
FANG,2023-01-01,
FAST,2016-06-01,
FB,2016-06-01,2022-07-01
FER,2026-01-01,
FISV,2016-06-01,2023-07-01
FOX,2016-06-01,2022-01-01
FOXA,2016-06-01,2022-01-01
FTNT,2022-01-01,
GEHC,2023-07-01,
GFS,2023-01-01,2026-01-01
GILD,2016-06-01,
GOOG,2016-06-01,
GOOGL,2016-06-01,
HAS,2017-01-01,2020-01-01
HOLX,2017-01-01,2019-01-01
HON,2021-08-01,
HSIC,2016-06-01,2020-01-01
IDXX,2017-05-01,
ILMN,2016-06-01,2025-01-01
INCY,2016-06-01,2022-01-01
INSM,2026-01-01,2026-07-01
INTC,2016-06-01,
INTU,2016-06-01,
ISRG,2016-06-01,
JBHT,2017-05-01,2020-01-01
JD,2016-06-01,2024-01-01
KDP,2020-11-01,
KHC,2016-06-01,
KLAC,2017-01-01,
LBTYA,2016-06-01,2021-01-01
LBTYK,2016-06-01,2021-01-01
LCID,2022-01-01,2024-01-01
LILA,2017-07-01,2018-02-01
LILAK,2017-07-01,2018-02-01
LIN,2024-04-01,
LITE,2026-06-01,
LLTC,2016-06-01,2016-11-01
LMCA,2016-06-01,2016-07-01
LMCK,2016-06-01,2016-07-01
LRCX,2016-06-01,
LULU,2019-01-01,2026-01-01
LVNTA,2016-06-01,2018-05-01
MAR,2016-06-01,
MAT,2016-06-01,2017-11-01
MCHP,2016-08-01,
MDB,2024-01-01,2025-06-01
MDLZ,2016-06-01,
MELI,2017-07-01,
META,2022-07-01,
MNST,2016-06-01,
MPWR,2026-01-01,
MRNA,2020-09-01,2025-01-01
MRVL,2021-01-01,
MSFT,2016-06-01,
MSTR,2025-01-01,
MTCH,2021-01-01,2023-01-01
MU,2016-06-01,
MXIM,2016-06-01,2021-09-01
MYL,2016-06-01,2020-01-01
NBIS,2026-07-01,
NCLH,2016-06-01,2018-01-01
NFLX,2016-06-01,
NLOK,2019-12-01,2020-01-01
NTAP,2016-06-01,2017-01-01
NTAP,2019-01-01,2020-09-01
NTES,2016-06-01,2023-01-01
NVDA,2016-06-01,
NXPI,2016-06-01,2017-05-01
NXPI,2018-12-01,
ODFL,2022-02-01,
OKTA,2021-01-01,2022-12-01
ON,2023-07-01,2026-01-01
ORLY,2016-06-01,
PANW,2022-01-01,
PAYX,2016-06-01,
PCAR,2016-06-01,
PCLN,2016-06-01,2018-04-01
PDD,2020-09-01,
PEP,2018-08-01,
PLTR,2025-01-01,
PTON,2021-01-01,2022-02-01
PYPL,2016-06-01,
QCOM,2016-06-01,
QRTEA,2018-05-01,2019-01-01
QVCA,2016-06-01,2018-05-01
REGN,2016-06-01,
RIVN,2023-01-01,2023-07-01
RKLB,2026-07-01,
ROP,2024-01-01,
ROST,2016-06-01,
SBAC,2016-06-01,2017-05-01
SBUX,2016-06-01,
SGEN,2020-01-01,2024-01-01
SHOP,2025-06-01,
SHPG,2016-11-01,2019-01-01
SIRI,2016-06-01,2024-07-01
SMCI,2024-08-01,2025-01-01
SNDK,2026-05-01,
SNPS,2018-01-01,
SOLS,2025-12-01,2026-01-01
SPLK,2020-01-01,2023-01-01
SPLK,2024-01-01,2024-04-01
SRCL,2016-06-01,2017-01-01
STX,2016-06-01,2019-01-01
STX,2026-01-01,
SWKS,2016-06-01,2023-01-01
SYMC,2016-06-01,2019-12-01
TCOM,2019-12-01,2022-01-01
TEAM,2021-01-01,2026-05-01
TER,2026-07-01,
TFCF,2019-04-01,2019-05-01
TFCFA,2019-04-01,2019-05-01
TMUS,2016-06-01,
TRI,2025-08-01,
TRIP,2016-06-01,2017-05-01
TSCO,2016-06-01,2018-01-01
TSLA,2016-06-01,
TTD,2023-08-01,2026-01-01
TTWO,2018-01-01,2021-01-01
TTWO,2024-01-01,
TXN,2016-06-01,
UAL,2019-01-01,2020-08-01
ULTA,2016-06-01,2021-01-01
VIAB,2016-06-01,2018-01-01
VOD,2016-06-01,2019-01-01
VRSK,2016-06-01,2026-07-01
VRSN,2019-01-01,2023-01-01
VRTX,2016-06-01,
WBA,2016-06-01,2024-08-01
WBD,2023-01-01,
WDAY,2018-01-01,
WDC,2016-06-01,2020-11-01
WDC,2026-01-01,
WFM,2016-06-01,2017-01-01
WLTW,2019-01-01,2020-06-01
WMT,2026-02-01,
WYNN,2017-05-01,2020-01-01
XEL,2018-12-01,
XLNX,2016-06-01,2022-03-01
XRAY,2016-07-01,2018-12-01
YHOO,2016-06-01,2017-07-01
ZM,2020-06-01,2024-01-01
ZS,2022-01-01,2026-07-01
