root,old,new,switch_sec,switch_et,offset_pts,offset_ci_pts,offset_sec,kind,source,status,note
ES,ESM0,ESU0,1276214400,2010-06-10 20:00,-4.00,,2010-06-10 19:59,mid_session,databento_raw,exact,
ES,ESU0,ESZ0,1284076800,2010-09-09 20:00,-5.00,,2010-09-09 19:59,mid_session,databento_raw,exact,
ES,ESZ0,ESH1,1291939200,2010-12-09 19:00,-5.00,,2010-12-09 18:59,mid_session,databento_raw,exact,
ES,ESH1,ESM1,1299801600,2011-03-10 19:00,-4.75,,2011-03-10 18:59,mid_session,databento_raw,exact,
ES,ESM1,ESU1,1307664000,2011-06-09 20:00,-5.25,,2011-06-09 19:59,mid_session,databento_raw,exact,
ES,ESU1,ESZ1,1315526400,2011-09-08 20:00,-5.75,,2011-09-08 19:59,mid_session,databento_raw,exact,
ES,ESZ1,ESH2,1323388800,2011-12-08 19:00,-6.00,,2011-12-08 18:59,mid_session,databento_raw,exact,
ES,ESH2,ESM2,1331251200,2012-03-08 19:00,-5.50,,2012-03-08 18:59,mid_session,databento_raw,exact,
ES,ESM2,ESU2,1339113600,2012-06-07 20:00,-6.75,,2012-06-07 19:59,mid_session,databento_raw,exact,
ES,ESU2,ESZ2,1347580800,2012-09-13 20:00,-6.75,,2012-09-13 19:59,mid_session,databento_raw,exact,
ES,ESZ2,ESH3,1355443200,2012-12-13 19:00,-6.00,,2012-12-13 18:59,mid_session,databento_raw,exact,
ES,ESH3,ESM3,1362700800,2013-03-07 19:00,-5.00,,2013-03-07 18:59,mid_session,databento_raw,exact,
ES,ESM3,ESU3,1371168000,2013-06-13 20:00,-5.75,,2013-06-13 19:59,mid_session,databento_raw,exact,
ES,ESU3,ESZ3,1379030400,2013-09-12 20:00,-6.50,,2013-09-12 19:59,mid_session,databento_raw,exact,
ES,ESZ3,ESH4,1386892800,2013-12-12 19:00,-6.00,,2013-12-12 18:59,mid_session,databento_raw,exact,
ES,ESH4,ESM4,1394755200,2014-03-13 20:00,-7.00,,2014-03-13 19:59,mid_session,databento_raw,exact,
ES,ESM4,ESU4,1402869600,2014-06-15 18:00,-7.25,,2014-06-11 17:14,reopen,databento_raw,exact,
ES,ESU4,ESZ4,1410480000,2014-09-11 20:00,-7.75,,2014-09-11 19:59,mid_session,databento_raw,exact,
ES,ESZ4,ESH5,1418342400,2014-12-11 19:00,-6.50,,2014-12-11 18:59,mid_session,databento_raw,exact,
ES,ESH5,ESM5,1426204800,2015-03-12 20:00,-7.50,,2015-03-12 19:59,mid_session,databento_raw,exact,
ES,ESM5,ESU5,1434067200,2015-06-11 20:00,-7.75,,2015-06-11 19:58,mid_session,databento_raw,exact,
ES,ESU5,ESZ5,1441929600,2015-09-10 20:00,-9.75,,2015-09-10 19:59,mid_session,databento_raw,exact,
ES,ESZ5,ESH6,1449792000,2015-12-10 19:00,-8.25,,2015-12-10 18:59,mid_session,databento_raw,exact,
ES,ESH6,ESM6,1457654400,2016-03-10 19:00,-9.25,,2016-03-10 18:59,mid_session,databento_raw,exact,
ES,ESM6,ESU6,1465516800,2016-06-09 20:00,-9.25,,2016-06-09 19:59,mid_session,databento_raw,exact,
ES,ESU6,ESZ6,1473379200,2016-09-08 20:00,-7.00,,2016-09-08 19:59,mid_session,databento_raw,exact,
ES,ESZ6,ESH7,1481241600,2016-12-08 19:00,-5.50,,2016-12-08 18:59,mid_session,databento_raw,exact,
ES,ESH7,ESM7,1489104000,2017-03-09 19:00,-3.25,,2017-03-09 18:59,mid_session,databento_raw,exact,
ES,ESM7,ESU7,1496966400,2017-06-08 20:00,-2.25,,2017-06-08 19:59,mid_session,databento_raw,exact,
ES,ESU7,ESZ7,1504828800,2017-09-07 20:00,-1.75,,2017-09-07 19:59,mid_session,databento_raw,exact,
ES,ESZ7,ESH8,1512691200,2017-12-07 19:00,2.50,,2017-12-07 18:59,mid_session,databento_raw,exact,
ES,ESH8,ESM8,1520805600,2018-03-11 18:00,4.75,,2018-03-09 16:59,reopen,databento_raw,exact,
ES,ESM8,ESU8,1528668000,2018-06-10 18:00,3.50,,2018-06-08 16:59,reopen,databento_raw,exact,
ES,ESU8,ESZ8,1536883200,2018-09-13 20:00,5.00,,2018-09-13 19:59,mid_session,databento_raw,exact,
ES,ESZ8,ESH9,1544745600,2018-12-13 19:00,3.75,,2018-12-13 18:59,mid_session,databento_raw,exact,
ES,ESH9,ESM9,1552003200,2019-03-07 19:00,5.00,,2019-03-07 18:59,mid_session,databento_raw,exact,
ES,ESM9,ESU9,1560470400,2019-06-13 20:00,4.00,,2019-06-13 19:59,mid_session,databento_raw,exact,
ES,ESU9,ESZ9,1568332800,2019-09-12 20:00,1.75,,2019-09-12 19:59,mid_session,databento_raw,exact,
ES,ESZ9,ESH0,1576195200,2019-12-12 19:00,3.00,,2019-12-12 18:59,mid_session,databento_raw,exact,
ES,ESH0,ESM0,1584309600,2020-03-15 18:00,-12.00,,2020-03-13 16:59,reopen,databento_raw,exact,
ES,ESM0,ESU0,1592172000,2020-06-14 18:00,-11.25,,2020-06-12 16:59,reopen,databento_raw,exact,
ES,ESU0,ESZ0,1599782400,2020-09-10 20:00,-10.50,,2020-09-10 19:59,mid_session,databento_raw,exact,
ES,ESZ0,ESH1,1607644800,2020-12-10 19:00,-8.25,,2020-12-10 18:59,mid_session,databento_raw,exact,
ES,ESH1,ESM1,1615507200,2021-03-11 19:00,-9.50,,2021-03-11 18:59,mid_session,databento_raw,exact,
ES,ESM1,ESU1,1623369600,2021-06-10 20:00,-9.25,,2021-06-10 19:59,mid_session,databento_raw,exact,
ES,ESU1,ESZ1,1631232000,2021-09-09 20:00,-9.50,,2021-09-09 19:59,mid_session,databento_raw,exact,
ES,ESZ1,ESH2,1639094400,2021-12-09 19:00,-7.50,,2021-12-09 18:59,mid_session,databento_raw,exact,
ES,ESH2,ESM2,1646956800,2022-03-10 19:00,-9.25,,2022-03-10 18:59,mid_session,databento_raw,exact,
ES,ESM2,ESU2,1655071200,2022-06-12 18:00,1.25,,2022-06-10 16:59,reopen,databento_raw,exact,
ES,ESU2,ESZ2,1662933600,2022-09-11 18:00,17.75,,2022-09-09 16:59,reopen,databento_raw,exact,
ES,ESZ2,ESH3,1670799600,2022-12-11 18:00,33.00,,2022-12-09 16:59,reopen,databento_raw,exact,
ES,ESH3,ESM3,1678665600,2023-03-12 20:00,32.25,,2023-03-12 19:59,mid_session,databento_raw,exact,
ES,ESM3,ESU3,1686520800,2023-06-11 18:00,43.75,,2023-06-09 16:59,reopen,databento_raw,exact,
ES,ESU3,ESZ3,1694383200,2023-09-10 18:00,49.25,,2023-09-08 16:59,reopen,databento_raw,exact,
ES,ESZ3,ESH4,1702252800,2023-12-10 19:00,52.00,,2023-12-10 18:58,mid_session,databento_raw,exact,
ES,ESH4,ESM4,1710115200,2024-03-10 20:00,63.25,,2024-03-10 19:59,mid_session,databento_raw,exact,
ES,ESM4,ESU4,1718575200,2024-06-16 18:00,64.50,,2024-06-14 16:59,reopen,databento_raw,exact,
ES,ESU4,ESZ4,1726444800,2024-09-15 20:00,61.50,,2024-09-15 19:59,mid_session,databento_raw,exact,
ES,ESZ4,ESH5,1734307200,2024-12-15 19:00,70.75,,2024-12-15 18:59,mid_session,databento_raw,exact,
ES,ESH5,ESM5,1742169600,2025-03-16 20:00,52.25,,2025-03-16 19:59,mid_session,databento_raw,exact,
ES,ESM5,ESU5,1750032000,2025-06-15 20:00,51.75,,2025-06-15 19:59,mid_session,databento_raw,exact,
ES,ESU5,ESZ5,1757894400,2025-09-14 20:00,56.75,,2025-09-14 19:59,mid_session,databento_raw,exact,
ES,ESZ5,ESH6,1765756800,2025-12-14 19:00,59.50,,2025-12-14 18:59,mid_session,databento_raw,exact,
ES,ESH6,ESM6,1773619200,2026-03-15 20:00,49.50,,2026-03-15 19:59,mid_session,databento_raw,exact,
ES,,,1780891200,2026-06-08 00:00,0.00,,,not_a_roll,feed_seam,exact,"Same hand-off, June contract on both sides. Jump +48.75."
ES,,,1781475000,2026-06-14 18:10,0.00,,,not_a_roll,weekend_gap,exact,"Real June-contract weekend gap, +65.25. Wrongly labelled inferred_after_raw_end."
ES,ESM6,ESU6,1781515800,2026-06-15 05:30,64.00,61..66,2026-06-15 05:30,in_bar,cross_root,estimated,"In-bar: the 05:30 ET bar opens 7,521.50 and closes 7,584.50 on 5m (24h masters only). Estimate from the contract spread on 06-01..06-05 (+0.826%), the daily ES/SPY ratio change (+0.861%) and the minute-ratio step at 05:30 with NQ flat. NQ and ES rolled two hours apart, so neither root confirms the other's timing."
ES,,,1785989340,2026-08-06 00:09,0.00,,,not_a_roll,hole_end,exact,"First bar after the summer hole, +237.75 of missing price, not a switch."
ES,,,1788840000,2026-09-08 00:00,0.00,,,not_a_roll,holiday_gap,exact,"Labor Day, +0.50. A real move."
ES,,,1789337400,2026-09-13 18:10,0.00,,,not_a_roll,weekend_gap,exact,"Real September-contract weekend gap, -50.00; the capture shows -51.5. Wrongly labelled inferred_after_raw_end."
ES,ESU6,ESZ6,1789399800,2026-09-14 11:30,67.75,66.5..68.25,2026-09-14 11:30,in_bar,capture_spread,estimated,"In-bar, on every Yahoo-fed master: the 11:30 ET bar opens 7,612.00 and closes 7,691.50 on 5m. Estimate from master minus capture over the same window."
