famKey,param,label,n_runs,kind,declared_lo,declared_hi,step,n_declared_variants,widest_lo,widest_hi,steps,modal_value,pin_at,median_value,iqr_frac,median_pos,edge_rate,lo_edge_share,hi_edge_share,n_power,med_pps,med_mi,med_absr,drift_rho,n_sanity,share_finalists_all_same,share_best_worst_differ,med_finalist_distinct,recommendation,reason,widen_lo,widen_hi,freeze_is_artifact
ENGU-Q,er_len,Efficiency Lookback (min),5,range,20.0,120.0,10.0,3,20.0,120.0,11,100.0,100.0,80.0,0.30000000000000004,0.5555555555555556,0.0,0.0,0.0,4,0.024,0.039999999999999994,0.241,0.10259783520851543,4,0.0,1.0,6.0,KEEP,"predictive power 0.02 over 4 runs, crowns interior (0% on an edge)",,,False
ENGU-Q,trail_frac,Trail Width (x risk),20,range,0.5,4.0,0.5,4,0.5,6.0,8,3.0,3.0,3.0,0.3214285714285714,0.7142857142857143,0.4,0.05,0.35,15,0.139,0.197,0.493,0.48357003023261225,18,0.2777777777777778,0.3333333333333333,2.0,KEEP,"predictive power 0.14 over 15 runs, crowns interior (40% on an edge)",,,False
ENGU-Q,vol_mult,Volume Spike (x avg),19,range,0.0,5.0,0.1,2,0.0,5.0,51,0.0,0.0,0.8,0.17,0.16,0.3157894736842105,0.3157894736842105,0.0,15,0.188,0.348,0.616,-0.45074183904390963,18,0.3333333333333333,0.6666666666666666,4.0,KEEP,"predictive power 0.19 over 15 runs, crowns interior (32% on an edge)",,,False
ENGU-Q,act_R,Trail Activation (R),18,range,0.0,3.0,0.5,2,0.0,4.0,7,1.5,1.5,1.5,0.33333333333333337,0.5,0.1111111111111111,0.0,0.1111111111111111,14,0.0,0.004,0.0765,0.3051917879672888,18,0.3888888888888889,0.5555555555555556,3.5,UNCLEAR,predictive power 0 but the crown wanders (33% of the range) -- no single value to pin,,,False
ENGU-Q,atr_len,ATR Length,18,range,5.0,50.0,1.0,2,5.0,180.0,46,8.0,8.0,40.5,0.6222222222222221,0.2,0.05555555555555555,0.05555555555555555,0.0,14,0.0,0.0125,0.039,0.4404182913489921,18,0.3888888888888889,0.4444444444444444,4.0,UNCLEAR,predictive power 0 but the crown wanders (62% of the range) -- no single value to pin,,,False
ENGU-Q,breakeven_R,"Breakeven (R, 0=off)",14,range,0.0,3.0,0.5,4,0.0,4.0,7,1.5,1.5,1.5,0.5416666666666666,0.5833333333333333,0.35714285714285715,0.07142857142857142,0.2857142857142857,13,0.0,0.07,0.105,-0.45881844803892435,18,0.3333333333333333,0.5555555555555556,3.0,UNCLEAR,predictive power 0 but the crown wanders (54% of the range) -- no single value to pin,,,False
ENGU-Q,buf_atr,Breakout Buffer (x ATR),18,range,0.0,1.0,0.05,1,0.0,1.0,21,0.1,0.1,0.525,0.55,0.525,0.05555555555555555,0.0,0.05555555555555555,14,0.0,0.014,0.0675,0.16935451121453554,18,0.3888888888888889,0.5555555555555556,4.0,UNCLEAR,predictive power 0 but the crown wanders (55% of the range) -- no single value to pin,,,False
ENGU-Q,cooldown_bars,"Re-entry cooldown (bars) — THE VARIABLE, 3-8",2,range,0.0,240.0,1.0,2,0.0,240.0,241,3.0,3.0,99.0,0.40625,0.40625,0.5,0.5,0.0,1,0.0,0.059,0.021,,2,0.0,1.0,7.5,UNCLEAR,only 2 crowned runs; needs 3 more,,,False
ENGU-Q,ema_len,Trend EMA Length,18,range,20.0,400.0,10.0,2,20.0,1600.0,39,180.0,180.0,270.0,0.5373684210526315,0.5526315789473684,0.0,0.0,0.0,14,0.0,0.014499999999999999,0.111,0.40186695950018086,18,0.3888888888888889,0.5555555555555556,4.0,UNCLEAR,predictive power 0 but the crown wanders (54% of the range) -- no single value to pin,,,False
ENGU-Q,er_th,Efficiency Floor (0=off),4,range,0.0,0.5,0.05,2,0.0,0.5,11,0.0,0.0,0.05,0.05,0.0,0.75,0.75,0.0,3,0.015,0.073,0.192,0.0,4,0.25,0.75,4.0,UNCLEAR,only 4 crowned runs; needs 1 more,,,False
ENGU-Q,freeze_overnight,Freeze stop updates overnight (18:00-09:30 ET),1,switch,0.0,1.0,,1,0.0,1.0,2,0.0,0.0,0.0,,0.0,1.0,1.0,0.0,0,,,,,1,0.0,1.0,2.0,UNCLEAR,only 1 crowned runs; needs 4 more,,,False
ENGU-Q,limit_atr,Shallow Limit Depth (x ATR),5,range,0.0,1.0,0.05,2,0.0,1.0,21,0.1,0.1,0.4,0.1750000000000001,0.4,0.0,0.0,0.0,4,0.0,0.006,0.043,-0.8999999999999998,6,0.3333333333333333,0.3333333333333333,7.0,UNCLEAR,predictive power 0 but the crown wanders (18% of the range) -- no single value to pin,,,False
ENGU-Q,min_brk,Breakout Decisiveness (x ATR),19,range,0.0,3.0,0.1,2,0.0,3.0,31,0.7,0.7,1.3,0.31666666666666676,0.4666666666666666,0.05263157894736842,0.05263157894736842,0.0,15,0.0,0.014,0.093,-0.1165070779999289,18,0.3333333333333333,0.5555555555555556,3.5,UNCLEAR,predictive power 0 but the crown wanders (32% of the range) -- no single value to pin,,,False
ENGU-Q,regime_len,"Regime SMA (days, 0=off)",14,range,0.0,100.0,5.0,2,0.0,100.0,21,5.0,5.0,5.0,0.1875,0.07500000000000001,0.14285714285714285,0.14285714285714285,0.0,13,0.0,0.144,0.183,-0.5480296575913238,17,0.4117647058823529,0.5555555555555556,2.0,UNCLEAR,predictive power 0 but the crown wanders (19% of the range) -- no single value to pin,,,False
ENGU-Q,stop_mult,Stop (x risk-to-swing-low),19,range,0.3,2.0,0.1,4,0.3,2.0,18,1.0,1.0,1.3,0.42307692307692313,0.7647058823529412,0.10526315789473684,0.0,0.10526315789473684,15,0.0,0.1,0.31,0.1613064350181854,18,0.3333333333333333,0.5555555555555556,4.0,UNCLEAR,predictive power 0 but the crown wanders (42% of the range) -- no single value to pin,,,False
ENGU-Q,target_R,Lot A Target (R multiples),2,range,2.0,8.0,0.5,1,2.0,8.0,13,8.0,8.0,8.0,0.0,1.0,1.0,0.0,1.0,2,0.0,0.047,0.083,,2,0.0,,2.0,UNCLEAR,only 2 crowned runs; needs 3 more,,,False
ENGU-Q,tl_len,Trendline Length (bars),19,range,15.0,80.0,1.0,4,10.0,300.0,66,238.0,238.0,64.0,0.2712307692307692,0.624,0.0,0.0,0.0,15,0.0,0.04,0.214,0.739315199563199,18,0.3333333333333333,0.6666666666666666,5.0,UNCLEAR,predictive power 0 but the crown wanders (27% of the range) -- no single value to pin,,,False
GAPGO,clock_min,Decision time (minutes after midnight ET),1,range,585.0,630.0,15.0,1,585.0,630.0,4,600.0,600.0,600.0,,0.3333333333333333,0.0,0.0,0.0,1,0.0,0.22,0.046,,1,0.0,1.0,4.0,UNCLEAR,only 1 crowned runs; needs 4 more,,,False
GAPGO,gap_mult,Gap threshold (x ATR20 of daily ranges),1,range,0.1,0.3,0.05,1,0.1,0.3,5,0.15,0.15,0.15,,0.24999999999999997,0.0,0.0,0.0,1,0.0,0.0,0.226,,1,0.0,1.0,4.0,UNCLEAR,only 1 crowned runs; needs 4 more,,,False
GAPGO,k_atr,Travel threshold (x ATR20 of daily ranges),1,range,0.2,0.5,0.1,1,0.2,0.5,4,0.2,0.2,0.2,,0.0,1.0,1.0,0.0,1,0.025,0.316,0.44,,1,0.0,1.0,3.0,UNCLEAR,only 1 crowned runs; needs 4 more,,,False
GAPGO,or_bars,Opening range (bars),1,range,1.0,3.0,1.0,1,1.0,3.0,3,2.0,2.0,2.0,,0.5,0.0,0.0,0.0,1,0.0,0.245,0.168,,1,0.0,1.0,2.0,UNCLEAR,only 1 crowned runs; needs 4 more,,,False
GAPGO,stop_frac,Stop distance (fraction of entry-to-open),1,switch,0.5,1.0,0.5,1,0.5,1.0,2,1.0,1.0,1.0,,1.0,1.0,0.0,1.0,1,0.005,0.11,0.301,,1,0.0,0.0,2.0,UNCLEAR,only 1 crowned runs; needs 4 more,,,False
GAPGO,stop_mult,Stop (x first-bar range),1,range,0.5,1.0,0.25,1,0.5,1.0,3,1.0,1.0,1.0,,1.0,1.0,0.0,1.0,1,0.289,0.358,0.439,,1,0.0,1.0,3.0,UNCLEAR,only 1 crowned runs; needs 4 more,,,False
NOISE,band_mult_short,Lower band width (x noise),14,range,0.5,2.5,0.25,3,0.5,2.5,9,1.5,1.5,1.5,0.0,0.5,0.0,0.0,0.0,13,0.0,0.108,0.079,-0.4219265078446459,13,0.0,0.8,4.0,FREEZE,predictive power 0 over 13 runs and the crown moves across only 0% of the range,,,False
NOISE,daytype_hi,Top close-position threshold,5,range,0.55,0.95,0.05,1,0.55,0.95,9,0.9,0.9,0.9,0.0,0.8750000000000001,0.2,0.0,0.2,5,0.0,0.0,0.058,0.4472135954999579,9,0.4444444444444444,0.5555555555555556,5.0,FREEZE,predictive power 0 over 5 runs and the crown moves across only 0% of the range,,,False
NOISE,flat_eod,Flat by session close - PINNED on,22,switch,0.0,1.0,,1,0.0,1.0,2,1.0,1.0,1.0,0.0,1.0,1.0,0.045454545454545456,0.9545454545454546,0,,,,-0.22357372715928564,13,0.3076923076923077,0.0,2.0,FREEZE,an on/off switch crowned the same way in all 22 runs; the search is paying for a setting it never changes,,,False
NOISE,skip_holidays,Skip holiday half-days - PINNED off,22,switch,0.0,1.0,,1,0.0,1.0,2,0.0,0.0,0.0,0.0,0.0,1.0,0.7727272727272727,0.22727272727272727,0,,,,0.3846715902834642,13,0.3076923076923077,0.2,2.0,FREEZE,an on/off switch crowned the same way in all 22 runs; the search is paying for a setting it never changes,,,False
NOISE,vol_skip_pct,Skip entries above prior-day vol percentile (0=off),7,range,0.0,99.0,1.0,2,0.0,99.0,100,89.0,89.0,91.0,0.08585858585858586,0.9191919191919192,0.42857142857142855,0.14285714285714285,0.2857142857142857,6,0.2145,0.434,0.53,0.8108437164260032,9,0.3333333333333333,0.6666666666666666,6.0,KEEP,"predictive power 0.21 over 6 runs, crowns interior (43% on an edge)",,,False
NOISE,band_mult_long,Upper band width (x noise),12,range,0.5,2.5,0.25,2,0.5,2.5,9,0.75,0.75,0.75,0.125,0.125,0.3333333333333333,0.3333333333333333,0.0,11,0.0,0.2,0.182,-0.4608824008492703,13,0.15384615384615385,0.8,5.0,UNCLEAR,predictive power 0 but the crown wanders (12% of the range) -- no single value to pin,,,False
NOISE,daytype_lo,Bottom close-position threshold,5,range,0.05,0.45,0.05,1,0.05,0.45,9,0.15,0.15,0.25,0.25,0.5,0.0,0.0,0.0,5,0.0,0.037,0.052,0.9486832980505137,9,0.4444444444444444,0.5555555555555556,5.0,UNCLEAR,predictive power 0 but the crown wanders (25% of the range) -- no single value to pin,,,False
NOISE,gate_len,Verification squeeze length,2,range,16.0,20.0,4.0,2,16.0,24.0,2,16.0,16.0,16.0,0.0,0.0,1.0,1.0,0.0,0,,,,,3,0.0,0.6666666666666666,2.0,UNCLEAR,only 2 crowned runs; needs 3 more,,,False
NOISE,gate_ratio,Compression threshold on the verification timeframe,2,range,0.85,1.15,0.15,2,0.85,1.15,3,1.15,1.15,1.15,0.0,1.0,1.0,0.0,1.0,0,,,,,3,0.0,1.0,2.0,UNCLEAR,only 2 crowned runs; needs 3 more,,,False
NOISE,gate_tf_min,"Verification timeframe, minutes",2,range,30.0,60.0,30.0,2,30.0,120.0,2,30.0,30.0,30.0,0.0,0.0,1.0,1.0,0.0,0,,,,,3,0.0,0.0,2.0,UNCLEAR,only 2 crowned runs; needs 3 more,,,False
NOISE,lookback,Noise lookback (sessions),14,range,5.0,120.0,1.0,5,5.0,120.0,116,44.0,44.0,44.0,0.1358695652173913,0.3391304347826087,0.21428571428571427,0.21428571428571427,0.0,13,0.0,0.016,0.095,-0.18551212878913448,13,0.0,0.9,10.0,UNCLEAR,predictive power 0 but the crown wanders (14% of the range) -- no single value to pin,,,False
NOISE,mom_atr,"Prior move needed, in ATR",1,range,3.5,5.0,0.75,1,3.5,5.0,3,3.5,3.5,3.5,,0.0,1.0,1.0,0.0,0,,,,,1,0.0,0.0,3.0,UNCLEAR,only 1 crowned runs; needs 4 more,,,False
NOISE,mom_bars,"Prior move window, bars",1,range,18.0,30.0,6.0,1,18.0,30.0,3,30.0,30.0,30.0,,1.0,1.0,0.0,1.0,0,,,,,1,0.0,1.0,3.0,UNCLEAR,only 1 crowned runs; needs 4 more,,,False
NOISE,stop_k,Stop size (x band excursion / ATR / points),14,range,0.25,4.0,0.25,4,0.25,4.0,16,1.75,1.75,1.75,0.37499999999999994,0.4,0.21428571428571427,0.07142857142857142,0.14285714285714285,13,0.0,0.0,0.05,0.055566573254554934,13,0.0,1.0,8.0,UNCLEAR,predictive power 0 but the crown wanders (37% of the range) -- no single value to pin,,,False
NOISE,tilt_mult,Size on compressed-hour trades (others are 1.0),1,switch,1.5,2.0,0.5,1,1.5,2.0,2,2.0,2.0,2.0,,1.0,1.0,0.0,1.0,0,,,,,1,0.0,0.0,2.0,UNCLEAR,only 1 crowned runs; needs 4 more,,,False
NOISE,tilt_x,Size multiplier when the move is strong,1,switch,1.5,2.0,0.5,1,1.5,2.0,2,2.0,2.0,2.0,,1.0,1.0,0.0,1.0,0,,,,,1,0.0,0.0,2.0,UNCLEAR,only 1 crowned runs; needs 4 more,,,False
NOISE,confirm_bars,Entry confirmation (closes outside band),8,range,1.0,4.0,1.0,3,1.0,4.0,4,2.0,2.0,2.0,0.6666666666666667,0.5833333333333333,0.5,0.125,0.375,7,0.0,0.0,0.043,0.5618903886626767,9,0.3333333333333333,0.4444444444444444,3.0,WIDEN,"50% of crowns sit on a declared edge, split between both ends (12% bottom / 38% top) -- the knob is either switched off or pushed to the ceiling, never in between",1.0,6.0,False
NQDIP,cap_hold,Capitulation hold (days),3,range,1.0,8.0,1.0,1,1.0,8.0,8,4.0,4.0,5.0,0.1428571428571428,0.5714285714285714,0.0,0.0,0.0,3,0.0,0.013,0.228,0.5,2,0.0,0.0,4.5,UNCLEAR,only 3 crowned runs; needs 2 more,,,False
NQDIP,cap_mult,Capitulation range (x ATR20),3,range,1.0,2.5,0.25,1,1.0,2.5,7,1.0,1.0,1.0,0.08333333333333333,0.0,0.6666666666666666,0.6666666666666666,0.0,3,0.0,0.004,0.21,0.0,2,0.0,1.0,3.5,UNCLEAR,only 3 crowned runs; needs 2 more,,,False
NQDIP,cap_q,Capitulation close quantile,3,range,0.15,0.4,0.05,1,0.15,0.4,6,0.3,0.3,0.3,0.20000000000000007,0.6,0.3333333333333333,0.0,0.3333333333333333,3,0.0,0.0,0.038,0.0,2,0.0,1.0,5.0,UNCLEAR,only 3 crowned runs; needs 2 more,,,False
NQDIP,dbl_n,N-day low / high,3,range,3.0,15.0,1.0,1,3.0,15.0,13,4.0,4.0,10.0,0.41666666666666663,0.5833333333333334,0.0,0.0,0.0,3,0.0,0.073,0.257,-0.5,2,0.0,1.0,7.5,UNCLEAR,only 3 crowned runs; needs 2 more,,,False
NQDIP,gap_atr,Gap-down size (x ATR20),1,range,0.25,1.0,0.25,1,0.25,1.0,4,1.0,1.0,1.0,,1.0,1.0,0.0,1.0,1,0.0,0.048,0.091,,1,0.0,,4.0,UNCLEAR,only 1 crowned runs; needs 4 more,,,False
NQDIP,gap_hold,Gap-down max hold (days),1,range,1.0,5.0,1.0,1,1.0,5.0,5,4.0,4.0,4.0,,0.75,0.0,0.0,0.0,1,0.0,0.016,0.021,,1,0.0,,5.0,UNCLEAR,only 1 crowned runs; needs 4 more,,,False
NQDIP,ibs_exit,IBS exit above,1,range,0.5,0.9,0.1,1,0.5,0.9,5,0.8,0.8,0.8,,0.7500000000000001,0.0,0.0,0.0,1,0.0,0.022,0.123,,1,0.0,,4.0,UNCLEAR,only 1 crowned runs; needs 4 more,,,False
NQDIP,ibs_hold,IBS max hold (days),1,range,2.0,8.0,1.0,1,2.0,8.0,7,6.0,6.0,6.0,,0.6666666666666666,0.0,0.0,0.0,1,0.0,0.005,0.029,,1,0.0,,6.0,UNCLEAR,only 1 crowned runs; needs 4 more,,,False
NQDIP,ibs_thr,IBS buy below,1,range,0.1,0.3,0.05,1,0.1,0.3,5,0.1,0.1,0.1,,0.0,1.0,1.0,0.0,1,0.0,0.0,0.035,,1,0.0,,5.0,UNCLEAR,only 1 crowned runs; needs 4 more,,,False
NQDIP,pb_ema,Pullback EMA (days),3,range,5.0,50.0,5.0,1,5.0,50.0,10,5.0,5.0,10.0,0.16666666666666666,0.1111111111111111,0.3333333333333333,0.3333333333333333,0.0,3,0.0,0.025,0.077,1.0,2,0.0,1.0,6.5,UNCLEAR,only 3 crowned runs; needs 2 more,,,False
NQDIP,pb_hold,Pullback max hold (days),3,range,3.0,20.0,1.0,1,3.0,20.0,18,4.0,4.0,14.0,0.44117647058823534,0.6470588235294118,0.0,0.0,0.0,3,0.0,0.008,0.234,-0.5,2,0.0,1.0,7.5,UNCLEAR,only 3 crowned runs; needs 2 more,,,False
NQDIP,rsi_exit,RSI exit SMA (days),3,range,3.0,10.0,1.0,1,3.0,10.0,8,4.0,4.0,7.0,0.3571428571428571,0.5714285714285714,0.0,0.0,0.0,3,0.0,0.0,0.065,-1.0,2,0.0,1.0,5.0,UNCLEAR,only 3 crowned runs; needs 2 more,,,False
NQDIP,rsi_len,RSI length (days),3,range,2.0,5.0,1.0,1,2.0,5.0,4,3.0,3.0,3.0,0.3333333333333333,0.3333333333333333,0.3333333333333333,0.0,0.3333333333333333,3,0.0,0.005,0.072,-0.8660254037844387,2,0.0,0.0,4.0,UNCLEAR,only 3 crowned runs; needs 2 more,,,False
NQDIP,rsi_thr,RSI buy below,3,range,5.0,30.0,5.0,1,5.0,30.0,6,30.0,30.0,30.0,0.30000000000000004,1.0,0.6666666666666666,0.0,0.6666666666666666,3,0.0,0.028,0.008,0.0,2,0.0,0.0,4.0,UNCLEAR,only 3 crowned runs; needs 2 more,,,False
NQDIP,streak_hold,Streak max hold (days),1,range,2.0,8.0,1.0,1,2.0,8.0,7,5.0,5.0,5.0,,0.5,0.0,0.0,0.0,1,0.0,0.0,0.044,,1,0.0,,6.0,UNCLEAR,only 1 crowned runs; needs 4 more,,,False
NQDIP,streak_n,Down-close streak length,1,range,2.0,5.0,1.0,1,2.0,5.0,4,3.0,3.0,3.0,,0.3333333333333333,0.0,0.0,0.0,1,0.0,0.0,0.079,,1,0.0,,4.0,UNCLEAR,only 1 crowned runs; needs 4 more,,,False
NQDIP,trend_len,Trend filter SMA (days),3,range,100.0,300.0,50.0,1,100.0,300.0,5,100.0,100.0,250.0,0.5,0.75,0.6666666666666666,0.3333333333333333,0.3333333333333333,3,0.0,0.036,0.186,0.5,2,0.0,0.0,3.5,UNCLEAR,only 3 crowned runs; needs 2 more,,,False
NQDIP,use_cap,Run the capitulation leg,3,switch,0.0,1.0,,1,0.0,1.0,2,1.0,1.0,1.0,0.0,1.0,1.0,0.0,1.0,0,,,,,2,1.0,0.0,1.0,UNCLEAR,only 3 crowned runs; needs 2 more,,,False
NQDIP,use_dbl,Run the N-day-low leg,3,switch,0.0,1.0,,1,0.0,1.0,2,1.0,1.0,1.0,0.0,1.0,1.0,0.0,1.0,0,,,,,2,1.0,0.0,1.0,UNCLEAR,only 3 crowned runs; needs 2 more,,,False
NQDIP,use_gapdn,Run the gap-down leg,1,switch,0.0,1.0,,1,0.0,1.0,2,1.0,1.0,1.0,,1.0,1.0,0.0,1.0,0,,,,,1,0.0,,2.0,UNCLEAR,only 1 crowned runs; needs 4 more,,,False
NQDIP,use_ibs,Run the IBS leg,1,switch,0.0,1.0,,1,0.0,1.0,2,1.0,1.0,1.0,,1.0,1.0,0.0,1.0,0,,,,,1,1.0,,1.0,UNCLEAR,only 1 crowned runs; needs 4 more,,,False
NQDIP,use_pb,Run the pullback leg,3,switch,0.0,1.0,,1,0.0,1.0,2,1.0,1.0,1.0,0.0,1.0,1.0,0.0,1.0,0,,,,,2,1.0,0.0,1.0,UNCLEAR,only 3 crowned runs; needs 2 more,,,False
NQDIP,use_rsi,Run the RSI leg,3,switch,0.0,1.0,,1,0.0,1.0,2,1.0,1.0,1.0,0.0,1.0,1.0,0.0,1.0,0,,,,,2,1.0,0.0,1.0,UNCLEAR,only 3 crowned runs; needs 2 more,,,False
NQDIP,use_streak,Run the losing-streak leg,1,switch,0.0,1.0,,1,0.0,1.0,2,1.0,1.0,1.0,,1.0,1.0,0.0,1.0,0,,,,,1,0.0,,2.0,UNCLEAR,only 1 crowned runs; needs 4 more,,,False
ORB,breakout_buf,Breakout buffer (× range),10,range,0.0,0.5,0.05,2,0.0,0.5,11,0.0,0.0,0.0,0.4,0.0,0.6,0.6,0.0,11,0.0,0.02,0.118,0.1456438162508838,29,0.7241379310344828,0.2,1.0,FREEZE,"60% of crowns sit on the 0 = off floor; the search keeps switching this knob OFF rather than tuning it -- BUT the finalists never varied it in 72% of runs, so the zero-power reading is partly an artifact",,,True
ORB,flat_eod,Flat at the close — PINNED on,40,switch,0.0,1.0,,1,0.0,1.0,2,1.0,1.0,1.0,0.0,1.0,1.0,0.1,0.9,0,,,,0.22379317560917517,17,0.4117647058823529,0.4,2.0,FREEZE,an on/off switch crowned the same way in all 40 runs; the search is paying for a setting it never changes,,,False
ORB,atr_filter,"Vol-regime filter (× trailing median, 0=off)",11,range,0.0,1.5,0.1,3,0.0,1.5,16,0.7,0.7,0.5,0.4333333333333333,0.13333333333333333,0.2727272727272727,0.2727272727272727,0.0,12,0.0,0.052000000000000005,0.10250000000000001,-0.1889581505725527,29,0.6896551724137931,0.6,1.0,UNCLEAR,predictive power 0 but the crown wanders (43% of the range) -- no single value to pin,,,False
ORB,be_after_R,"Breakeven after (× risk, 0=off)",3,range,0.0,4.0,0.1,2,0.0,4.0,41,0.5,0.5,0.5,0.0625,0.125,0.3333333333333333,0.3333333333333333,0.0,3,0.0,0.005,0.007,,16,0.8125,0.5,1.0,UNCLEAR,only 3 crowned runs; needs 2 more,,,False
ORB,close_confirm,Confirm at bar close — PINNED ON (this is what makes it live-legal),40,switch,0.0,1.0,,1,0.0,1.0,2,1.0,1.0,1.0,1.0,1.0,1.0,0.3,0.7,0,,,,0.7797954497474304,17,0.47058823529411764,0.4,2.0,UNCLEAR,"an on/off switch that flips between runs (mostly on), with no stored power score to judge it on",,,False
ORB,daytype_band_hi,Band high edge - NARROW RANGE 0.80-0.90,1,range,0.8,0.9,0.05,1,0.8,0.9,3,0.7,0.7,0.7,,-1.000000000000001,1.0,1.0,0.0,1,0.0,0.683,0.086,,1,0.0,0.0,2.0,UNCLEAR,only 1 crowned runs; needs 4 more,,,False
ORB,daytype_band_lo,Band low edge - NARROW RANGE 0.55-0.65,1,range,0.55,0.65,0.05,1,0.55,0.65,3,0.55,0.55,0.55,,0.0,1.0,1.0,0.0,1,0.0,0.06,0.024,,1,0.0,1.0,3.0,UNCLEAR,only 1 crowned runs; needs 4 more,,,False
ORB,entry_cutoff,"Entry window (bars after OR, 0 = all day)",2,range,0.0,12.0,2.0,2,0.0,24.0,7,0.0,0.0,2.0,0.16666666666666669,0.16666666666666666,0.5,0.5,0.0,2,0.0,0.0305,0.0435,,2,0.0,,4.5,UNCLEAR,only 2 crowned runs; needs 3 more,,,False
ORB,gap_min,Min overnight gap (trailing-ATR units),1,range,0.0,0.5,0.05,1,0.0,0.5,11,0.25,0.25,0.25,,0.5,0.0,0.0,0.0,1,0.0,0.06,0.007,,2,0.5,,2.0,UNCLEAR,only 1 crowned runs; needs 4 more,,,False
ORB,or_bars,Opening range (bars),11,range,1.0,12.0,1.0,3,1.0,12.0,12,2.0,2.0,3.0,0.1818181818181818,0.18181818181818182,0.09090909090909091,0.09090909090909091,0.0,13,0.0,0.09,0.146,-0.27580936205249484,29,0.7241379310344828,0.6,1.0,UNCLEAR,predictive power 0 but the crown wanders (18% of the range) -- no single value to pin,,,False
ORB,orw_min,Min OR-width percentile (prior 20 sessions),1,range,0.0,0.7,0.1,1,0.0,0.7,8,0.0,0.0,0.0,,0.0,1.0,1.0,0.0,1,0.0,0.051,0.164,,2,0.5,,2.0,UNCLEAR,only 1 crowned runs; needs 4 more,,,False
ORB,partial_exit_R,"Partial exit / lot-1 TP (× risk, 0=off)",8,range,0.0,6.0,0.5,2,0.0,6.0,13,3.0,3.0,3.0,0.44791666666666663,0.5,0.125,0.0,0.125,8,0.0,0.039,0.1815,0.8101972166313901,16,0.5,0.8,2.0,UNCLEAR,predictive power 0 but the crown wanders (45% of the range) -- no single value to pin,,,False
ORB,skip_holidays,Skip holidays — PINNED on,40,switch,0.0,1.0,,1,0.0,1.0,2,1.0,1.0,1.0,1.0,1.0,1.0,0.325,0.675,0,,,,0.4554587641781645,17,0.29411764705882354,0.6,2.0,UNCLEAR,"an on/off switch that flips between runs (mostly on), with no stored power score to judge it on",,,False
ORB,stop_frac,Stop (× range width),13,range,0.5,2.0,0.25,5,0.5,3.0,7,1.25,1.25,1.75,0.5,0.8333333333333334,0.38461538461538464,0.07692307692307693,0.3076923076923077,15,0.0,0.09,0.092,0.6565323658248156,29,0.6206896551724138,0.6,1.0,UNCLEAR,predictive power 0 but the crown wanders (50% of the range) -- no single value to pin,,,False
ORB,target_R,Lot A target (× risk),23,range,3.0,6.0,0.5,4,0.0,8.0,7,4.0,4.0,4.0,0.16666666666666669,0.3333333333333333,0.043478260869565216,0.043478260869565216,0.0,25,0.0,0.05,0.199,0.06498011163156109,29,0.27586206896551724,0.6,3.0,UNCLEAR,predictive power 0 but the crown wanders (17% of the range) -- no single value to pin,,,False
ORB,vol_filter,"Volume filter (× session avg, 0=off)",3,range,0.0,3.0,0.25,1,0.0,3.0,13,1.25,1.25,1.25,0.041666666666666685,0.4166666666666667,0.0,0.0,0.0,6,0.14500000000000002,0.46599999999999997,0.2135,-0.8660254037844387,19,0.8947368421052632,,1.0,UNCLEAR,only 3 crowned runs; needs 2 more,,,False
ORB,vpace_filter,Volume-pace gate (× trailing norm),9,range,0.0,1.4,0.1,3,0.0,1.4,15,0.0,0.0,0.6,0.5,0.5,0.4444444444444444,0.4444444444444444,0.0,9,0.0,0.151,0.033,0.017733172553297715,12,0.3333333333333333,0.4,5.0,UNCLEAR,predictive power 0 but the crown wanders (50% of the range) -- no single value to pin,,,False
ORB,trail_bars,Lot B trail (bars),21,range,2.0,12.0,1.0,5,0.0,20.0,11,12.0,12.0,12.0,0.55,1.0,0.6666666666666666,0.047619047619047616,0.6190476190476191,21,0.149,0.209,0.693,-0.7223345833625602,28,0.25,0.6,3.0,WIDEN,62% of crowns sit on the declared maximum,2.0,17.0,False
RSIDIV,atr_length,ATR length (trailing-stop ATR mode),1,range,5.0,50.0,1.0,1,5.0,50.0,46,33.0,33.0,33.0,,0.6222222222222222,0.0,0.0,0.0,1,0.0,0.0,0.061,,0,,,,UNCLEAR,only 1 crowned runs; needs 4 more,,,False
RSIDIV,lb_left,Pivot lookback left,1,range,1.0,5.0,1.0,1,1.0,5.0,5,5.0,5.0,5.0,,1.0,1.0,0.0,1.0,1,0.0,0.058,0.052,,0,,,,UNCLEAR,only 1 crowned runs; needs 4 more,,,False
RSIDIV,lb_right,Pivot lookback right,1,range,1.0,10.0,1.0,1,1.0,10.0,10,10.0,10.0,10.0,,1.0,1.0,0.0,1.0,1,0.0,0.042,0.128,,0,,,,UNCLEAR,only 1 crowned runs; needs 4 more,,,False
RSIDIV,max_pyramid,Max stacked entries,1,range,1.0,4.0,1.0,1,1.0,4.0,4,4.0,4.0,4.0,,1.0,1.0,0.0,1.0,1,0.0,0.177,0.34,,0,,,,UNCLEAR,only 1 crowned runs; needs 4 more,,,False
RSIDIV,range_lower,Divergence range -- min bars,1,range,1.0,30.0,1.0,1,1.0,30.0,30,7.0,7.0,7.0,,0.20689655172413793,0.0,0.0,0.0,1,0.0,0.063,0.366,,0,,,,UNCLEAR,only 1 crowned runs; needs 4 more,,,False
RSIDIV,range_upper,Divergence range -- max bars,1,range,20.0,150.0,1.0,1,20.0,150.0,131,71.0,71.0,71.0,,0.3923076923076923,0.0,0.0,0.0,1,0.0,0.107,0.107,,0,,,,UNCLEAR,only 1 crowned runs; needs 4 more,,,False
RSIDIV,rsi_len,RSI period,1,range,2.0,30.0,1.0,1,2.0,30.0,29,10.0,10.0,10.0,,0.2857142857142857,0.0,0.0,0.0,1,0.0,0.045,0.061,,0,,,,UNCLEAR,only 1 crowned runs; needs 4 more,,,False
RSIDIV,stop_loss,Stop loss % (or ATR multiplier),1,range,1.0,20.0,0.5,1,1.0,20.0,39,12.5,12.5,12.5,,0.6052631578947368,0.0,0.0,0.0,1,0.0,0.111,0.245,,0,,,,UNCLEAR,only 1 crowned runs; needs 4 more,,,False
RSIDIV,tp_rsi_level,Take-profit RSI level,1,range,70.0,95.0,1.0,1,70.0,95.0,26,83.0,83.0,83.0,,0.52,0.0,0.0,0.0,1,0.0,0.0,0.113,,0,,,,UNCLEAR,only 1 crowned runs; needs 4 more,,,False
RSIDIV,use_hidden_bull,Include hidden bullish divergence,1,switch,0.0,1.0,,1,0.0,1.0,2,0.0,0.0,0.0,,0.0,1.0,1.0,0.0,0,,,,,0,,,,UNCLEAR,only 1 crowned runs; needs 4 more,,,False
TTIBS,ma200,200-session regime filter,12,switch,0.0,1.0,,1,0.0,1.0,2,0.0,0.0,0.0,0.0,0.0,1.0,1.0,0.0,0,,,,,7,1.0,0.0,1.0,FREEZE,"an on/off switch crowned the same way in all 12 runs; the search is paying for a setting it never changes -- BUT the finalists never varied it in 100% of runs, so the zero-power reading is partly an artifact",,,True
TTIBS,mon_drop,Monday drop threshold (fraction),12,range,0.0,0.05,0.0025,1,0.0,0.05,21,0.01,0.01,0.01,0.0,0.19999999999999998,0.0,0.0,0.0,12,0.0,0.098,0.09,,7,1.0,0.0,1.0,FREEZE,"predictive power 0 over 12 runs and the crown moves across only 0% of the range -- BUT the finalists never varied it in 100% of runs, so the zero-power reading is partly an artifact",,,True
TTIBS,hold_cap,Max hold (trading days),12,range,1.0,10.0,1.0,1,1.0,10.0,10,7.0,7.0,7.0,0.11111111111111116,0.6666666666666666,0.0,0.0,0.0,12,0.027500000000000004,0.08149999999999999,0.34199999999999997,0.5443324534025429,7,0.0,1.0,4.0,KEEP,"predictive power 0.03 over 12 runs, crowns interior (0% on an edge)",,,False
TTIBS,cut_bars,Decide N bars before the close,1,range,1.0,12.0,1.0,1,1.0,12.0,12,2.0,2.0,2.0,,0.09090909090909091,0.0,0.0,0.0,1,0.0,0.097,0.305,,1,0.0,1.0,2.0,UNCLEAR,only 1 crowned runs; needs 4 more,,,False
TTIBS,ibs_entry,IBS entry threshold,12,range,0.05,0.4,0.05,1,0.05,0.4,8,0.4,0.4,0.4,0.0,1.0,0.9166666666666666,0.0,0.9166666666666666,12,0.162,0.382,0.5135,0.13101394402234404,7,0.0,1.0,2.0,WIDEN,92% of crowns sit on the declared maximum,0.05,0.6000000000000001,False
TTMSQZ,kc_mult,Keltner ATR multiplier,13,range,1.0,2.5,0.25,3,1.0,2.5,7,1.5,1.5,1.75,0.5,0.8333333333333334,0.46153846153846156,0.0,0.46153846153846156,13,0.281,0.312,0.559,-0.5088184851280617,13,0.07692307692307693,0.8461538461538461,2.0,KEEP,"predictive power 0.28 over 13 runs, crowns interior (46% on an edge)",,,False
TTMSQZ,bb_mult,Bollinger stdev multiplier,5,range,1.0,3.0,0.25,1,1.0,3.0,9,2.25,2.25,1.5,0.5,0.25,0.2,0.2,0.0,5,0.0,0.056,0.094,0.20519567041703085,5,0.0,1.0,6.0,UNCLEAR,predictive power 0 but the crown wanders (50% of the range) -- no single value to pin,,,False
TTMSQZ,confirm_bars,Momentum-strengthening confirmation bars,2,range,0.0,3.0,1.0,1,0.0,3.0,4,0.0,0.0,0.5,0.16666666666666669,0.16666666666666666,0.5,0.5,0.0,2,0.004,0.024,0.051,,2,0.0,0.0,3.5,UNCLEAR,only 2 crowned runs; needs 3 more,,,False
TTMSQZ,eod_cutoff,No entries inside the last N bars of the session,10,range,0.0,12.0,1.0,2,0.0,12.0,13,1.0,1.0,1.5,0.22916666666666666,0.08333333333333333,0.5,0.5,0.0,10,0.0,0.034,0.05499999999999999,-0.7778920850768356,10,0.0,0.8,4.5,UNCLEAR,predictive power 0 but the crown wanders (23% of the range) -- no single value to pin,,,False
TTMSQZ,fade_bars,Consecutive fading histogram bars to exit (fade mode),5,range,1.0,4.0,1.0,1,1.0,4.0,4,3.0,3.0,3.0,0.3333333333333333,0.6666666666666666,0.4,0.2,0.2,5,0.0,0.0,0.013,0.8207826816681234,5,0.0,0.8,4.0,UNCLEAR,predictive power 0 but the crown wanders (33% of the range) -- no single value to pin,,,False
TTMSQZ,gate_ratio,Compression threshold on the verification timeframe,3,range,1.0,1.3,0.15,1,1.0,1.3,3,1.15,1.15,1.3,0.5,1.0,0.6666666666666666,0.0,0.6666666666666666,3,0.0,0.053,0.258,-0.5,3,0.0,0.6666666666666666,3.0,UNCLEAR,only 3 crowned runs; needs 2 more,,,False
TTMSQZ,min_sq_bars,Minimum bars in squeeze before a fire counts,5,range,1.0,12.0,1.0,2,1.0,14.0,12,5.0,5.0,7.0,0.18181818181818177,0.46153846153846156,0.0,0.0,0.0,5,0.0,0.052,0.02,-0.21081851067789195,5,0.0,0.8,7.0,UNCLEAR,predictive power 0 but the crown wanders (18% of the range) -- no single value to pin,,,False
TTMSQZ,target_mult,Range-projection target multiple (target mode),2,range,0.5,3.0,0.5,1,0.5,3.0,6,1.0,1.0,1.5,0.2,0.4,0.0,0.0,0.0,2,0.0,0.036000000000000004,0.0775,,2,0.0,1.0,5.0,UNCLEAR,only 2 crowned runs; needs 3 more,,,False
TTMSQZ,gate_len,Verification squeeze length,8,range,16.0,24.0,4.0,2,14.0,24.0,3,20.0,20.0,15.0,0.5833333333333334,0.0,0.625,0.625,0.0,8,0.0,0.3195,0.246,0.27006573887713003,8,0.0,0.5,2.5,WIDEN,62% of crowns sit on the declared minimum,12.0,24.0,False
TTMSQZ,length,Squeeze length (BB / Keltner / momentum),8,range,10.0,40.0,2.0,2,10.0,40.0,16,16.0,16.0,14.0,0.2,0.03333333333333333,0.5,0.5,0.0,8,0.0145,0.173,0.3495,0.3682714621051773,8,0.0,0.75,4.0,WIDEN,50% of crowns sit on the declared minimum,4.0,40.0,False
TTMSQZ,stop_atr,"Protective stop, ATR multiples",10,range,0.5,4.0,0.25,2,0.5,4.0,15,1.5,1.5,2.5,0.9107142857142857,0.8571428571428571,0.7,0.3,0.4,10,0.0,0.0,0.0785,-0.805142657476059,10,0.0,1.0,5.0,WIDEN,"70% of crowns sit on a declared edge, split between both ends (30% bottom / 40% top) -- the knob is either switched off or pushed to the ceiling, never in between",0.5,5.75,False
