rid,fam,strategy,instrument,lb_from,lb_to,years,mult,n_cands,n_curves,n_idle,n_unknown,n_weight,crown_net,crown_pf,crown_dd,crown_mar,pool_net,pool_pf,pool_dd,pool_mar,top3_net,top3_pf,top3_dd,top3_mar,rand_net,rand_pf,rand_dd,rand_mar,dd_thinning_gap,profit_corr,frozen_share,mean_param_dist,near_dupe_pairs,exact_dupe_pairs,distinct_configs,distinct_curves,identical_curve_pairs
169,TTIBS,TTIBS_1_0.py,NQ,2025-07-16,2026-07-16,0.9993,20.0,5,3,0,2,3,-8606.0,0.9449,-67854.0,-0.1269,1403.3333,1.0104,-51862.0,0.0271,1403.3333,1.0104,-51862.0,0.0271,1403.3333,1.0156,-54431.3333,0.0648,,0.8476,0.8571,0.1905,0,0,3,3,0
170,TTIBS,TTIBS_1_0.py,NQ,2025-07-16,2026-07-16,0.9993,20.0,5,3,0,2,3,27270.0,1.2317,-44944.0,0.6072,13361.3333,1.1074,-46794.6667,0.2857,13361.3333,1.1074,-46794.6667,0.2857,13361.3333,1.1112,-46794.6667,0.3095,,0.9105,0.8571,0.1429,0,0,3,3,0
174,TTIBS,TTIBS_1_0.py,NQ,2025-07-16,2026-07-16,0.9993,20.0,5,3,0,2,3,27270.0,1.2317,-44944.0,0.6072,13361.3333,1.1074,-46794.6667,0.2857,13361.3333,1.1074,-46794.6667,0.2857,13361.3333,1.1112,-46794.6667,0.3095,,0.9105,0.8571,0.1429,0,0,3,3,0
180,ORB,ORB_3_0_ENS.py,NQ,2025-06-30,2026-06-30,0.9993,20.0,5,3,0,2,3,67492.0,1.9066,-8102.0,8.336,68145.3333,1.9199,-8101.3333,8.4174,68145.3333,1.9199,-8101.3333,8.4174,68145.3333,1.9184,-8101.3333,8.4174,,0.9984,0.7778,0.6667,0,0,3,3,0
181,ORB,ORB_3_0.py,NQ,2025-06-30,2026-06-30,0.9993,20.0,5,3,0,2,3,20548.0,1.2093,-16236.0,1.2664,43038.0,1.5361,-9740.6667,4.4214,43038.0,1.5361,-9740.6667,4.4214,43038.0,1.5566,-16262.0,3.7369,,0.1591,0.2,0.4891,0,0,3,3,0
183,ENGU-Q,ENGUQ_1M_CTX_1_0.py,NQ,2025-06-30,2026-06-30,0.9993,20.0,5,3,0,2,3,78842.0,1.4384,-65634.0,1.2021,77066.6667,1.4329,-67276.0,1.1463,77066.6667,1.4329,-67276.0,1.1463,77066.6667,1.4267,-67276.0,1.1489,,0.957,0.8462,0.2111,0,0,3,2,1
184,ORB,ORB_3_0_ENS.py,NQ,2025-06-30,2026-06-30,0.9993,20.0,5,3,0,2,3,67492.0,1.9066,-8102.0,8.336,68145.3333,1.9199,-8101.3333,8.4174,68145.3333,1.9199,-8101.3333,8.4174,68145.3333,1.9184,-8101.3333,8.4174,,0.9984,0.7778,0.6667,0,0,3,3,0
185,ORB,ORB_3_0_ENS.py,NQ,2025-06-30,2026-06-30,0.9993,20.0,5,3,0,2,3,67492.0,1.9066,-8102.0,8.336,68145.3333,1.9199,-8101.3333,8.4174,68145.3333,1.9199,-8101.3333,8.4174,68145.3333,1.9184,-8101.3333,8.4174,,0.9984,0.7778,0.6667,0,0,3,3,0
186,ORB,ORB_3_0_ENS.py,NQ,2025-06-30,2026-06-30,0.9993,20.0,5,3,0,2,3,67492.0,1.9066,-8102.0,8.336,68145.3333,1.9199,-8101.3333,8.4174,68145.3333,1.9199,-8101.3333,8.4174,68145.3333,1.9184,-8101.3333,8.4174,,0.9984,0.7778,0.6667,0,0,3,3,0
187,ORB,ORB_3_0_ENS.py,NQ,2025-06-30,2026-06-30,0.9993,20.0,5,3,0,2,3,67492.0,1.9066,-8102.0,8.336,68145.3333,1.9199,-8101.3333,8.4174,68145.3333,1.9199,-8101.3333,8.4174,68145.3333,1.9184,-8101.3333,8.4174,,0.9984,0.7778,0.6667,0,0,3,3,0
188,ENGU-Q,ENGUQ_1M_CTX_1_0.py,NQ,2025-06-30,2026-06-30,0.9993,20.0,5,3,0,2,3,73516.0,1.4032,-70560.0,1.0426,75291.3333,1.4269,-68918.0,1.0932,75291.3333,1.4269,-68918.0,1.0932,75291.3333,1.4149,-68918.0,1.0958,,0.957,0.9231,0.6667,0,0,3,2,1
189,ORB,ORB_3_0_ENS.py,NQ,2025-06-30,2026-06-30,0.9993,20.0,5,3,0,2,3,67492.0,1.9066,-8102.0,8.336,68145.3333,1.9199,-8101.3333,8.4174,68145.3333,1.9199,-8101.3333,8.4174,68145.3333,1.9184,-8101.3333,8.4174,,0.9984,0.7778,0.6667,0,0,3,3,0
190,ENGU-Q,ENGUQ_1M_CTX_1_0.py,ES,2025-06-30,2026-06-30,0.9993,50.0,5,3,0,2,3,15220.0,1.1649,-28930.0,0.5265,15220.0,1.1649,-28931.6667,0.5264,15220.0,1.1649,-28931.6667,0.5264,15220.0,1.1649,-28931.6667,0.5264,,1.0,0.8462,0.2472,1,0,2,2,1
191,ENGU-Q,ENGUQ_5M_1_0.py,ES,2025-06-30,2026-06-30,0.9993,50.0,5,3,0,2,3,-4845.0,0.933,-48850.0,-0.0992,15123.3333,1.2877,-40748.3333,0.3714,15123.3333,1.2877,-40748.3333,0.3714,15123.3333,1.3496,-40756.6667,0.434,,0.24,0.0,0.4658,0,0,3,3,0
192,ORB,ORB_3_0_ENS.py,NQ,2025-06-30,2026-06-30,0.9993,20.0,5,3,0,2,3,67492.0,1.9066,-8102.0,8.336,68145.3333,1.9199,-8101.3333,8.4174,68145.3333,1.9199,-8101.3333,8.4174,68145.3333,1.9184,-8101.3333,8.4174,,0.9984,0.7778,0.6667,0,0,3,3,0
193,ORB,ORB_3_0_ENS.py,NQ,2025-06-30,2026-06-30,0.9993,20.0,5,3,0,2,3,67492.0,1.9066,-8102.0,8.336,68145.3333,1.9199,-8101.3333,8.4174,68145.3333,1.9199,-8101.3333,8.4174,68145.3333,1.9184,-8101.3333,8.4174,,0.9984,0.7778,0.6667,0,0,3,3,0
194,ORB,ORB_3_0_ENS.py,NQ,2025-06-30,2026-06-30,0.9993,20.0,5,3,0,2,3,67492.0,1.9066,-8102.0,8.336,68145.3333,1.9199,-8101.3333,8.4174,68145.3333,1.9199,-8101.3333,8.4174,68145.3333,1.9184,-8101.3333,8.4174,,0.9984,0.7778,0.6667,0,0,3,3,0
195,ORB,ORB_3_0_ENS.py,NQ,2025-06-30,2026-06-30,0.9993,20.0,5,3,0,2,3,67492.0,1.9066,-8102.0,8.336,68145.3333,1.9199,-8101.3333,8.4174,68145.3333,1.9199,-8101.3333,8.4174,68145.3333,1.9184,-8101.3333,8.4174,,0.9984,0.7778,0.6667,0,0,3,3,0
196,ENGU-Q,ENGUQ_1M_ENS_1_0.py,NQ,2025-06-30,2026-06-30,0.9993,20.0,5,3,0,2,3,18880.0,1.2214,-48012.0,0.3935,16548.0,1.1576,-56062.6667,0.2954,16548.0,1.1576,-56062.6667,0.2954,16548.0,1.1583,-56062.6667,0.3006,,0.4564,0.0,0.3037,0,0,3,3,0
197,ENGU-Q,ENGUQ_1M_ENS_1_0.py,NQ,2025-06-30,2026-06-30,0.9993,20.0,5,3,0,2,3,18880.0,1.2214,-48012.0,0.3935,16548.0,1.1576,-56062.6667,0.2954,16548.0,1.1576,-56062.6667,0.2954,16548.0,1.1583,-56062.6667,0.3006,,0.4564,0.0,0.3037,0,0,3,3,0
198,ENGU-Q,ENGUQ_1M_ETH_1_0.py,NQ,2025-06-30,2026-06-30,0.9993,20.0,5,3,0,2,3,53792.0,1.5,-40738.0,1.3213,85558.6667,1.7679,-54592.6667,1.5683,85558.6667,1.7679,-54592.6667,1.5683,85558.6667,1.758,-56551.3333,1.6376,,0.5225,0.0909,0.4414,0,0,3,3,0
199,ORB,ORB_3_0_ENS.py,NQ,2025-06-30,2026-06-30,0.9993,20.0,10,10,0,0,10,67492.0,1.9066,-8102.0,8.336,66051.0,1.8905,-8101.4,8.1586,68042.6667,1.9213,-8101.3333,8.4047,66051.0,1.8886,-8101.4,8.1586,,0.9938,0.7778,0.4059,0,0,10,10,0
200,ORB,ORB_3_0_ENS.py,NQ,2025-06-30,2026-06-30,0.9993,20.0,10,10,0,0,10,67492.0,1.9066,-8102.0,8.336,66051.0,1.8905,-8101.4,8.1586,68042.6667,1.9213,-8101.3333,8.4047,66051.0,1.8886,-8101.4,8.1586,,0.9938,0.7778,0.4059,0,0,10,10,0
201,TTIBS,TTIBS_1_0.py,NQ,2025-07-16,2026-07-16,0.9993,20.0,5,5,0,0,5,26864.0,1.2279,-45010.0,0.5973,7964.0,1.0628,-49250.0,0.1618,12959.3333,1.104,-46859.3333,0.2767,7964.0,1.0688,-52634.4,0.1901,,0.9146,0.7143,0.0937,2,0,4,5,0
202,NOISE,NOISE_1_0.py,NQ,2025-01-15,2026-07-16,1.4976,20.0,10,10,0,0,10,41824.0,1.3575,-21580.0,1.2941,11163.0,1.1035,-22997.4,0.3241,15258.6667,1.1334,-24547.3333,0.4151,11163.0,1.1011,-27045.0,0.3037,,0.5561,0.3,0.4145,1,0,9,10,0
203,NOISE,NOISE_1_0.py,NQ,2025-01-15,2026-07-16,1.4976,20.0,10,10,0,0,10,39508.0,1.3343,-21782.0,1.2111,6712.6,1.0631,-20025.6,0.2238,19700.0,1.1646,-23651.3333,0.5562,6712.6,1.0683,-25468.0,0.2383,,0.4386,0.3,0.4584,0,0,10,10,0
205,ORB,ORB_3_1_125.py,NQ,2025-07-16,2026-07-16,0.9993,20.0,8,8,0,0,8,55758.0,2.1652,-6040.0,9.2378,30175.5,1.6105,-7317.0,4.1269,55510.6667,2.1593,-6040.0,9.1968,30175.5,1.6236,-11860.0,4.7287,,0.882,0.75,0.5714,0,0,8,4,4
206,ORB,ORB_3_1_125C.py,NQ,2025-07-16,2026-07-16,0.9993,20.0,8,8,0,0,8,55758.0,2.1652,-6040.0,9.2378,30175.5,1.6105,-7317.0,4.1269,55510.6667,2.1593,-6040.0,9.1968,30175.5,1.6236,-11860.0,4.7287,,0.882,0.75,0.5714,0,0,8,4,4
207,ORB,ORB_3_1_125C.py,NQ,2025-07-16,2026-07-16,0.9993,20.0,8,8,0,0,8,55758.0,2.1652,-6040.0,9.2378,30175.5,1.6105,-7317.0,4.1269,55510.6667,2.1593,-6040.0,9.1968,30175.5,1.6236,-11860.0,4.7287,,0.882,0.75,0.5714,0,0,8,4,4
208,ORB,ORB_3_1_125C.py,NQ,2025-07-16,2026-07-16,0.9993,20.0,8,8,0,0,8,55758.0,2.1652,-6040.0,9.2378,30175.5,1.6105,-7317.0,4.1269,55510.6667,2.1593,-6040.0,9.1968,30175.5,1.6236,-11860.0,4.7287,,0.882,0.75,0.5714,0,0,8,4,4
209,ORB,ORB_3_4.py,NQ,2025-07-16,2026-07-16,0.9993,20.0,10,10,0,0,10,70434.0,1.773,-29248.0,2.4098,63478.0,2.0184,-5777.0,10.9956,78606.6667,2.0548,-8534.0,9.2173,63478.0,1.8949,-16003.2,4.2124,,0.6247,0.0769,0.296,0,0,10,10,0
210,ORB,ORB_3_4_P080.py,NQ,2025-07-16,2026-07-16,0.9993,20.0,8,8,0,0,8,27190.0,1.4164,-32010.0,0.85,18219.0,1.257,-25030.0,0.7284,27190.0,1.4164,-32010.0,0.85,18219.0,1.2659,-26867.0,0.638,,0.8737,0.7692,0.5714,0,0,8,2,12
213,ORB,ORB_3_4.py,NQ,2025-07-16,2026-07-16,0.9993,20.0,10,10,0,0,10,62174.0,1.5794,-27994.0,2.2225,46185.8,1.5195,-9149.0,5.0516,58567.3333,1.6281,-13825.3333,4.2391,46185.8,1.4671,-18361.6,2.8513,,0.5585,0.1667,0.3008,0,0,10,10,0
221,ORB,ORB_3_4.py,NQ,2025-07-16,2026-07-16,0.9993,20.0,10,10,0,0,10,62174.0,1.5794,-27994.0,2.2225,46185.8,1.5195,-9149.0,5.0516,58567.3333,1.6281,-13825.3333,4.2391,46185.8,1.4671,-18361.6,2.8513,,0.5585,0.1667,0.3008,0,0,10,10,0
222,ORB,ORB_3_5_LD.py,NQ,2025-07-16,2026-07-16,0.9993,20.0,10,10,0,0,10,21526.0,1.2626,-32516.0,0.6625,24274.2,1.3021,-30207.4,0.8041,24184.0,1.3034,-31171.3333,0.7764,24274.2,1.2996,-31241.2,0.7972,,0.8995,0.7333,0.1427,4,0,7,10,0
223,ENGU-Q,ENGUQ_1M_1_0.py,NQ,2025-07-16,2026-07-16,0.9993,20.0,5,5,0,0,5,47698.0,1.2643,-59932.0,0.7964,55241.6,1.3431,-60284.8,0.917,46700.0,1.2713,-67268.6667,0.6947,55241.6,1.3803,-66079.6,0.9485,,0.6326,0.0,0.3106,0,0,5,5,0
224,ENGU-Q,ENGUQ_1M_1_0.py,NQ,2025-07-16,2026-07-16,0.9993,20.0,5,5,0,0,5,3796.0,1.048,-70040.0,0.0542,21950.8,1.3711,-37242.8,0.5898,12686.0,1.1841,-40536.0,0.3132,21950.8,1.5049,-42929.6,0.7877,,0.5819,0.0,0.3543,0,0,5,5,0
225,NOISE,NOISE_1_0.py,NQ,2025-02-11,2026-08-12,1.4976,20.0,10,10,0,0,10,23146.0,1.1947,-23230.0,0.6653,10846.4,1.1079,-20002.6,0.3621,9308.6667,1.0795,-25892.6667,0.2401,10846.4,1.1053,-23842.4,0.406,,0.5569,0.3,0.4439,0,0,10,10,0
228,ORB,ORB_3_5.py,NQ,2025-08-13,2026-08-13,0.9993,20.0,10,10,0,0,10,10390.0,1.0819,-45114.0,0.2305,32794.0,1.2883,-16555.4,1.9822,32515.3333,1.2535,-21409.3333,1.5198,32794.0,1.2608,-28467.8,1.5132,,0.3124,0.1333,0.3076,0,0,10,10,0
231,NOISE,NOISE_1_0.py,NQ,2025-02-11,2026-08-12,1.4976,20.0,10,10,0,0,10,36284.0,1.2996,-31662.0,0.7652,21692.6,1.2018,-29865.6,0.485,23261.3333,1.1968,-35696.6667,0.4351,21692.6,1.1869,-33272.6,0.4679,-0.0345,0.529,0.3,0.4439,0,0,10,10,0
237,NOISE,NOISE_1_0.py,NQ,2025-02-11,2026-08-12,1.4976,20.0,10,10,0,0,10,19468.0,1.1796,-19244.0,0.6755,33658.0,1.3637,-14791.2,1.5195,49560.0,1.5126,-13885.3333,2.3833,33658.0,1.3232,-19220.8,1.1578,-0.0259,0.4527,0.0667,0.4317,0,0,10,10,0
247,ENGU-Q,ENGUQ_1M_ETH_TRAIL_1_0.py,NQ,2025-06-30,2026-06-30,0.9993,20.0,5,5,0,0,5,64968.0,1.3935,-41806.0,1.5551,78622.4,1.5187,-36326.8,2.1658,76752.0,1.5036,-35514.6667,2.1626,78622.4,1.5136,-37126.4,2.1553,-0.133,0.7943,0.9091,0.48,0,0,5,5,0
264,ORB,ORB_3_6.py,NQ,2025-08-13,2026-08-13,0.9993,20.0,10,10,0,0,10,-9752.0,0.9378,-37914.0,-0.2574,34131.8,1.308,-16711.0,2.0439,41380.0,1.3376,-15463.3333,2.6778,34131.8,1.3231,-29386.0,1.8661,-0.1123,0.4729,0.0,0.3329,0,0,10,10,0
268,TTMSQZ,TTMSQZ_1_0.py,NQ,2025-06-30,2026-06-30,0.9993,20.0,10,10,0,0,10,-22462.0,0.8254,-48442.0,-0.464,-15227.2,0.8322,-31686.8,-0.4809,-31312.6667,0.7547,-52506.6667,-0.5968,-15227.2,1.0518,-40184.4,0.0222,0.0,0.3463,0.0,0.283,0,0,10,10,0
269,TTMSQZ,TTMSQZ_1_0.py,ES,2025-06-30,2026-06-30,0.9993,50.0,10,10,0,0,10,-18475.0,0.7016,-30470.0,-0.6067,-10551.0,0.7741,-17464.0,-0.6046,-3618.3333,0.9173,-14533.3333,-0.2491,-10551.0,0.8516,-20606.0,-0.3235,0.0,0.3305,0.1111,0.4017,0,0,10,10,0
270,TTMSQZ,TTMSQZ_1_0.py,NQ,2025-06-30,2026-06-30,0.9993,20.0,10,10,0,0,10,-3300.0,0.9553,-24536.0,-0.1346,-727.4,0.9873,-17921.8,-0.0406,-1497.3333,0.977,-22610.6667,-0.0663,-727.4,1.0781,-24902.4,0.2033,0.0,0.2706,0.0,0.2554,0,0,10,10,0
272,TTMSQZ,TTMSQZ_2_0.py,NQ,2025-06-30,2026-06-30,0.9993,20.0,10,10,0,0,10,1736.0,2.1376,-1170.0,1.4848,2259.0,1.4679,-2439.8,0.9265,1492.6667,1.4467,-1650.6667,0.9049,2259.0,1.334,-3879.2,0.594,-0.0011,0.0684,0.0,0.4258,0,0,10,10,0
274,ORB,ORB_3_4.py,NQ,2025-08-13,2026-08-13,0.9993,20.0,10,10,0,0,10,67446.0,1.5485,-29956.0,2.253,20070.2,1.1733,-21022.6,0.9554,18318.0,1.1298,-30979.3333,0.5917,20070.2,1.1884,-31403.2,0.9562,-0.0157,0.3968,0.0833,0.2894,0,0,10,10,0
277,TTMSQZ,TTMSQZ_2_0.py,ES,2025-06-30,2026-06-30,0.9993,50.0,10,10,0,0,10,-8210.0,0.8074,-18980.0,-0.4329,245.0,1.0251,-4680.0,0.0524,-5078.3333,0.7972,-12818.3333,-0.3964,245.0,1.8636,-5873.0,1.0306,0.0002,0.1002,0.0714,0.3573,0,0,10,10,0
283,ENGU-Q,ENGUQ_1M_ETH_COOLDOWN_1_0.py,NQ,2025-06-30,2026-06-30,0.9993,20.0,6,6,0,0,6,105140.0,1.7055,-24980.0,4.2119,104484.6667,1.7088,-24981.0,4.1854,104673.3333,1.7024,-24980.0,4.1932,104484.6667,1.7043,-24981.0,4.1854,-0.2789,0.9422,0.9167,0.4667,0,0,6,5,1
289,TTMSQZ,TTMSQZ_3_0_ES30N.py,ES,2025-06-30,2026-06-30,0.9993,50.0,10,10,0,0,10,5075.0,2.2672,-3150.0,1.6122,4716.5,1.4686,-5995.5,0.7872,4991.6667,2.2215,-3233.3333,1.5449,4716.5,2.0511,-5995.5,1.4791,-0.0003,0.8204,0.0,0.225,0,0,10,10,0
290,TTMSQZ,TTMSQZ_3_0_R5NQ5.py,NQ,2025-06-30,2026-06-30,0.9993,20.0,10,10,0,0,10,-51596.0,0.728,-60956.0,-0.847,12979.8,1.1262,-21258.0,0.611,-6810.6667,0.9527,-32676.6667,-0.2086,12979.8,1.1517,-26590.2,0.772,-0.0785,0.6843,0.0,0.2417,3,0,8,10,0
291,TTIBS,TTIBS_1_1.py,NQ,2025-07-16,2026-07-16,0.9993,20.0,5,5,0,0,5,-47906.0,0.686,-65178.0,-0.7355,-57271.6,0.6318,-71763.6,-0.7986,-47193.3333,0.6875,-64465.3333,-0.7326,-57271.6,0.6456,-71763.6,-0.7877,0.0,0.8849,0.7143,0.0905,2,0,4,5,0
292,TTMSQZ,TTMSQZ_3_0_R5NQ5.py,NQ,2025-06-30,2026-06-30,0.9993,20.0,10,10,0,0,10,11464.0,1.0904,-38288.0,0.2996,22201.6,1.2322,-18645.6,1.1915,19549.3333,1.1659,-27568.6667,0.7096,22201.6,1.2177,-22145.4,1.0744,-0.1132,0.6593,0.0,0.1759,2,0,8,10,0
293,TTMSQZ,TTMSQZ_3_0_NQ15BN.py,NQ,2025-06-30,2026-06-30,0.9993,20.0,10,10,0,0,10,-60094.0,0.5693,-74404.0,-0.8082,-4019.6,0.936,-17786.6,-0.2261,-21430.6667,0.7496,-30616.6667,-0.7004,-4019.6,0.9968,-21813.0,0.0766,-0.04,0.8378,0.0,0.2333,0,0,10,10,0
295,ENGU-Q,ENGUQ_1M_ETH_1_0.py,ES,2025-08-24,2026-08-24,0.9993,50.0,10,10,0,0,10,39730.0,1.8773,-29790.0,1.3346,23143.0,1.4571,-26286.0,0.881,39218.3333,1.8039,-26835.0,1.4625,23143.0,1.495,-29048.0,0.9339,-0.0,0.4733,0.0,0.3081,0,0,10,10,0
296,TTMSQZ,TTMSQZ_3_0_NQ15BN.py,NQ,2025-06-30,2026-06-30,0.9993,20.0,10,10,0,0,10,-2690.0,0.9573,-19086.0,-0.141,2442.8,1.0453,-14046.4,0.174,-516.0,0.9915,-16826.0,-0.0307,2442.8,1.0522,-16174.8,0.1826,0.0,0.8899,0.25,0.1833,0,0,10,10,0
299,TTMSQZ,TTMSQZ_3_0_ES30N.py,ES,2025-06-30,2026-06-30,0.9993,50.0,10,10,0,0,10,5075.0,2.2672,-3150.0,1.6122,6164.0,1.7841,-4683.5,1.317,4991.6667,2.2215,-3233.3333,1.5449,6164.0,2.0833,-4683.5,1.5407,-0.0003,0.8157,0.0,0.1375,0,0,10,10,0
300,TTIBS,TTIBS_1_3.py,NQ,2025-07-16,2026-07-16,0.9993,20.0,5,5,0,0,5,25360.0,1.1905,-55434.0,0.4578,-29236.0,0.7957,-59402.0,-0.4925,-9780.0,0.9282,-56101.3333,-0.1744,-29236.0,0.8433,-65278.4,-0.3196,-0.0,0.862,0.5,0.2079,1,0,4,5,0
301,TTMSQZ,TTMSQZ_3_0_R5ES15.py,ES,2025-06-30,2026-06-30,0.9993,50.0,10,10,0,0,10,-23225.0,0.5811,-25975.0,-0.8947,-9752.5,0.7517,-14181.0,-0.6882,-14030.0,0.708,-20276.6667,-0.6924,-9752.5,0.7655,-16121.5,-0.5201,-0.0198,0.6689,0.0,0.2556,2,0,8,10,0
302,NOISE,NOISE_1_0.py,NQ,2025-02-11,2026-08-12,1.4976,20.0,10,10,0,0,10,19468.0,1.1796,-19244.0,0.6755,33658.0,1.3637,-14791.2,1.5195,49560.0,1.5126,-13885.3333,2.3833,33658.0,1.3232,-19220.8,1.1578,-0.0259,0.4527,0.0667,0.4317,0,0,10,10,0
303,ORB,ORB_3_6.py,NQ,2025-08-13,2026-08-13,0.9993,20.0,10,10,0,0,10,-9752.0,0.9378,-37914.0,-0.2574,34131.8,1.308,-16711.0,2.0439,41380.0,1.3376,-15463.3333,2.6778,34131.8,1.3231,-29386.0,1.8661,-0.1123,0.4729,0.0,0.3329,0,0,10,10,0
304,NOISE,NOISE_1_1_NBHD.py,NQ,2025-02-11,2026-08-12,1.4976,20.0,10,10,0,0,10,84558.0,1.7863,-19546.0,2.8887,55087.4,1.5211,-20193.6,1.8216,64240.6667,1.5782,-18230.0,2.353,55087.4,1.5167,-24001.2,1.5695,-0.2025,0.7171,0.6667,0.2433,5,0,5,10,0
305,NOISE,NOISE_1_0.py,NQ,2025-02-11,2026-08-12,1.4976,20.0,10,10,0,0,10,24554.0,1.2246,-24632.0,0.6656,15360.0,1.17,-14146.8,0.725,20826.0,1.1706,-19886.0,0.6993,15360.0,1.1762,-20120.0,0.5039,-0.0859,0.5387,0.0667,0.409,0,0,10,10,0
306,NOISE,NOISE_1_0.py,NQ,2025-02-11,2026-08-12,1.4976,20.0,10,10,0,0,10,9826.0,1.1081,-21114.0,0.3107,19566.6,1.2538,-8208.2,1.5917,24082.0,1.3045,-11041.3333,1.4564,19566.6,1.2477,-18323.0,1.0353,-0.0354,0.2111,0.0,0.3628,0,0,10,10,0
307,NQDIP,NQDIP_1_0.py,NQ,2025-08-24,2026-08-24,0.9993,1.0,10,6,0,4,6,5920.0,1.2459,-11998.7,0.4937,9812.0,1.7845,-5726.5333,1.7146,9864.4667,1.6348,-6572.4333,1.5019,9812.0,2.0907,-7725.3333,1.7429,0.0,0.1906,0.4118,0.3384,0,0,6,6,0
309,ENGU-Q,ENGUQ_1M_ETH_ER_1_0.py,NQ,2025-06-30,2026-06-30,0.9993,20.0,10,10,0,0,10,82448.0,1.6153,-46956.0,1.7571,88832.4,1.7021,-48777.0,1.8224,80693.3333,1.6135,-43437.3333,1.859,88832.4,1.7577,-57188.2,1.738,-0.0398,0.5463,0.0,0.2306,0,0,10,10,0
310,ENGU-Q,ENGUQ_1M_ETH_LIM_1_0.py,NQ,2025-06-30,2026-06-30,0.9993,20.0,10,10,0,0,10,34452.0,1.2439,-55850.0,0.6173,78937.2,1.5413,-53333.0,1.4811,42642.0,1.299,-70226.0,0.6076,78937.2,1.5416,-61562.4,1.6444,0.0,0.3532,0.0,0.268,0,0,10,10,0
314,ORB,ORB_3_6_R6.py,NQ,2025-08-13,2026-08-13,0.9993,20.0,10,10,0,0,10,92102.0,1.8451,-20980.0,4.3931,98281.2,1.7947,-20949.6,4.6946,96983.3333,1.8146,-20768.0,4.6731,98281.2,1.7942,-20970.8,4.6951,-0.0848,0.9437,0.6923,0.2347,0,0,10,4,12
316,NOISE,NOISE_1_1_LB51.py,NQ,2025-08-12,2026-08-12,0.9993,20.0,10,10,0,0,10,33624.0,1.4577,-17326.0,1.942,25186.2,1.3424,-17310.2,1.456,27436.6667,1.3734,-17880.0,1.5356,25186.2,1.3281,-17516.6,1.4504,-0.1208,0.8308,0.8,0.4296,0,0,10,10,0
319,NOISE,NOISE_1_2_RYR.py,NQ,2025-08-12,2026-08-12,0.9993,20.0,10,10,0,0,10,11562.0,1.1547,-13112.0,0.8824,9978.6,1.1523,-12784.0,0.7811,4166.0,1.0573,-17406.0,0.2395,9978.6,1.1496,-16147.8,0.7513,-0.2076,0.8236,0.6667,0.2267,0,0,10,10,0
320,ENGU-Q,ENGUQ_1M_ETH_ER_RYR.py,NQ,2025-06-30,2026-06-30,0.9993,20.0,10,10,0,0,10,26798.0,1.4402,-36538.0,0.7339,26356.0,1.4097,-37886.4,0.6961,16877.3333,1.2763,-36657.3333,0.4607,26356.0,1.4243,-38976.0,0.7493,-0.0,0.6339,0.6429,0.1733,6,0,4,10,0
321,NOISE,NOISE_1_1_SBS_V90_SQ.py,NQ,2025-06-30,2026-06-30,0.9993,20.0,10,10,0,0,10,38384.0,2.0208,-7208.0,5.3289,27292.8,2.2686,-3655.4,7.4717,32470.0,2.0385,-7362.0,4.4136,27292.8,2.3501,-6298.8,4.4672,-0.0001,0.4438,0.0,0.1889,0,0,10,10,0
322,NOISE,NOISE_1_3_WIDE.py,NQ,2025-08-12,2026-08-12,0.9993,20.0,10,10,0,0,10,25130.0,1.2992,-23218.0,1.0831,25516.4,1.3171,-21204.0,1.2042,24623.3333,1.2916,-23255.3333,1.0596,25516.4,1.3052,-21563.6,1.194,-0.0098,0.8431,0.7333,0.402,0,0,10,10,0
325,ORB,ORB_3_8_R7.py,NQ,2025-08-13,2026-08-13,0.9993,20.0,10,10,0,0,10,98960.0,1.8202,-21544.0,4.5966,104365.2,2.0218,-19874.6,5.2549,106754.0,2.0102,-19860.6667,5.3789,104365.2,1.9979,-20798.4,5.0411,-0.0136,0.9171,0.6875,0.3267,0,0,10,10,0
326,ENGU-Q,ENGUQ_1M_ETH_REG5.py,NQ,2025-06-30,2026-06-30,0.9993,20.0,10,10,0,0,10,114428.0,1.9569,-22040.0,5.1955,116531.6,1.9671,-21274.8,5.4813,116254.6667,1.9926,-20360.0,5.714,116531.6,1.938,-22349.4,5.2589,-0.2239,0.9646,0.8333,0.4778,0,0,10,10,0
327,NOISE,NOISE_1_1_SBS_V90_MT.py,NQ,2025-02-11,2026-08-12,1.4976,20.0,10,10,0,0,10,68158.0,1.4906,-30050.0,1.5145,62179.2,1.5191,-27294.6,1.5212,68516.6667,1.5167,-29051.3333,1.5748,62179.2,1.513,-28113.0,1.4898,-0.1367,0.9627,0.0,0.3056,0,0,10,10,0
328,ENGU-Q,ENGUQ_1M_ETH_ERW_1_0.py,NQ,2025-06-30,2026-06-30,0.9993,20.0,10,10,0,0,10,85604.0,1.9613,-70202.0,1.2202,75164.2,1.6736,-63350.8,1.1873,89512.0,2.0574,-55370.0,1.6177,75164.2,1.7685,-70946.2,1.253,-0.0,0.4095,0.0,0.2618,0,0,10,10,0
329,GAPGO,GAPGO_TRAVEL_1_0.py,NQ,2025-08-13,2026-08-13,0.9993,20.0,10,10,0,0,10,-12294.0,0.8932,-46142.0,-0.2666,2603.2,1.0308,-29520.2,0.0882,4257.3333,1.0404,-32240.6667,0.1321,2603.2,1.0067,-32751.8,0.0672,-0.035,0.5105,0.25,0.3272,0,0,10,10,0
330,GAPGO,GAPGO_1_0.py,NQ,2025-08-13,2026-08-13,0.9993,20.0,10,10,0,0,10,-42118.0,0.6583,-52306.0,-0.8058,-26474.6,0.711,-37469.4,-0.7071,-19408.0,0.8095,-32787.3333,-0.5924,-26474.6,0.7456,-40841.6,-0.5869,-0.0157,0.7641,0.25,0.2938,0,0,10,10,0
331,NOISE,NOISE_1_1_SBS_V90_CT.py,NQ,2025-06-30,2026-06-30,0.9993,20.0,10,10,0,0,10,101628.0,2.2036,-18886.0,5.3849,86761.2,2.1587,-15623.0,5.5573,95714.0,2.1933,-18164.0,5.2731,86761.2,2.1449,-16036.4,5.4965,-0.1064,0.9506,0.0,0.4944,0,0,10,10,0
333,NOISE,NOISE_1_1_SBS_V90_CT15.py,NQ,2025-06-30,2026-06-30,0.9993,20.0,8,8,0,0,8,82436.0,2.1177,-16866.0,4.8911,75867.0,2.0884,-15372.25,4.9388,79478.6667,2.1044,-16504.6667,4.8189,75867.0,2.0854,-15372.25,4.9882,-0.0706,0.9811,0.0,0.5714,0,0,8,8,0
334,NOISE,NOISE_1_0.py,NQ,2025-02-14,2026-07-16,1.4155,20.0,10,10,0,0,10,59452.0,1.7774,-18638.0,2.2535,16692.2,1.2161,-12819.4,0.9199,28912.6667,1.3537,-13708.6667,1.49,16692.2,1.213,-20358.8,0.6713,-0.0295,0.5399,0.1333,0.411,0,0,10,10,0
335,ENGU-Q,ENGUQ_1M_ETH_R2_1_0.py,NQ,2025-06-30,2026-06-30,0.9993,20.0,10,10,0,0,10,58162.0,1.5404,-46588.0,1.2493,56004.0,1.4275,-47562.8,1.1783,44551.3333,1.3928,-49445.3333,0.9017,56004.0,1.4199,-57910.4,1.0375,-0.0249,0.2922,0.0,0.2822,0,0,10,10,0
340,TTMSQZ,TTMSQZ_3_0_ES30T.py,ES,2025-06-30,2026-06-30,0.9993,50.0,10,10,0,0,10,7070.0,2.4414,-4055.0,1.7447,8191.0,1.9386,-5463.0,1.5004,9163.3333,2.2587,-4838.3333,1.8952,8191.0,2.2612,-5463.0,1.7054,0.0004,0.8818,0.0,0.225,0,0,10,10,0
